/*
SQLyog Ultimate v10.00 Beta1
MySQL - 5.5.27 : Database - payapp_db2
*********************************************************************
*/

/*!40101 SET NAMES utf8 */;

/*!40101 SET SQL_MODE=''*/;

/*!40014 SET @OLD_UNIQUE_CHECKS=@@UNIQUE_CHECKS, UNIQUE_CHECKS=0 */;
/*!40014 SET @OLD_FOREIGN_KEY_CHECKS=@@FOREIGN_KEY_CHECKS, FOREIGN_KEY_CHECKS=0 */;
/*!40101 SET @OLD_SQL_MODE=@@SQL_MODE, SQL_MODE='NO_AUTO_VALUE_ON_ZERO' */;
/*!40111 SET @OLD_SQL_NOTES=@@SQL_NOTES, SQL_NOTES=0 */;
/*Table structure for table `bank_payments` */

DROP TABLE IF EXISTS `bank_payments`;

CREATE TABLE `bank_payments` (
  `bank_id` int(11) NOT NULL AUTO_INCREMENT,
  `employee_id` int(11) NOT NULL,
  `bank_name` varchar(100) NOT NULL,
  `bank_country` varchar(100) DEFAULT NULL,
  `bank_account_no` varchar(100) NOT NULL,
  `bank_swift_code` varchar(100) DEFAULT NULL,
  `status` char(1) DEFAULT '0',
  PRIMARY KEY (`bank_id`)
) ENGINE=InnoDB AUTO_INCREMENT=5 DEFAULT CHARSET=latin1;

/*Data for the table `bank_payments` */

insert  into `bank_payments`(`bank_id`,`employee_id`,`bank_name`,`bank_country`,`bank_account_no`,`bank_swift_code`,`status`) values (3,59,'barclyes','Pakistan','455511-554-554','455411-41','1'),(4,59,'Sample Bank','Haiti','1231234','293H78','1');

/*Table structure for table `base` */

DROP TABLE IF EXISTS `base`;

CREATE TABLE `base` (
  `base_id` int(11) NOT NULL AUTO_INCREMENT,
  `base_name` varchar(50) NOT NULL,
  `n_work_day` double(2,0) DEFAULT NULL,
  `company_id` int(11) NOT NULL,
  `status` char(1) NOT NULL DEFAULT '1',
  PRIMARY KEY (`base_id`),
  KEY `company_id` (`company_id`),
  CONSTRAINT `base_ibfk_1` FOREIGN KEY (`company_id`) REFERENCES `companies` (`company_id`)
) ENGINE=InnoDB AUTO_INCREMENT=15 DEFAULT CHARSET=utf8;

/*Data for the table `base` */

insert  into `base`(`base_id`,`base_name`,`n_work_day`,`company_id`,`status`) values (1,'KIOSK 1',26,1,'1'),(2,'KIOSK 2',26,1,'1'),(3,'KIOSK 3',26,1,'1'),(4,'KIOSK 4',26,1,'1'),(5,'HQ_O',26,1,'1'),(6,'HQ_S',22,1,'1'),(7,'REGION 1 ',26,1,'1'),(8,'Kiosk 5',26,1,'1'),(9,'Kiosk 6',26,1,'1'),(10,'Kiosk 7',26,1,'1'),(11,'Kiosk 8',26,1,'1'),(12,'Kiosk 9',26,1,'1'),(13,'Kiosk 10',26,1,'1'),(14,'Region 3',26,1,'1');

/*Table structure for table `benefit_types` */

DROP TABLE IF EXISTS `benefit_types`;

CREATE TABLE `benefit_types` (
  `benefit_type_id` int(11) NOT NULL AUTO_INCREMENT,
  `company_id` int(11) NOT NULL,
  `order` int(11) NOT NULL,
  `benefit_type` varchar(100) NOT NULL,
  `tax_multiplier` double(11,5) NOT NULL DEFAULT '0.10000',
  `status` char(1) DEFAULT '1',
  PRIMARY KEY (`benefit_type_id`)
) ENGINE=InnoDB AUTO_INCREMENT=12 DEFAULT CHARSET=latin1;

/*Data for the table `benefit_types` */

insert  into `benefit_types`(`benefit_type_id`,`company_id`,`order`,`benefit_type`,`tax_multiplier`,`status`) values (5,1,1,'Commission',0.10000,'1'),(6,1,2,'13th Month Bonus',0.10000,'1'),(7,1,0,'KPI Bonus',0.00000,'1'),(8,1,0,'R&R',0.00000,'1'),(9,1,0,'Overtime',0.10000,'1'),(10,1,0,'Transportation Allowance',0.00000,'1'),(11,1,0,'Pension',0.00000,'1');

/*Table structure for table `clients` */

DROP TABLE IF EXISTS `clients`;

CREATE TABLE `clients` (
  `client_id` int(11) NOT NULL AUTO_INCREMENT,
  `client_name` varchar(100) NOT NULL,
  `user_id` int(11) NOT NULL,
  `subscription_plan_id` int(11) NOT NULL,
  `status` char(1) NOT NULL DEFAULT '1',
  PRIMARY KEY (`client_id`),
  UNIQUE KEY `UNIQUE` (`user_id`),
  KEY `subscription_plan_id` (`subscription_plan_id`),
  CONSTRAINT `clients_ibfk_2` FOREIGN KEY (`subscription_plan_id`) REFERENCES `subscription_plans` (`subscription_plan_id`),
  CONSTRAINT `clients_ibfk_3` FOREIGN KEY (`user_id`) REFERENCES `users` (`user_id`)
) ENGINE=InnoDB AUTO_INCREMENT=2 DEFAULT CHARSET=latin1;

/*Data for the table `clients` */

insert  into `clients`(`client_id`,`client_name`,`user_id`,`subscription_plan_id`,`status`) values (1,'Dlo Haiti',7,1,'1');

/*Table structure for table `companies` */

DROP TABLE IF EXISTS `companies`;

CREATE TABLE `companies` (
  `company_id` int(11) NOT NULL AUTO_INCREMENT,
  `company_name` varchar(100) NOT NULL,
  `address_line_1` varchar(100) DEFAULT NULL,
  `address_line_2` varchar(100) DEFAULT NULL,
  `city` varchar(50) DEFAULT NULL,
  `zip_postal_code` varchar(50) DEFAULT NULL,
  `country` varchar(50) DEFAULT NULL,
  `phone` varchar(100) DEFAULT NULL,
  `fax` varchar(100) DEFAULT NULL,
  `email` varchar(100) DEFAULT NULL,
  `company_logo` varchar(255) DEFAULT NULL,
  `fiscal_year_start` date DEFAULT NULL,
  `overtime_multiplier` decimal(11,2) NOT NULL DEFAULT '1.50',
  `client_id` int(11) NOT NULL,
  `status` char(1) NOT NULL DEFAULT '1',
  PRIMARY KEY (`company_id`),
  KEY `client_id` (`client_id`),
  CONSTRAINT `companies_ibfk_1` FOREIGN KEY (`client_id`) REFERENCES `clients` (`client_id`)
) ENGINE=InnoDB AUTO_INCREMENT=7 DEFAULT CHARSET=latin1;

/*Data for the table `companies` */

insert  into `companies`(`company_id`,`company_name`,`address_line_1`,`address_line_2`,`city`,`zip_postal_code`,`country`,`phone`,`fax`,`email`,`company_logo`,`fiscal_year_start`,`overtime_multiplier`,`client_id`,`status`) values (1,'Dlo Haiti Operations S.A.','177, Rue Faubert','addres453','Petionville','6412','99','3054071346','1239877896','alexandra@dlohaiti.com','dloHaiti Logo-2.pdf','2015-05-01','1.50',1,'1'),(6,'SampleCompany Inc','test','test','Moscow','12345','1','1315684569','4511554','dummy@dummy.com','office-clocks.jpg','2015-06-10','1.50',1,'1');

/*Table structure for table `contract_types` */

DROP TABLE IF EXISTS `contract_types`;

CREATE TABLE `contract_types` (
  `contract_type_id` int(11) NOT NULL AUTO_INCREMENT,
  `contract_type` varchar(100) NOT NULL,
  `taxable_salary_multiple` double(11,5) NOT NULL DEFAULT '1.00000',
  `company_id` int(11) NOT NULL,
  `status` char(1) DEFAULT '1',
  PRIMARY KEY (`contract_type_id`)
) ENGINE=InnoDB AUTO_INCREMENT=5 DEFAULT CHARSET=latin1;

/*Data for the table `contract_types` */

insert  into `contract_types`(`contract_type_id`,`contract_type`,`taxable_salary_multiple`,`company_id`,`status`) values (1,'DHI',0.00000,1,'1'),(2,'DHOSA 100%',1.00000,1,'1'),(4,'DHI 60% DHOSA 40%',1.00000,1,'1');

/*Table structure for table `countries` */

DROP TABLE IF EXISTS `countries`;

CREATE TABLE `countries` (
  `country_id` int(5) NOT NULL AUTO_INCREMENT,
  `countryCode` char(2) NOT NULL DEFAULT '',
  `countryName` varchar(45) NOT NULL DEFAULT '',
  `fipsCode` char(2) DEFAULT NULL,
  `isoNumeric` char(4) DEFAULT NULL,
  `languages` varchar(100) DEFAULT NULL,
  `isoAlpha3` char(3) DEFAULT NULL,
  `status` varchar(100) DEFAULT NULL,
  PRIMARY KEY (`country_id`)
) ENGINE=MyISAM AUTO_INCREMENT=251 DEFAULT CHARSET=utf8;

/*Data for the table `countries` */

insert  into `countries`(`country_id`,`countryCode`,`countryName`,`fipsCode`,`isoNumeric`,`languages`,`isoAlpha3`,`status`) values (1,'AD','Andorra','AN','020','ca','AND',NULL),(2,'AE','United Arab Emirates','AE','784','ar-AE,fa,en,hi,ur','ARE',NULL),(3,'AF','Afghanistan','AF','004','fa-AF,ps,uz-AF,tk','AFG',NULL),(4,'AG','Antigua and Barbuda','AC','028','en-AG','ATG',NULL),(5,'AI','Anguilla','AV','660','en-AI','AIA',NULL),(6,'AL','Albania','AL','008','sq,el','ALB',NULL),(7,'AM','Armenia','AM','051','hy','ARM',NULL),(8,'AO','Angola','AO','024','pt-AO','AGO',NULL),(9,'AQ','Antarctica','AY','010','','ATA',NULL),(10,'AR','Argentina','AR','032','es-AR,en,it,de,fr,gn','ARG',NULL),(11,'AS','American Samoa','AQ','016','en-AS,sm,to','ASM',NULL),(12,'AT','Austria','AU','040','de-AT,hr,hu,sl','AUT',NULL),(13,'AU','Australia','AS','036','en-AU','AUS',NULL),(14,'AW','Aruba','AA','533','nl-AW,es,en','ABW',NULL),(15,'AX','Åland','','248','sv-AX','ALA',NULL),(16,'AZ','Azerbaijan','AJ','031','az,ru,hy','AZE',NULL),(17,'BA','Bosnia and Herzegovina','BK','070','bs,hr-BA,sr-BA','BIH',NULL),(18,'BB','Barbados','BB','052','en-BB','BRB',NULL),(19,'BD','Bangladesh','BG','050','bn-BD,en','BGD',NULL),(20,'BE','Belgium','BE','056','nl-BE,fr-BE,de-BE','BEL',NULL),(21,'BF','Burkina Faso','UV','854','fr-BF','BFA',NULL),(22,'BG','Bulgaria','BU','100','bg,tr-BG,rom','BGR',NULL),(23,'BH','Bahrain','BA','048','ar-BH,en,fa,ur','BHR',NULL),(24,'BI','Burundi','BY','108','fr-BI,rn','BDI',NULL),(25,'BJ','Benin','BN','204','fr-BJ','BEN',NULL),(26,'BL','Saint Barthélemy','TB','652','fr','BLM',NULL),(27,'BM','Bermuda','BD','060','en-BM,pt','BMU',NULL),(28,'BN','Brunei','BX','096','ms-BN,en-BN','BRN',NULL),(29,'BO','Bolivia','BL','068','es-BO,qu,ay','BOL',NULL),(30,'BQ','Bonaire','','535','nl,pap,en','BES',NULL),(31,'BR','Brazil','BR','076','pt-BR,es,en,fr','BRA',NULL),(32,'BS','Bahamas','BF','044','en-BS','BHS',NULL),(33,'BT','Bhutan','BT','064','dz','BTN',NULL),(34,'BV','Bouvet Island','BV','074','','BVT',NULL),(35,'BW','Botswana','BC','072','en-BW,tn-BW','BWA',NULL),(36,'BY','Belarus','BO','112','be,ru','BLR',NULL),(37,'BZ','Belize','BH','084','en-BZ,es','BLZ',NULL),(38,'CA','Canada','CA','124','en-CA,fr-CA,iu','CAN',NULL),(39,'CC','Cocos [Keeling] Islands','CK','166','ms-CC,en','CCK',NULL),(40,'CD','Democratic Republic of the Congo','CG','180','fr-CD,ln,kg','COD',NULL),(41,'CF','Central African Republic','CT','140','fr-CF,sg,ln,kg','CAF',NULL),(42,'CG','Republic of the Congo','CF','178','fr-CG,kg,ln-CG','COG',NULL),(43,'CH','Switzerland','SZ','756','de-CH,fr-CH,it-CH,rm','CHE',NULL),(44,'CI','Ivory Coast','IV','384','fr-CI','CIV',NULL),(45,'CK','Cook Islands','CW','184','en-CK,mi','COK',NULL),(46,'CL','Chile','CI','152','es-CL','CHL',NULL),(47,'CM','Cameroon','CM','120','en-CM,fr-CM','CMR',NULL),(48,'CN','China','CH','156','zh-CN,yue,wuu,dta,ug,za','CHN',NULL),(49,'CO','Colombia','CO','170','es-CO','COL',NULL),(50,'CR','Costa Rica','CS','188','es-CR,en','CRI',NULL),(51,'CU','Cuba','CU','192','es-CU','CUB',NULL),(52,'CV','Cape Verde','CV','132','pt-CV','CPV',NULL),(53,'CW','Curacao','UC','531','nl,pap','CUW',NULL),(54,'CX','Christmas Island','KT','162','en,zh,ms-CC','CXR',NULL),(55,'CY','Cyprus','CY','196','el-CY,tr-CY,en','CYP',NULL),(56,'CZ','Czech Republic','EZ','203','cs,sk','CZE',NULL),(57,'DE','Germany','GM','276','de','DEU',NULL),(58,'DJ','Djibouti','DJ','262','fr-DJ,ar,so-DJ,aa','DJI',NULL),(59,'DK','Denmark','DA','208','da-DK,en,fo,de-DK','DNK',NULL),(60,'DM','Dominica','DO','212','en-DM','DMA',NULL),(61,'DO','Dominican Republic','DR','214','es-DO','DOM',NULL),(62,'DZ','Algeria','AG','012','ar-DZ','DZA',NULL),(63,'EC','Ecuador','EC','218','es-EC','ECU',NULL),(64,'EE','Estonia','EN','233','et,ru','EST',NULL),(65,'EG','Egypt','EG','818','ar-EG,en,fr','EGY',NULL),(66,'EH','Western Sahara','WI','732','ar,mey','ESH',NULL),(67,'ER','Eritrea','ER','232','aa-ER,ar,tig,kun,ti-ER','ERI',NULL),(68,'ES','Spain','SP','724','es-ES,ca,gl,eu,oc','ESP',NULL),(69,'ET','Ethiopia','ET','231','am,en-ET,om-ET,ti-ET,so-ET,sid','ETH',NULL),(70,'FI','Finland','FI','246','fi-FI,sv-FI,smn','FIN',NULL),(71,'FJ','Fiji','FJ','242','en-FJ,fj','FJI',NULL),(72,'FK','Falkland Islands','FK','238','en-FK','FLK',NULL),(73,'FM','Micronesia','FM','583','en-FM,chk,pon,yap,kos,uli,woe,nkr,kpg','FSM',NULL),(74,'FO','Faroe Islands','FO','234','fo,da-FO','FRO',NULL),(75,'FR','France','FR','250','fr-FR,frp,br,co,ca,eu,oc','FRA',NULL),(76,'GA','Gabon','GB','266','fr-GA','GAB',NULL),(77,'GB','United Kingdom','UK','826','en-GB,cy-GB,gd','GBR',NULL),(78,'GD','Grenada','GJ','308','en-GD','GRD',NULL),(79,'GE','Georgia','GG','268','ka,ru,hy,az','GEO',NULL),(80,'GF','French Guiana','FG','254','fr-GF','GUF',NULL),(81,'GG','Guernsey','GK','831','en,fr','GGY',NULL),(82,'GH','Ghana','GH','288','en-GH,ak,ee,tw','GHA',NULL),(83,'GI','Gibraltar','GI','292','en-GI,es,it,pt','GIB',NULL),(84,'GL','Greenland','GL','304','kl,da-GL,en','GRL',NULL),(85,'GM','Gambia','GA','270','en-GM,mnk,wof,wo,ff','GMB',NULL),(86,'GN','Guinea','GV','324','fr-GN','GIN',NULL),(87,'GP','Guadeloupe','GP','312','fr-GP','GLP',NULL),(88,'GQ','Equatorial Guinea','EK','226','es-GQ,fr','GNQ',NULL),(89,'GR','Greece','GR','300','el-GR,en,fr','GRC',NULL),(90,'GS','South Georgia and the South Sandwich Islands','SX','239','en','SGS',NULL),(91,'GT','Guatemala','GT','320','es-GT','GTM',NULL),(92,'GU','Guam','GQ','316','en-GU,ch-GU','GUM',NULL),(93,'GW','Guinea-Bissau','PU','624','pt-GW,pov','GNB',NULL),(94,'GY','Guyana','GY','328','en-GY','GUY',NULL),(95,'HK','Hong Kong','HK','344','zh-HK,yue,zh,en','HKG',NULL),(96,'HM','Heard Island and McDonald Islands','HM','334','','HMD',NULL),(97,'HN','Honduras','HO','340','es-HN','HND',NULL),(98,'HR','Croatia','HR','191','hr-HR,sr','HRV',NULL),(99,'HT','Haiti','HA','332','ht,fr-HT','HTI',NULL),(100,'HU','Hungary','HU','348','hu-HU','HUN',NULL),(101,'ID','Indonesia','ID','360','id,en,nl,jv','IDN',NULL),(102,'IE','Ireland','EI','372','en-IE,ga-IE','IRL',NULL),(103,'IL','Israel','IS','376','he,ar-IL,en-IL,','ISR',NULL),(104,'IM','Isle of Man','IM','833','en,gv','IMN',NULL),(105,'IN','India','IN','356','en-IN,hi,bn,te,mr,ta,ur,gu,kn,ml,or,pa,as,bh,sat,ks,ne,sd,kok,doi,mni,sit,sa,fr,lus,inc','IND',NULL),(106,'IO','British Indian Ocean Territory','IO','086','en-IO','IOT',NULL),(107,'IQ','Iraq','IZ','368','ar-IQ,ku,hy','IRQ',NULL),(108,'IR','Iran','IR','364','fa-IR,ku','IRN',NULL),(109,'IS','Iceland','IC','352','is,en,de,da,sv,no','ISL',NULL),(110,'IT','Italy','IT','380','it-IT,de-IT,fr-IT,sc,ca,co,sl','ITA',NULL),(111,'JE','Jersey','JE','832','en,pt','JEY',NULL),(112,'JM','Jamaica','JM','388','en-JM','JAM',NULL),(113,'JO','Jordan','JO','400','ar-JO,en','JOR',NULL),(114,'JP','Japan','JA','392','ja','JPN',NULL),(115,'KE','Kenya','KE','404','en-KE,sw-KE','KEN',NULL),(116,'KG','Kyrgyzstan','KG','417','ky,uz,ru','KGZ',NULL),(117,'KH','Cambodia','CB','116','km,fr,en','KHM',NULL),(118,'KI','Kiribati','KR','296','en-KI,gil','KIR',NULL),(119,'KM','Comoros','CN','174','ar,fr-KM','COM',NULL),(120,'KN','Saint Kitts and Nevis','SC','659','en-KN','KNA',NULL),(121,'KP','North Korea','KN','408','ko-KP','PRK',NULL),(122,'KR','South Korea','KS','410','ko-KR,en','KOR',NULL),(123,'KW','Kuwait','KU','414','ar-KW,en','KWT',NULL),(124,'KY','Cayman Islands','CJ','136','en-KY','CYM',NULL),(125,'KZ','Kazakhstan','KZ','398','kk,ru','KAZ',NULL),(126,'LA','Laos','LA','418','lo,fr,en','LAO',NULL),(127,'LB','Lebanon','LE','422','ar-LB,fr-LB,en,hy','LBN',NULL),(128,'LC','Saint Lucia','ST','662','en-LC','LCA',NULL),(129,'LI','Liechtenstein','LS','438','de-LI','LIE',NULL),(130,'LK','Sri Lanka','CE','144','si,ta,en','LKA',NULL),(131,'LR','Liberia','LI','430','en-LR','LBR',NULL),(132,'LS','Lesotho','LT','426','en-LS,st,zu,xh','LSO',NULL),(133,'LT','Lithuania','LH','440','lt,ru,pl','LTU',NULL),(134,'LU','Luxembourg','LU','442','lb,de-LU,fr-LU','LUX',NULL),(135,'LV','Latvia','LG','428','lv,ru,lt','LVA',NULL),(136,'LY','Libya','LY','434','ar-LY,it,en','LBY',NULL),(137,'MA','Morocco','MO','504','ar-MA,fr','MAR',NULL),(138,'MC','Monaco','MN','492','fr-MC,en,it','MCO',NULL),(139,'MD','Moldova','MD','498','ro,ru,gag,tr','MDA',NULL),(140,'ME','Montenegro','MJ','499','sr,hu,bs,sq,hr,rom','MNE',NULL),(141,'MF','Saint Martin','RN','663','fr','MAF',NULL),(142,'MG','Madagascar','MA','450','fr-MG,mg','MDG',NULL),(143,'MH','Marshall Islands','RM','584','mh,en-MH','MHL',NULL),(144,'MK','Macedonia','MK','807','mk,sq,tr,rmm,sr','MKD',NULL),(145,'ML','Mali','ML','466','fr-ML,bm','MLI',NULL),(146,'MM','Myanmar [Burma]','BM','104','my','MMR',NULL),(147,'MN','Mongolia','MG','496','mn,ru','MNG',NULL),(148,'MO','Macao','MC','446','zh,zh-MO,pt','MAC',NULL),(149,'MP','Northern Mariana Islands','CQ','580','fil,tl,zh,ch-MP,en-MP','MNP',NULL),(150,'MQ','Martinique','MB','474','fr-MQ','MTQ',NULL),(151,'MR','Mauritania','MR','478','ar-MR,fuc,snk,fr,mey,wo','MRT',NULL),(152,'MS','Montserrat','MH','500','en-MS','MSR',NULL),(153,'MT','Malta','MT','470','mt,en-MT','MLT',NULL),(154,'MU','Mauritius','MP','480','en-MU,bho,fr','MUS',NULL),(155,'MV','Maldives','MV','462','dv,en','MDV',NULL),(156,'MW','Malawi','MI','454','ny,yao,tum,swk','MWI',NULL),(157,'MX','Mexico','MX','484','es-MX','MEX',NULL),(158,'MY','Malaysia','MY','458','ms-MY,en,zh,ta,te,ml,pa,th','MYS',NULL),(159,'MZ','Mozambique','MZ','508','pt-MZ,vmw','MOZ',NULL),(160,'NA','Namibia','WA','516','en-NA,af,de,hz,naq','NAM',NULL),(161,'NC','New Caledonia','NC','540','fr-NC','NCL',NULL),(162,'NE','Niger','NG','562','fr-NE,ha,kr,dje','NER',NULL),(163,'NF','Norfolk Island','NF','574','en-NF','NFK',NULL),(164,'NG','Nigeria','NI','566','en-NG,ha,yo,ig,ff','NGA',NULL),(165,'NI','Nicaragua','NU','558','es-NI,en','NIC',NULL),(166,'NL','Netherlands','NL','528','nl-NL,fy-NL','NLD',NULL),(167,'NO','Norway','NO','578','no,nb,nn,se,fi','NOR',NULL),(168,'NP','Nepal','NP','524','ne,en','NPL',NULL),(169,'NR','Nauru','NR','520','na,en-NR','NRU',NULL),(170,'NU','Niue','NE','570','niu,en-NU','NIU',NULL),(171,'NZ','New Zealand','NZ','554','en-NZ,mi','NZL',NULL),(172,'OM','Oman','MU','512','ar-OM,en,bal,ur','OMN',NULL),(173,'PA','Panama','PM','591','es-PA,en','PAN',NULL),(174,'PE','Peru','PE','604','es-PE,qu,ay','PER',NULL),(175,'PF','French Polynesia','FP','258','fr-PF,ty','PYF',NULL),(176,'PG','Papua New Guinea','PP','598','en-PG,ho,meu,tpi','PNG',NULL),(177,'PH','Philippines','RP','608','tl,en-PH,fil','PHL',NULL),(178,'PK','Pakistan','PK','586','ur-PK,en-PK,pa,sd,ps,brh','PAK',NULL),(179,'PL','Poland','PL','616','pl','POL',NULL),(180,'PM','Saint Pierre and Miquelon','SB','666','fr-PM','SPM',NULL),(181,'PN','Pitcairn Islands','PC','612','en-PN','PCN',NULL),(182,'PR','Puerto Rico','RQ','630','en-PR,es-PR','PRI',NULL),(183,'PS','Palestine','WE','275','ar-PS','PSE',NULL),(184,'PT','Portugal','PO','620','pt-PT,mwl','PRT',NULL),(185,'PW','Palau','PS','585','pau,sov,en-PW,tox,ja,fil,zh','PLW',NULL),(186,'PY','Paraguay','PA','600','es-PY,gn','PRY',NULL),(187,'QA','Qatar','QA','634','ar-QA,es','QAT',NULL),(188,'RE','Réunion','RE','638','fr-RE','REU',NULL),(189,'RO','Romania','RO','642','ro,hu,rom','ROU',NULL),(190,'RS','Serbia','RI','688','sr,hu,bs,rom','SRB',NULL),(191,'RU','Russia','RS','643','ru,tt,xal,cau,ady,kv,ce,tyv,cv,udm,tut,mns,bua,myv,mdf,chm,ba,inh,tut,kbd,krc,ava,sah,nog','RUS',NULL),(192,'RW','Rwanda','RW','646','rw,en-RW,fr-RW,sw','RWA',NULL),(193,'SA','Saudi Arabia','SA','682','ar-SA','SAU',NULL),(194,'SB','Solomon Islands','BP','090','en-SB,tpi','SLB',NULL),(195,'SC','Seychelles','SE','690','en-SC,fr-SC','SYC',NULL),(196,'SD','Sudan','SU','729','ar-SD,en,fia','SDN',NULL),(197,'SE','Sweden','SW','752','sv-SE,se,sma,fi-SE','SWE',NULL),(198,'SG','Singapore','SN','702','cmn,en-SG,ms-SG,ta-SG,zh-SG','SGP',NULL),(199,'SH','Saint Helena','SH','654','en-SH','SHN',NULL),(200,'SI','Slovenia','SI','705','sl,sh','SVN',NULL),(201,'SJ','Svalbard and Jan Mayen','SV','744','no,ru','SJM',NULL),(202,'SK','Slovakia','LO','703','sk,hu','SVK',NULL),(203,'SL','Sierra Leone','SL','694','en-SL,men,tem','SLE',NULL),(204,'SM','San Marino','SM','674','it-SM','SMR',NULL),(205,'SN','Senegal','SG','686','fr-SN,wo,fuc,mnk','SEN',NULL),(206,'SO','Somalia','SO','706','so-SO,ar-SO,it,en-SO','SOM',NULL),(207,'SR','Suriname','NS','740','nl-SR,en,srn,hns,jv','SUR',NULL),(208,'SS','South Sudan','OD','728','en','SSD',NULL),(209,'ST','São Tomé and Príncipe','TP','678','pt-ST','STP',NULL),(210,'SV','El Salvador','ES','222','es-SV','SLV',NULL),(211,'SX','Sint Maarten','NN','534','nl,en','SXM',NULL),(212,'SY','Syria','SY','760','ar-SY,ku,hy,arc,fr,en','SYR',NULL),(213,'SZ','Swaziland','WZ','748','en-SZ,ss-SZ','SWZ',NULL),(214,'TC','Turks and Caicos Islands','TK','796','en-TC','TCA',NULL),(215,'TD','Chad','CD','148','fr-TD,ar-TD,sre','TCD',NULL),(216,'TF','French Southern Territories','FS','260','fr','ATF',NULL),(217,'TG','Togo','TO','768','fr-TG,ee,hna,kbp,dag,ha','TGO',NULL),(218,'TH','Thailand','TH','764','th,en','THA',NULL),(219,'TJ','Tajikistan','TI','762','tg,ru','TJK',NULL),(220,'TK','Tokelau','TL','772','tkl,en-TK','TKL',NULL),(221,'TL','East Timor','TT','626','tet,pt-TL,id,en','TLS',NULL),(222,'TM','Turkmenistan','TX','795','tk,ru,uz','TKM',NULL),(223,'TN','Tunisia','TS','788','ar-TN,fr','TUN',NULL),(224,'TO','Tonga','TN','776','to,en-TO','TON',NULL),(225,'TR','Turkey','TU','792','tr-TR,ku,diq,az,av','TUR',NULL),(226,'TT','Trinidad and Tobago','TD','780','en-TT,hns,fr,es,zh','TTO',NULL),(227,'TV','Tuvalu','TV','798','tvl,en,sm,gil','TUV',NULL),(228,'TW','Taiwan','TW','158','zh-TW,zh,nan,hak','TWN',NULL),(229,'TZ','Tanzania','TZ','834','sw-TZ,en,ar','TZA',NULL),(230,'UA','Ukraine','UP','804','uk,ru-UA,rom,pl,hu','UKR',NULL),(231,'UG','Uganda','UG','800','en-UG,lg,sw,ar','UGA',NULL),(232,'UM','U.S. Minor Outlying Islands','','581','en-UM','UMI',NULL),(233,'US','United States','US','840','en-US,es-US,haw,fr','USA',NULL),(234,'UY','Uruguay','UY','858','es-UY','URY',NULL),(235,'UZ','Uzbekistan','UZ','860','uz,ru,tg','UZB',NULL),(236,'VA','Vatican City','VT','336','la,it,fr','VAT',NULL),(237,'VC','Saint Vincent and the Grenadines','VC','670','en-VC,fr','VCT',NULL),(238,'VE','Venezuela','VE','862','es-VE','VEN',NULL),(239,'VG','British Virgin Islands','VI','092','en-VG','VGB',NULL),(240,'VI','U.S. Virgin Islands','VQ','850','en-VI','VIR',NULL),(241,'VN','Vietnam','VM','704','vi,en,fr,zh,km','VNM',NULL),(242,'VU','Vanuatu','NH','548','bi,en-VU,fr-VU','VUT',NULL),(243,'WF','Wallis and Futuna','WF','876','wls,fud,fr-WF','WLF',NULL),(244,'WS','Samoa','WS','882','sm,en-WS','WSM',NULL),(245,'XK','Kosovo','KV','0','sq,sr','XKX',NULL),(246,'YE','Yemen','YM','887','ar-YE','YEM',NULL),(247,'YT','Mayotte','MF','175','fr-YT','MYT',NULL),(248,'ZA','South Africa','SF','710','zu,xh,af,nso,en-ZA,tn,st,ts,ss,ve,nr','ZAF',NULL),(249,'ZM','Zambia','ZA','894','en-ZM,bem,loz,lun,lue,ny,toi','ZMB',NULL),(250,'ZW','Zimbabwe','ZI','716','en-ZW,sn,nr,nd','ZWE',NULL);

/*Table structure for table `currencies` */

DROP TABLE IF EXISTS `currencies`;

CREATE TABLE `currencies` (
  `currency_code` varchar(3) NOT NULL,
  `currency_name` varchar(100) NOT NULL,
  `currency_symbol` varchar(100) DEFAULT NULL,
  `active` char(1) NOT NULL DEFAULT '1',
  KEY `country_id` (`currency_code`)
) ENGINE=InnoDB DEFAULT CHARSET=latin1;

/*Data for the table `currencies` */

insert  into `currencies`(`currency_code`,`currency_name`,`currency_symbol`,`active`) values ('USD','US Dollars','$','1'),('HTG','Groude','G','1');

/*Table structure for table `deduction_types` */

DROP TABLE IF EXISTS `deduction_types`;

CREATE TABLE `deduction_types` (
  `deduction_type_id` int(11) NOT NULL AUTO_INCREMENT,
  `company_id` int(11) NOT NULL,
  `order` int(11) NOT NULL,
  `deduction_type` varchar(100) NOT NULL,
  `is_amount` tinyint(1) NOT NULL DEFAULT '0' COMMENT 'is amount or percentage',
  `status` char(1) DEFAULT '1',
  PRIMARY KEY (`deduction_type_id`)
) ENGINE=InnoDB AUTO_INCREMENT=5 DEFAULT CHARSET=latin1;

/*Data for the table `deduction_types` */

insert  into `deduction_types`(`deduction_type_id`,`company_id`,`order`,`deduction_type`,`is_amount`,`status`) values (1,1,1,'Health Insurance (International)',1,'1'),(2,1,2,'Pension',1,'1'),(3,1,0,'Loan',1,'1'),(4,1,0,'Health Insurance',0,'1');

/*Table structure for table `departments` */

DROP TABLE IF EXISTS `departments`;

CREATE TABLE `departments` (
  `department_id` int(11) NOT NULL AUTO_INCREMENT,
  `department_name` varchar(50) NOT NULL,
  `company_id` int(11) NOT NULL DEFAULT '1',
  `status` char(1) NOT NULL DEFAULT '1',
  PRIMARY KEY (`department_id`),
  KEY `company_id` (`company_id`),
  CONSTRAINT `departments_ibfk_1` FOREIGN KEY (`company_id`) REFERENCES `companies` (`company_id`)
) ENGINE=InnoDB AUTO_INCREMENT=10 DEFAULT CHARSET=utf8;

/*Data for the table `departments` */

insert  into `departments`(`department_id`,`department_name`,`company_id`,`status`) values (1,'Finance',1,'1'),(2,'HR',1,'1'),(3,'Construction',1,'1'),(4,'Technical',1,'1'),(5,'Operations',1,'1'),(6,'Administrative',1,'1'),(7,'Executive',1,'1'),(8,'Marketing',1,'1'),(9,'Water Quality',1,'1');

/*Table structure for table `employee_benefits` */

DROP TABLE IF EXISTS `employee_benefits`;

CREATE TABLE `employee_benefits` (
  `employee_benefit_id` int(11) NOT NULL AUTO_INCREMENT,
  `employee_id` int(11) NOT NULL,
  `benefit_type_id` int(11) NOT NULL,
  `currency_code` varchar(3) NOT NULL DEFAULT 'HTG',
  `amount` decimal(11,5) NOT NULL DEFAULT '0.00000',
  `comments` varchar(100) DEFAULT NULL,
  `status` char(1) NOT NULL DEFAULT '1',
  PRIMARY KEY (`employee_benefit_id`)
) ENGINE=InnoDB AUTO_INCREMENT=5 DEFAULT CHARSET=latin1;

/*Data for the table `employee_benefits` */

insert  into `employee_benefits`(`employee_benefit_id`,`employee_id`,`benefit_type_id`,`currency_code`,`amount`,`comments`,`status`) values (1,2,5,'HTG','0.00000',NULL,'1'),(2,48,5,'HTG','0.00000',NULL,'1'),(3,2,8,'USD','0.00000',NULL,'1'),(4,2,7,'USD','0.00000',NULL,'1');

/*Table structure for table `employee_deductions` */

DROP TABLE IF EXISTS `employee_deductions`;

CREATE TABLE `employee_deductions` (
  `employee_deduction_id` int(11) NOT NULL AUTO_INCREMENT,
  `employee_id` int(11) NOT NULL,
  `deduction_type_id` int(11) NOT NULL,
  `currency_code` varchar(3) NOT NULL DEFAULT 'HTG',
  `employee_amount` decimal(11,2) NOT NULL DEFAULT '0.00',
  `employer_cont` decimal(11,2) NOT NULL DEFAULT '0.00',
  `comments` varchar(100) DEFAULT NULL,
  `status` char(1) NOT NULL DEFAULT '1',
  PRIMARY KEY (`employee_deduction_id`)
) ENGINE=InnoDB AUTO_INCREMENT=12 DEFAULT CHARSET=latin1;

/*Data for the table `employee_deductions` */

insert  into `employee_deductions`(`employee_deduction_id`,`employee_id`,`deduction_type_id`,`currency_code`,`employee_amount`,`employer_cont`,`comments`,`status`) values (5,2,1,'USD','139.00','0.00',NULL,'1'),(6,2,2,'USD','0.00','0.00',NULL,'1'),(7,13,1,'USD','0.00','0.00',NULL,'1'),(8,48,1,'HTG','0.00','0.00',NULL,'1'),(9,19,2,'USD','500.00','200.00',NULL,'1'),(10,19,4,'HTG','1200.00','1200.00',NULL,'1'),(11,58,4,'HTG','285.40','285.40',NULL,'1');

/*Table structure for table `employees` */

DROP TABLE IF EXISTS `employees`;

CREATE TABLE `employees` (
  `employee_id` int(11) NOT NULL AUTO_INCREMENT,
  `company_id` int(11) NOT NULL,
  `employee_code` varchar(50) NOT NULL DEFAULT '',
  `job_id` int(11) NOT NULL,
  `department_id` int(11) DEFAULT NULL,
  `base_id` int(11) DEFAULT NULL,
  `location_id` int(11) DEFAULT NULL,
  `status_type_id` int(11) DEFAULT NULL,
  `contract_type_id` int(11) DEFAULT NULL,
  `firstname` varchar(50) DEFAULT NULL,
  `lastname` varchar(50) DEFAULT NULL,
  `sex` char(1) DEFAULT NULL,
  `birthday` date DEFAULT NULL,
  `phone` varchar(20) DEFAULT NULL,
  `mobile` varchar(20) DEFAULT NULL,
  `email` varchar(50) DEFAULT NULL,
  `marital_status` varchar(10) DEFAULT NULL,
  `handicap` char(3) DEFAULT NULL,
  `nationality` varchar(30) DEFAULT NULL,
  `address_1` varchar(100) DEFAULT NULL,
  `address_2` varchar(100) DEFAULT NULL,
  `city` varchar(100) DEFAULT NULL,
  `zip_postal_code` varchar(50) DEFAULT NULL,
  `country` varchar(100) DEFAULT NULL,
  `hire_date` date DEFAULT NULL,
  `ssn` varchar(50) NOT NULL,
  `n_day_off` int(2) DEFAULT NULL,
  `currency_code` varchar(3) NOT NULL DEFAULT 'USD',
  `salary` double(11,2) NOT NULL,
  `n_work_day` int(11) DEFAULT NULL,
  `status` char(1) DEFAULT '1',
  `active` int(11) DEFAULT NULL,
  PRIMARY KEY (`company_id`,`employee_code`),
  KEY `employees_jfk_1` (`job_id`),
  KEY `employees_dfk_1` (`department_id`),
  KEY `employees_bfk_1` (`base_id`),
  KEY `id` (`employee_id`)
) ENGINE=InnoDB AUTO_INCREMENT=76 DEFAULT CHARSET=utf8;

/*Data for the table `employees` */

insert  into `employees`(`employee_id`,`company_id`,`employee_code`,`job_id`,`department_id`,`base_id`,`location_id`,`status_type_id`,`contract_type_id`,`firstname`,`lastname`,`sex`,`birthday`,`phone`,`mobile`,`email`,`marital_status`,`handicap`,`nationality`,`address_1`,`address_2`,`city`,`zip_postal_code`,`country`,`hire_date`,`ssn`,`n_day_off`,`currency_code`,`salary`,`n_work_day`,`status`,`active`) values (69,1,'002-222-222-2',20,6,5,1,1,2,'Test','Driver','M','2015-06-25',NULL,NULL,NULL,NULL,NULL,NULL,NULL,NULL,NULL,NULL,NULL,'2013-01-01','',NULL,'USD',15.00,26,'0',NULL),(48,1,'002-265-030-2',11,5,2,4,1,2,'Diphimar','MINISTRE','M','1985-08-31','',NULL,'','Single','No','Haitian',NULL,'Cabaret',NULL,NULL,NULL,'2014-10-01','',15,'HTG',22000.00,26,'1',1),(2,1,'002-862-095-3',2,1,6,1,1,4,'Alexandra Moise','SAINT ELIEN','F','1984-11-08','(+509) 48907862',NULL,'alexandra@dlohaiti.com','Married','No','American',NULL,'',NULL,NULL,NULL,'2014-06-01','',15,'USD',4500.00,22,'1',1),(71,1,'003-222-222-2',20,6,5,1,1,2,'Test','Driver','M','2080-06-25',NULL,NULL,NULL,NULL,NULL,NULL,NULL,NULL,NULL,NULL,NULL,'2013-06-25','',NULL,'USD',17525.00,26,'0',NULL),(13,1,'003-438-453-3',23,3,6,1,1,2,'Augustin','CENE','M','1972-07-18','(+509) 4894-2711',NULL,'procurement@dlo.ht','Single','No','Haitian',NULL,'',NULL,NULL,NULL,'2014-01-05','',0,'USD',2500.00,22,'1',1),(58,1,'003-529-420-7',20,6,5,1,0,2,'Marco Mirvil','SAJUSTE','M','1969-07-16','+5094890-0778','','mirvil2227@gmail.com','Married','No','Haitian',NULL,'',NULL,NULL,NULL,'2013-04-01','',15,'HTG',21563.00,26,'1',1),(16,1,'003-545-542-8',15,4,6,1,1,2,'Jean Rene','LAMOUR','M','1972-01-10','(+509) 3872-3912',NULL,'','Married','No','Haitian',NULL,'',NULL,NULL,NULL,'2014-11-17','',15,'',29247.00,26,'1',1),(18,1,'003-585-766-0',6,5,1,2,1,2,'Alierist','WILMINSE','M','1992-07-25','+5093411-5263 ',NULL,'','Single','No','Haitian',NULL,'Saintard',NULL,NULL,NULL,'2013-10-01','',15,'',11000.00,26,'1',1),(59,1,'003-664-705-9',20,6,5,1,1,2,'Fritz','JEAN PIERRE','M','1968-09-07','+5094891-5580',NULL,'fritzjp68@gmail.com','Married','No','Haitian',NULL,'47, Impasse Fraicheur, Sarthe 45',NULL,NULL,NULL,'2014-08-05','',15,'HTG',23976.00,26,'1',1),(19,1,'003-818-949-6',6,5,1,2,1,2,'Pierre Louis','LAROCHELLE','M','1968-08-23','+5093697-1701',NULL,'','Married','No','Haitian',NULL,'SAINTARD',NULL,NULL,NULL,'2014-03-01','',15,'HTG',10000.00,26,'1',1),(8,1,'003-974-239-9',10,6,6,1,1,2,'Nanoucheka','OLIS','F','1982-02-08','(+509) 4890 0740',NULL,'nolis@dlohaiti.com','Married','No','Haitian',NULL,'',NULL,NULL,NULL,'2012-04-08','',15,'USD',2500.00,22,'1',1),(61,1,'004-151-196-6',4,5,6,1,1,4,'Pierre Luigi','ROY','M','1975-03-14','+5093111-3111',NULL,'gino@dlohaiti.com','Married','No','French',NULL,'',NULL,NULL,NULL,'2015-03-01','',0,'HTG',315000.00,22,'1',1),(14,1,'004-256-238-1',14,3,6,1,1,2,'Wolfson Fedler','CAZEAU','M','1978-01-09','(+509) 4894-0158',NULL,'','Single','','Haitian',NULL,'',NULL,NULL,NULL,'2014-07-01','',15,'',41175.00,22,'1',1),(15,1,'004-263-573-6',15,4,6,1,1,2,'Pascale','MERSAN','F','1980-10-04','(+509) 4894-0158',NULL,'pascale@dlohaiti.com','Married','No','Haitian',NULL,'',NULL,NULL,NULL,'2014-01-13','',0,'USD',2955.00,22,'1',1),(39,1,'004-327-161-2',24,4,7,0,1,2,'Marc-philippe','ESTIVERNE','M','1980-11-09','+5094894-0157',NULL,'','Single','No','Haitian',NULL,'#29, Saintard Arcahaie',NULL,NULL,NULL,'2014-06-16','',15,'HTG',17600.00,26,'1',1),(1,1,'004-345-943-2',1,1,6,1,1,2,'Karl Olivier','MEDE','M','1989-03-04','(+509)4846 5887',NULL,'medekarl@gmail.com','Single','No','Haitian',NULL,'',NULL,NULL,NULL,'2012-07-01','',15,'',65000.00,26,'1',1),(36,1,'004-409-452-2',0,5,5,1,0,0,'Woodlee','ABELARD','M','2014-05-03','+5094890-0746',NULL,'wqt_region1@dlo.ht','Single','No','Haitian',NULL,'',NULL,NULL,NULL,'2014-10-16','',15,'',69125.00,26,'1',1),(42,1,'004-474-026-3',12,5,7,0,1,2,'Wilkien','THOMAS','M','1980-08-01','',NULL,'','Single','No','Haitian',NULL,'567, Carrefour Damier, Cabaret',NULL,NULL,NULL,'2015-02-02','',15,'HTG',11000.00,26,'1',1),(25,1,'004-494-531-5',12,5,2,4,1,2,'Luckson','IMBERT','M','1984-08-21','+5093485-5175',NULL,'','Single','No','Haitian',NULL,'Corail',NULL,NULL,NULL,'2014-05-01','',15,'HTG',11000.00,26,'1',1),(23,1,'004-504-598-5',12,5,2,4,1,2,'Rouby','MARCELLUS','M','1988-02-18','+5093102-2349',NULL,'','Single','No','Haitian',NULL,'Corail',NULL,NULL,NULL,'2014-05-01','',15,'HTG',17600.00,26,'1',1),(51,1,'004-653-162-8',11,5,8,5,1,2,'Eder Frantz','CLEMENT','M','1987-11-23','+5094472-8174 ',NULL,'','Single','No','Haitian',NULL,'SANTO',NULL,NULL,NULL,'2014-09-22','',15,'HTG',17600.00,26,'1',1),(60,1,'004-709-190-3',9,5,14,11,1,2,'Mackenson','POLIFRANC','M','1983-12-11','+5094890-7447',NULL,'polifranc.mackenson@gmail.com','Married','No','Haitian',NULL,'316, Soleil 19b, Port-au-prince',NULL,NULL,NULL,'2013-02-14','',15,'HTG',22000.00,26,'1',1),(33,1,'004-730-031-2',12,5,3,6,1,2,'Marc Fedner','RAPHAEL','M','1984-08-18','+5093664-0974 ',NULL,'','Single','No','Haitian',NULL,'Courjolles',NULL,NULL,NULL,'2014-05-01','',15,'HTG',11000.00,26,'1',1),(49,1,'004-996-954-6',6,5,4,12,1,2,'Ronald','DOMINGUE','M','1989-07-07','',NULL,'','Single','No','Haitian','Terre Chaude','Cabaret','',NULL,'Haïti','2014-10-01','',15,'HTG',10000.00,26,'1',1),(56,1,'005-598-260-0',25,2,6,1,1,2,'Guerdy Saint Louis','FAUSTIN','F','1980-07-12','+5094891-5570',NULL,'guerdy@dlohaiti.com','Married','No','Haitian',NULL,'Vivi Mitchel',NULL,NULL,NULL,'2014-08-11','',0,'USD',3500.00,22,'1',1),(35,1,'006-061-101-0',6,5,3,6,0,0,'Dely','TOUSSAINT','M','1985-05-18','',NULL,'','Married','No','Haitian',NULL,'Courjolles',NULL,NULL,NULL,'2015-03-03','',15,'HTG',10000.00,26,'0',1),(34,1,'006-993-310-4',6,5,3,6,1,2,'Jean Frantz','LOUIS JEUNE','M','1976-06-10','+5093895-2665',NULL,'','Married','No','Haitian',NULL,'Courjolles',NULL,NULL,NULL,'2014-10-01','',15,'HTG',10000.00,26,'1',1),(5,1,'007-851-146-3',3,1,6,1,1,2,'Nicolas','ANTONIO','M','1984-11-07','(+509) 4890 0754',NULL,'antonio@dlo.ht','Single','No','Haitian',NULL,'',NULL,NULL,NULL,'2014-07-27','',5,'HTG',41795.00,22,'1',1),(55,1,'008-747-081-7',6,5,8,5,1,2,'Aristilde','MICLAUDE','M','1983-03-02','',NULL,'','Single','No','Haitian',NULL,'',NULL,NULL,NULL,'2015-03-23','',15,'HTG',10000.00,26,'1',1),(29,1,'008-748-475-3',16,5,3,6,1,2,'Pierre Ronald','DEROSIERS','M','1978-05-10','+5093609-8731',NULL,'courjolles3@dlo.ht','Married','No','Haitian',NULL,'COURJOLLES',NULL,NULL,NULL,'2014-05-01','',15,'HTG',22000.00,26,'1',1),(64,1,'01-01-99-1977-12-00743',26,1,6,1,2,2,'Jean Nickenson','ANTOINE','M','1990-03-30','+5094060-0141',NULL,'','Single','No','Haitian',NULL,'Cite Soleil',NULL,NULL,NULL,'2015-03-30','',15,'HTG',10000.00,26,'1',1),(52,1,'01-01-99-1982-10-00931',12,5,8,5,1,2,'Reginald','LEGER','M','0000-00-00','+5093470-8508',NULL,'','Single','No','Haitian',NULL,'Saintard',NULL,NULL,NULL,'2014-09-22','',15,'HTG',11000.00,26,'1',1),(21,1,'01-01-99-1984-08-00746',16,5,1,2,1,2,'Maudeline','THOMAS','F','1984-08-11','+5093743-1849',NULL,'saintard1@dlo.ht','Single','No','Haitian',NULL,'Saintard',NULL,NULL,NULL,'2014-05-01','',15,'',22000.00,26,'1',1),(50,1,'01-01-99-1984-12-00738',16,5,8,5,1,2,'Ronald','VOLMAR','M','1984-12-03','+5093796-1488',NULL,'santo5@dlo.ht','Single','No','Haitian',NULL,'Santo',NULL,NULL,NULL,'2014-09-22','',15,'HTG',22000.00,26,'1',1),(7,1,'01-01-99-1988-07-00659',9,8,5,1,1,2,'Romeus','LEONE','M','1988-07-13','(+509) 4890 0744',NULL,'leone@dlo.ht','Single','No','Haitian',NULL,'',NULL,NULL,NULL,'2013-11-01','',15,'',67950.00,22,'1',1),(6,1,'01-01-99-1988-12-00886',8,5,6,1,1,2,'Raoul Moliere','AMISIAL','M','1988-12-30','(+509) 3855 7702',NULL,'raoul@dlo.ht','Single','No','Haitian',NULL,'',NULL,NULL,NULL,'2014-07-01','',15,'HTG',90000.00,22,'1',1),(65,1,'01-01-99-1990-02-00567',12,5,9,11,1,2,'Ronald','RENE','M','0000-00-00','+5094643-2317',NULL,'','Single','No','Haitian',NULL,'Cite Soleil',NULL,NULL,NULL,'2015-04-01','',15,'HTG',11000.00,26,'1',1),(38,1,'01-01-99-1992-05-00165',27,5,7,0,1,2,'Oradma','ROBERT','F','1992-05-31','+5094475-3205',NULL,'','Single','No','Haitian',NULL,'',NULL,NULL,NULL,'2014-09-22','',15,'HTG',22000.00,26,'1',1),(30,1,'01-02-99-1984-10-00131',11,5,3,6,1,2,'Stive','DELIUS','M','1984-10-17','+5093749-6039',NULL,'','Single','No','Haitian',NULL,'Courjolles',NULL,NULL,NULL,'2014-05-01','',15,'HTG',17600.00,26,'1',1),(53,1,'01-02-99-1987-12-00163',12,5,8,5,1,2,'Marvens','RENFORT','M','1987-12-29','+5093710-2938',NULL,'','Single','No','Haitian',NULL,'Santo',NULL,NULL,NULL,'2014-09-22','',15,'HTG',11000.00,26,'1',1),(66,1,'01-02-99-1993-10-00625',12,5,9,11,1,2,'Falone','JOACHIM','F','0000-00-00','+5093425-7265',NULL,'','Single','No','Haitian',NULL,'Cite Soleil',NULL,NULL,NULL,'2015-04-01','',15,'HTG',11000.00,26,'1',1),(17,1,'01-04-99-1981-01-00057',15,4,5,1,1,2,'Sorel','MASSILON','M','1981-01-17','',NULL,'','Married','No','Haitian',NULL,'',NULL,NULL,NULL,'2014-11-17','',15,'HTG',29247.00,26,'1',1),(54,1,'01-10-99-1974-56-00011',12,5,8,5,1,2,'Marie Myrtha','DENAU','F','1974-06-06','',NULL,'','Single','No','Haitian',NULL,'Saintard',NULL,NULL,NULL,'2014-09-22','',15,'HTG',11000.00,26,'1',1),(22,1,'01-15-99-1968-05-00021',16,5,2,4,1,2,'Miranda','SAINT LOUIS','M','1968-05-15','+5093687-3898',NULL,'corail2@dlo.ht','Married','No','Haitian',NULL,'Corail',NULL,NULL,NULL,'2014-05-01','',15,'HTG',22000.00,26,'1',1),(43,1,'01-15-99-1970-09-00062',28,5,7,0,1,2,'Pierre Jenks Levelt','LAMARRE','M','1970-09-01','',NULL,'','Single','No','Haitian',NULL,'Courjolles',NULL,NULL,NULL,'2014-09-01','',15,'HTG',10000.00,26,'1',1),(31,1,'01-15-99-1973-03-00063',12,5,3,6,1,2,'Pierre Widens','LAMARRE','M','1973-03-29','+5093651-1671',NULL,'','Married','No','Haitian',NULL,'Courjolles',NULL,NULL,NULL,'2014-05-01','',15,'HTG',11000.00,26,'1',1),(3,1,'01-15-99-1973-03-00105',7,5,7,0,1,2,'Dorsainville','PIERRE SAINVIL','M','0000-00-00','(+509) 3862 7939',NULL,'regional1@dlo.ht','Married','No','Haitian',NULL,'SAINTARD',NULL,NULL,NULL,'2013-10-01','',15,'HTG',47750.00,26,'1',1),(11,1,'01-15-99-1981-07-00029',12,5,1,2,1,2,'Solail','JEAN BAPTISTE','M','1981-07-10','',NULL,'','Single','No','Haitian',NULL,'',NULL,NULL,NULL,'2013-10-01','',15,'HTG',11000.00,26,'1',1),(41,1,'01-15-99-1981-11-00041',12,5,7,0,1,2,'Jean Junior','TOUSSAINT','M','0000-00-00','',NULL,'','Married','No','Haitian',NULL,'',NULL,NULL,NULL,'2014-05-01','',15,'HTG',11000.00,26,'1',1),(26,1,'01-15-99-1983-06-00164',12,5,2,4,1,2,'Jean Remy','PIERRE','M','1983-06-16','+5093632-0845',NULL,'','Single','No','Haitian',NULL,'Corail',NULL,NULL,NULL,'2014-05-01','',15,'HTG',11000.00,26,'1',1),(12,1,'01-15-99-1985-03-00093',12,5,1,2,1,2,'Jeune','VALENTIN','M','1985-03-15','',NULL,'saintard1@dlo.ht','Married','No','Haitian',NULL,'',NULL,NULL,NULL,'2013-10-01','',15,'HTG',11000.00,26,'1',1),(27,1,'01-15-99-1988-01-00072',6,5,2,4,1,2,'Frandy','DORVIL','M','1988-01-06','+5093723-9488',NULL,'','Single','No','Haitian',NULL,'Corail',NULL,NULL,NULL,'2014-07-16','',15,'HTG',10000.00,26,'1',1),(10,1,'01-15-99-1989-01-00009',11,5,1,2,1,2,'Daphmar','ARMAND','F','1989-01-24','',NULL,'','Married','No','Haitian',NULL,'',NULL,NULL,NULL,'2013-10-01','',15,'HTG',17600.00,26,'1',1),(40,1,'01-15-99-1989-10-00051',0,0,0,0,0,0,'Farah','EUCHER','F','1989-10-27','+5093617-3463',NULL,'','Single','No','Haitian',NULL,'#11, Mitan, Arcahaie',NULL,NULL,NULL,'2014-02-15','',15,'',17600.00,26,'1',1),(20,1,'01-15-99-1990-03-00144',16,5,1,0,1,2,'Carlos','JOSEPH','M','1990-03-03','+5093439-8768',NULL,'','Single','No','Haitian',NULL,'Saintard',NULL,NULL,NULL,'2014-03-01','',15,'',10000.00,26,'1',1),(28,1,'01-15-99-1991-02-00026',12,5,2,0,1,2,'Wisler','PIERRE LOUIS','M','1991-02-17','+5094646-7906 ',NULL,'','Single','No','Haitian',NULL,'Corail',NULL,NULL,NULL,'2014-07-15','',15,'',10000.00,26,'1',1),(24,1,'01-15-99-1993-03-00040',12,5,2,0,1,2,'Dossous','ROSE-BERLINE','F','1993-03-06','+5093629-7450',NULL,'','Single','No','Haitian',NULL,'Corail',NULL,NULL,NULL,'2014-05-01','',15,'',11000.00,26,'1',1),(47,1,'01-16-99-1984-02-00065',0,0,0,0,0,0,'Wilson','PAYOUTE','M','1984-02-14','+5093314-6343',NULL,'','Single','No','Haitian',NULL,'Cabaret',NULL,NULL,NULL,'2014-09-22','',15,'',11000.00,26,'1',1),(44,1,'01-16-99-1988-09-00025',0,0,0,0,0,0,'Sainte Helene','JEAN','F','1988-09-07','+5093336-3392 ',NULL,'','Single','No','Haitian',NULL,'Cabaret',NULL,NULL,NULL,'2014-09-22','',15,'',22000.00,26,'1',1),(4,1,'01-16-99-1989-09-00012',12,5,4,0,1,2,'Daniel','MICHAUD','F','1989-09-17','',NULL,'','Married','No','Haitian',NULL,'',NULL,NULL,NULL,'2014-12-01','',15,'',11000.00,26,'1',1),(45,1,'01-16-99-1990-05-00016',0,0,0,0,0,0,'Michel Ader','LAURORE','M','1990-05-17','+50938184269',NULL,'','Single','No','Haitian',NULL,'Cabaret',NULL,NULL,NULL,'2014-09-22','',15,'',17600.00,26,'1',1),(46,1,'01-16-99-1990-08-00009',0,0,0,0,0,0,'Juliette','FRANCOIS','F','1990-08-17','+5094331-5629',NULL,'','Single','No','Haitian',NULL,'Cabaret',NULL,NULL,NULL,'2014-09-22','',15,'',11000.00,26,'1',1),(37,1,'01-17-99-1987-01-00009',0,0,0,0,0,0,'Sophonie','SIMERVIL','F','1987-01-29','+5093393-4376',NULL,'mare1@dlo.ht','Single','No','Haitian',NULL,'#10, Rue Hostin, Arcahaie',NULL,NULL,NULL,'2014-05-01','',15,'',28833.00,26,'1',1),(63,1,'01-18-99-1988-08-00062',0,0,0,0,0,0,'Wenso','LEGER','M','0000-00-00','',NULL,'','Single','No','Haitian',NULL,'',NULL,NULL,NULL,'2015-04-01','',15,'',22000.00,26,'1',1),(67,1,'01-19-99-1988-10-00169',0,0,0,0,0,0,'Jackenson','ESTHER','M','0000-00-00','+5093752-7706',NULL,'','Single','No','Haitian',NULL,'Cite Soleil',NULL,NULL,NULL,'2015-04-01','',15,'',11000.00,26,'1',1),(57,1,'07-08-99-1968-04-00002',0,0,0,0,0,0,'Sonise','SEIDE','F','1968-04-03','+5093796-9340',NULL,'','Single','No','Haitian',NULL,'',NULL,NULL,NULL,'2015-02-24','',15,'',7500.00,26,'1',1),(32,1,'07-10-99-1985-11-00032',0,0,0,0,0,0,'John','ODENAT','M','1985-11-18','',NULL,'','Single','No','Haitian',NULL,'Courjolles',NULL,NULL,NULL,'2015-01-01','',15,'',11000.00,26,'1',1),(75,1,'1',25,2,4,3,1,2,'sonu','payapp','M','2015-07-07',NULL,NULL,NULL,'',NULL,'Haiti',NULL,NULL,NULL,NULL,NULL,'2015-07-14','1',NULL,'USD',28333.33,26,'0',NULL),(74,1,'1-000-000-000',1,1,4,12,1,1,'sonu','payapp','M','2015-07-15',NULL,NULL,NULL,NULL,NULL,NULL,NULL,NULL,NULL,NULL,NULL,'2015-07-09','3341155',NULL,'USD',28333.33,26,'1',NULL),(73,1,'23-121-22223',1,1,4,12,3,2,'sonu','payapp','M','2015-07-21',NULL,NULL,NULL,NULL,NULL,NULL,NULL,NULL,NULL,NULL,NULL,'2015-07-22','45666',NULL,'USD',28333.33,26,'1',NULL),(62,1,'422110571',17,7,6,1,1,1,'James J.','CHU','M','1972-04-05','+5094890-0743',NULL,'jim@dlohaiti.com','Married','No','American','1065 De Haro St','','San Francisco',NULL,'USA','2013-04-25','',0,'USD',9000.00,22,'1',1),(9,1,'433802766',11,3,6,0,1,1,'Jason Edwin','HERSH','M','1976-02-10','(+509) 48936984',NULL,'jason@dlohaiti.com','Single','No','American',NULL,'',NULL,NULL,NULL,'2015-02-01','433802766',0,'',229500.00,22,'1',1),(68,1,'47233-222-555',0,0,0,0,0,0,'Masoor Rana','RANA','M','0000-00-00','',NULL,'masnoor@sutlej.net','Single','No','',NULL,'',NULL,NULL,NULL,'2015-02-02','',0,'',50000.00,26,'1',1),(72,1,'CHOLD',21,5,6,1,3,1,'Camaria ','Holder','F','1981-05-20',NULL,NULL,NULL,NULL,NULL,NULL,NULL,NULL,NULL,NULL,NULL,'2014-05-01','CHOLD-01',NULL,'USD',500.00,26,'0',NULL);

/*Table structure for table `employment_types` */

DROP TABLE IF EXISTS `employment_types`;

CREATE TABLE `employment_types` (
  `status_type_id` int(11) NOT NULL AUTO_INCREMENT,
  `status_type_name` varchar(100) NOT NULL,
  `company_id` int(11) NOT NULL,
  `status` char(1) DEFAULT '1',
  PRIMARY KEY (`status_type_id`)
) ENGINE=InnoDB AUTO_INCREMENT=5 DEFAULT CHARSET=latin1;

/*Data for the table `employment_types` */

insert  into `employment_types`(`status_type_id`,`status_type_name`,`company_id`,`status`) values (1,'FullTime',1,'1'),(2,'Internship-Trainee',1,'1'),(3,'Contractor-PartTime',1,'1'),(4,'Daily Contractor',1,'1');

/*Table structure for table `exchange_rates` */

DROP TABLE IF EXISTS `exchange_rates`;

CREATE TABLE `exchange_rates` (
  `company_id` int(11) NOT NULL,
  `currency_code` varchar(3) NOT NULL,
  `period_id` int(11) NOT NULL,
  `usd_exchange_rate` float NOT NULL,
  `active` char(1) NOT NULL DEFAULT '1',
  PRIMARY KEY (`company_id`,`currency_code`,`period_id`)
) ENGINE=InnoDB DEFAULT CHARSET=latin1;

/*Data for the table `exchange_rates` */

insert  into `exchange_rates`(`company_id`,`currency_code`,`period_id`,`usd_exchange_rate`,`active`) values (1,'HTG',1,45,'1'),(1,'HTG',2,45,'1'),(1,'HTG',3,45,'1'),(1,'HTG',4,45,'1'),(1,'HTG',5,45,'1'),(1,'HTG',6,50,'1'),(1,'HTG',7,50,'1'),(1,'HTG',8,50,'1'),(1,'HTG',9,50,'1'),(1,'HTG',10,45,'1'),(1,'HTG',11,45,'1');

/*Table structure for table `flat_rate_taxes` */

DROP TABLE IF EXISTS `flat_rate_taxes`;

CREATE TABLE `flat_rate_taxes` (
  `flat_tax_id` int(11) NOT NULL AUTO_INCREMENT,
  `company_id` int(11) NOT NULL,
  `tax_name` varchar(100) NOT NULL,
  `tax_description` varchar(100) DEFAULT NULL,
  `payable_by` varchar(10) NOT NULL DEFAULT 'employee' COMMENT 'employee or company',
  `tax_multiplier` double(11,5) NOT NULL DEFAULT '0.00000',
  `status` char(1) DEFAULT '1',
  PRIMARY KEY (`flat_tax_id`)
) ENGINE=InnoDB AUTO_INCREMENT=9 DEFAULT CHARSET=latin1;

/*Data for the table `flat_rate_taxes` */

insert  into `flat_rate_taxes`(`flat_tax_id`,`company_id`,`tax_name`,`tax_description`,`payable_by`,`tax_multiplier`,`status`) values (1,1,'ONA','Office National d’Assurance Vieillesse','Employee',0.06000,'1'),(2,1,'TCT','Contributions au Fonds de Gestion et de Développement des Collectivités Territoriales','Employee',0.01000,'1'),(3,1,'CAS','Caisse d\'Assistance Sociale','Employee',0.01000,'1'),(4,1,'FDU','Fonds d\'Urgence','Employee',0.01000,'1'),(5,1,'ONA E.C','Office National d’Assurance Vieillesse','Company',0.06000,'1'),(6,1,'TMS','Taxe Sur La Masse Salariale','Company',0.02000,'1'),(7,1,'DSAV','Droit Special Ad Valorem','Company',0.00200,'1'),(8,1,'OFATMA','Office d\'Assurance Accidents du Travail, Maladie et Maternité','Company',0.03000,'1');

/*Table structure for table `iri_tax_slabs` */

DROP TABLE IF EXISTS `iri_tax_slabs`;

CREATE TABLE `iri_tax_slabs` (
  `slab_id` int(11) NOT NULL AUTO_INCREMENT,
  `sr_no` int(11) NOT NULL,
  `company_id` int(11) NOT NULL,
  `start_amount` double(11,2) NOT NULL,
  `end_amount` double(11,2) NOT NULL,
  `tax_multiplier` double(11,5) NOT NULL,
  `status` char(1) NOT NULL DEFAULT '1',
  PRIMARY KEY (`slab_id`)
) ENGINE=InnoDB AUTO_INCREMENT=6 DEFAULT CHARSET=latin1;

/*Data for the table `iri_tax_slabs` */

insert  into `iri_tax_slabs`(`slab_id`,`sr_no`,`company_id`,`start_amount`,`end_amount`,`tax_multiplier`,`status`) values (1,1,1,0.00,60000.00,0.00000,'1'),(2,2,1,60001.00,240000.00,0.10000,'1'),(3,3,1,240001.00,480000.00,0.15000,'1'),(4,4,1,480001.00,1000000.00,0.25000,'1'),(5,5,1,1000001.00,99999999.00,0.30000,'1');

/*Table structure for table `jobs` */

DROP TABLE IF EXISTS `jobs`;

CREATE TABLE `jobs` (
  `job_id` int(11) NOT NULL AUTO_INCREMENT,
  `job_title` varchar(100) NOT NULL,
  `job_description` varchar(255) NOT NULL,
  `company_id` int(11) NOT NULL,
  `department_id` int(11) NOT NULL,
  `direct_report_to` int(11) DEFAULT NULL,
  `payscale_id` int(11) DEFAULT NULL,
  `required_skills` varchar(255) DEFAULT NULL,
  `min_qualification` varchar(255) DEFAULT NULL,
  `vacancy_ad_text` varchar(255) DEFAULT NULL,
  `status` char(1) NOT NULL DEFAULT '1',
  PRIMARY KEY (`job_id`),
  KEY `department_id` (`department_id`),
  CONSTRAINT `jobs_ibfk_1` FOREIGN KEY (`department_id`) REFERENCES `departments` (`department_id`)
) ENGINE=InnoDB AUTO_INCREMENT=29 DEFAULT CHARSET=latin1;

/*Data for the table `jobs` */

insert  into `jobs`(`job_id`,`job_title`,`job_description`,`company_id`,`department_id`,`direct_report_to`,`payscale_id`,`required_skills`,`min_qualification`,`vacancy_ad_text`,`status`) values (1,'Finance Assistant','',1,1,0,1300,'','','','1'),(2,'Finance Manager','',1,1,0,0,'','','','1'),(3,'Procurement Assistant','',1,1,0,0,'etc','etc','aaa','1'),(4,'Operations Director','',1,5,0,0,'','','','1'),(5,'Construction Assistant','',1,3,0,0,'','','','1'),(6,'Trike Driver','',1,5,0,0,'','','','1'),(7,'Regionl Manager','',1,5,0,0,'','','','1'),(8,'Operations Coordinator','',1,5,NULL,0,'','','','1'),(9,'Community Marketing Manager','',1,8,NULL,0,'','','','1'),(10,'Administrative Manager','',1,6,0,0,'','','','1'),(11,'Kiosk Operator','',1,5,NULL,0,'','','','1'),(12,'Kiosk Assistant','',1,5,NULL,0,'','','','1'),(13,'Construction Assista','',0,1,NULL,NULL,NULL,NULL,NULL,'1'),(14,'Technical Support Manager','',1,4,NULL,0,'','','','1'),(15,'Plumber','',1,4,NULL,0,'','','','1'),(16,'Kiosk Manager','',1,5,NULL,0,'','','','1'),(17,'CEO','',1,7,0,0,'','','','1'),(18,'Accountant','',1,1,0,0,'','','','1'),(19,'Constructions Assistant Manager','',1,3,NULL,0,'','','','1'),(20,'HQ Driver','',1,6,NULL,0,'','','','1'),(21,'Water Quality Coordinator','',1,5,NULL,0,'','','','1'),(22,'Water Quality Consultant','',1,9,NULL,0,'','','','1'),(23,'Manager Adjoint de Construction ','',1,3,NULL,0,'','','','1'),(24,'Regional Technician','',1,4,NULL,0,'','','','1'),(25,'Human Ressources Manager','',1,2,NULL,0,'','','','1'),(26,'Finance Intern','',1,1,NULL,0,'','','','1'),(27,'Community Marketing Assistant','',1,8,NULL,0,'','','','1'),(28,'Guardian','',1,5,NULL,0,'','','','1');

/*Table structure for table `locations` */

DROP TABLE IF EXISTS `locations`;

CREATE TABLE `locations` (
  `location_id` int(11) NOT NULL AUTO_INCREMENT,
  `location_name` varchar(100) NOT NULL,
  `base_id` int(11) NOT NULL,
  `address_line_1` varchar(150) DEFAULT NULL,
  `address_line_2` varchar(150) DEFAULT NULL,
  `code_postal` int(11) DEFAULT NULL,
  `city` varchar(50) DEFAULT NULL,
  `state_province` varchar(50) DEFAULT NULL,
  `country` varchar(20) DEFAULT NULL,
  `company_id` int(11) NOT NULL,
  `lat` decimal(10,8) DEFAULT NULL,
  `long` decimal(11,8) DEFAULT NULL,
  `status` char(1) NOT NULL DEFAULT '1',
  PRIMARY KEY (`location_id`),
  KEY `company_id` (`company_id`),
  KEY `base_id` (`base_id`),
  CONSTRAINT `locations_ibfk_1` FOREIGN KEY (`company_id`) REFERENCES `companies` (`company_id`),
  CONSTRAINT `locations_ibfk_2` FOREIGN KEY (`base_id`) REFERENCES `base` (`base_id`)
) ENGINE=InnoDB AUTO_INCREMENT=13 DEFAULT CHARSET=utf8;

/*Data for the table `locations` */

insert  into `locations`(`location_id`,`location_name`,`base_id`,`address_line_1`,`address_line_2`,`code_postal`,`city`,`state_province`,`country`,`company_id`,`lat`,`long`,`status`) values (1,'HQ',6,'177, Rue Faubert','Complexe Tropicale, Second Floor',0,'Petionville','Port au Prince','Haiti',1,'18.50998400','-72.28887400','1'),(2,'Saintard',1,' ',' ',0,'Luly',' ','Haiti',1,'18.83449700','-72.57056700','1'),(3,'Cabaret',4,' ',' ',0,'Cabaret',' ','Haiti',1,'18.72943600','-72.42130600','1'),(4,'Corail',2,' ',' ',0,'Corail',' ','Haiti',1,'18.79912200','-72.54274400','1'),(5,'Santo19',8,'Santo','Santo',0,'ARCAHAIE','OUEST','Haiti',1,'18.60633600','-72.24647200','1'),(6,'Courjolle',3,'Courjolle',' ',0,'Courjolle','Ouest','Haiti',1,'18.77408100','-72.50638900','1'),(7,'Limonade',11,'Carrefour Bohama',' ',0,'Limonade','North','Haiti',1,'19.68824700','-72.14109000','1'),(8,'Quatier Morin',10,'Cite Dessalines',' ',0,'Quatier Morin','North','Haiti',1,'19.69176000','-72.15406500','1'),(9,'Ouanaminthe',13,'Manquette',' ',0,'Ouanaminthe','North','Haiti',1,'19.54156500','-71.72247200','1'),(10,'Ferrier',12,'Merann ou bas Maribahoux',' ',0,'Ferrier','North','Haiti',1,'19.61227800','-71.76607500','1'),(11,'Cite Soleil',9,'Bois 9','Cite Soleil',0,'Port-au-Prince','OUEST','Haiti',1,'18.53333300','-72.33333300','1'),(12,'Terre Chaude',4,'Terre Chaude','Cabaret',0,'Ouest','Cabaret','Haiti',1,'18.49570150','-72.47315290','1');

/*Table structure for table `mobile_payments` */

DROP TABLE IF EXISTS `mobile_payments`;

CREATE TABLE `mobile_payments` (
  `mobile_payment_id` int(11) NOT NULL AUTO_INCREMENT,
  `employee_id` int(11) DEFAULT NULL,
  `id_no` int(30) DEFAULT NULL,
  `mobile_no` varchar(30) NOT NULL,
  `mobile_company` varchar(100) NOT NULL,
  `status` char(1) DEFAULT '0',
  PRIMARY KEY (`mobile_payment_id`)
) ENGINE=InnoDB AUTO_INCREMENT=4 DEFAULT CHARSET=latin1;

/*Data for the table `mobile_payments` */

insert  into `mobile_payments`(`mobile_payment_id`,`employee_id`,`id_no`,`mobile_no`,`mobile_company`,`status`) values (2,59,NULL,'(502)-325412554','VIsta','1'),(3,59,NULL,'(545)-3255412554','Indigo','0');

/*Table structure for table `payment_methods` */

DROP TABLE IF EXISTS `payment_methods`;

CREATE TABLE `payment_methods` (
  `payment_method_id` int(11) NOT NULL AUTO_INCREMENT,
  `employee_id` int(11) NOT NULL,
  `payment_type` varchar(100) NOT NULL,
  `active` char(1) DEFAULT '0',
  `default` char(1) DEFAULT '0',
  PRIMARY KEY (`payment_method_id`)
) ENGINE=InnoDB AUTO_INCREMENT=6 DEFAULT CHARSET=latin1;

/*Data for the table `payment_methods` */

insert  into `payment_methods`(`payment_method_id`,`employee_id`,`payment_type`,`active`,`default`) values (1,59,'Cash','0','0'),(2,59,'Mobile-Payment','0','0'),(3,59,'Bank-Account','0','0'),(4,59,'Bank-Account','0','0'),(5,59,'Cash','0','0');

/*Table structure for table `payroll_calendar` */

DROP TABLE IF EXISTS `payroll_calendar`;

CREATE TABLE `payroll_calendar` (
  `period_id` int(11) NOT NULL AUTO_INCREMENT,
  `company_id` int(11) NOT NULL,
  `fiscal_year` varchar(50) NOT NULL,
  `period_name` varchar(50) NOT NULL,
  `start_date` date NOT NULL,
  `end_date` date NOT NULL,
  `status` char(1) NOT NULL DEFAULT '1',
  PRIMARY KEY (`period_id`)
) ENGINE=InnoDB AUTO_INCREMENT=13 DEFAULT CHARSET=latin1;

/*Data for the table `payroll_calendar` */

insert  into `payroll_calendar`(`period_id`,`company_id`,`fiscal_year`,`period_name`,`start_date`,`end_date`,`status`) values (1,1,'2014-15','September-2014','2014-09-01','2014-09-30','1'),(2,1,'2014-15','October-2014','2014-10-01','2014-10-30','1'),(3,1,'2014-15','November-2014','2014-11-01','2014-11-30','1'),(4,1,'2014-15','December-2014','2014-12-01','2014-12-31','1'),(5,1,'2014-15','January 2015','2015-01-01','2015-01-31','1'),(6,1,'2015-16','June 2015','2015-06-01','2015-06-30','1'),(7,1,'2015-16','July 2015','2015-07-01','2015-07-30','1'),(8,1,'2015-16','May 2015','2015-05-01','2015-05-31','1'),(9,1,'2015-16','August-2015','2015-08-01','2015-08-31','1'),(10,1,'FY15-16','February - 2015','2015-02-01','2015-02-28','1'),(11,1,'2014-2015','March - 2015','2015-03-02','2015-03-31','1'),(12,1,'2015-16','August 15','2015-08-01','2015-08-31','1');

/*Table structure for table `payslip_benefits` */

DROP TABLE IF EXISTS `payslip_benefits`;

CREATE TABLE `payslip_benefits` (
  `benefit_id` int(11) NOT NULL AUTO_INCREMENT,
  `payslip_id` int(11) NOT NULL,
  `benefit_type_id` int(11) NOT NULL,
  `amount` double(11,5) DEFAULT NULL,
  `tax_amount` double(11,5) DEFAULT NULL,
  PRIMARY KEY (`benefit_id`)
) ENGINE=InnoDB DEFAULT CHARSET=latin1;

/*Data for the table `payslip_benefits` */

/*Table structure for table `payslip_deductions` */

DROP TABLE IF EXISTS `payslip_deductions`;

CREATE TABLE `payslip_deductions` (
  `deduction_id` int(11) NOT NULL AUTO_INCREMENT,
  `payslip_id` int(11) NOT NULL,
  `deduction_type_id` int(11) NOT NULL,
  `amount` double(11,5) NOT NULL,
  PRIMARY KEY (`deduction_id`)
) ENGINE=InnoDB AUTO_INCREMENT=19 DEFAULT CHARSET=latin1;

/*Data for the table `payslip_deductions` */

insert  into `payslip_deductions`(`deduction_id`,`payslip_id`,`deduction_type_id`,`amount`) values (1,7,4,285.40000),(2,26,4,285.40000),(3,30,2,9000.00000),(4,30,4,1200.00000),(5,71,4,285.40000),(6,75,2,10000.00000),(7,75,4,1200.00000),(8,82,4,285.40000),(9,85,2,9000.00000),(10,85,4,1200.00000),(11,148,4,285.40000),(12,151,2,9000.00000),(13,151,4,1200.00000),(14,162,2,9000.00000),(15,162,4,1200.00000),(16,250,4,285.40000),(17,254,2,10000.00000),(18,254,4,1200.00000);

/*Table structure for table `payslip_deductions_ec` */

DROP TABLE IF EXISTS `payslip_deductions_ec`;

CREATE TABLE `payslip_deductions_ec` (
  `deductions_ec_id` int(11) NOT NULL AUTO_INCREMENT,
  `payslip_id` int(11) NOT NULL,
  `deduction_type_id` int(11) NOT NULL,
  `amount` decimal(11,5) DEFAULT NULL,
  PRIMARY KEY (`deductions_ec_id`)
) ENGINE=InnoDB AUTO_INCREMENT=25 DEFAULT CHARSET=latin1;

/*Data for the table `payslip_deductions_ec` */

insert  into `payslip_deductions_ec`(`deductions_ec_id`,`payslip_id`,`deduction_type_id`,`amount`) values (1,7,4,'285.40000'),(2,22,1,'6950.00000'),(3,24,1,'6255.00000'),(4,26,4,'285.40000'),(5,30,2,'22500.00000'),(6,30,4,'1200.00000'),(7,69,1,'6950.00000'),(8,71,4,'285.40000'),(9,75,2,'25000.00000'),(10,75,4,'1200.00000'),(11,80,1,'6255.00000'),(12,82,4,'285.40000'),(13,85,2,'22500.00000'),(14,85,4,'1200.00000'),(15,146,1,'6255.00000'),(16,148,4,'285.40000'),(17,151,2,'22500.00000'),(18,151,4,'1200.00000'),(19,162,2,'22500.00000'),(20,162,4,'1200.00000'),(21,248,1,'6950.00000'),(22,250,4,'285.40000'),(23,254,2,'25000.00000'),(24,254,4,'1200.00000');

/*Table structure for table `payslip_taxes` */

DROP TABLE IF EXISTS `payslip_taxes`;

CREATE TABLE `payslip_taxes` (
  `tax_item_id` int(11) NOT NULL AUTO_INCREMENT,
  `payslip_id` int(11) NOT NULL,
  `flat_tax_id` int(11) NOT NULL,
  `tax_name` varchar(100) NOT NULL,
  `payable_by` varchar(10) NOT NULL,
  `amount` double(11,5) NOT NULL,
  PRIMARY KEY (`tax_item_id`)
) ENGINE=InnoDB AUTO_INCREMENT=1822 DEFAULT CHARSET=latin1;

/*Data for the table `payslip_taxes` */

insert  into `payslip_taxes`(`tax_item_id`,`payslip_id`,`flat_tax_id`,`tax_name`,`payable_by`,`amount`) values (22,4,1,'ONA','Employee',6750.00000),(23,4,2,'TCT','Employee',1125.00000),(24,4,3,'CAS','Employee',1125.00000),(25,4,4,'FDU','Employee',1125.00000),(26,4,5,'ONA E.C','Company',6750.00000),(27,4,6,'TMS','Company',2250.00000),(28,4,8,'OFATMA','Company',3375.00000),(29,5,1,'ONA','Employee',4860.00000),(30,5,2,'TCT','Employee',810.00000),(31,5,3,'CAS','Employee',810.00000),(32,5,4,'FDU','Employee',810.00000),(33,5,5,'ONA E.C','Company',4860.00000),(34,5,6,'TMS','Company',1620.00000),(35,5,8,'OFATMA','Company',2430.00000),(36,6,1,'ONA','Employee',660.00000),(37,6,2,'TCT','Employee',110.00000),(38,6,3,'CAS','Employee',110.00000),(39,6,4,'FDU','Employee',110.00000),(40,6,5,'ONA E.C','Company',660.00000),(41,6,6,'TMS','Company',220.00000),(42,6,8,'OFATMA','Company',330.00000),(43,7,1,'ONA','Employee',1293.78000),(44,7,2,'TCT','Employee',215.63000),(45,7,3,'CAS','Employee',215.63000),(46,7,4,'FDU','Employee',215.63000),(47,7,5,'ONA E.C','Company',1293.78000),(48,7,6,'TMS','Company',431.26000),(49,7,8,'OFATMA','Company',646.89000),(50,8,1,'ONA','Employee',660.00000),(51,8,2,'TCT','Employee',110.00000),(52,8,3,'CAS','Employee',110.00000),(53,8,4,'FDU','Employee',110.00000),(54,8,5,'ONA E.C','Company',660.00000),(55,8,6,'TMS','Company',220.00000),(56,8,8,'OFATMA','Company',330.00000),(57,9,1,'ONA','Employee',1438.56000),(58,9,2,'TCT','Employee',239.76000),(59,9,3,'CAS','Employee',239.76000),(60,9,4,'FDU','Employee',239.76000),(61,9,5,'ONA E.C','Company',1438.56000),(62,9,6,'TMS','Company',479.52000),(63,9,8,'OFATMA','Company',719.28000),(64,10,1,'ONA','Employee',600.00000),(65,10,2,'TCT','Employee',100.00000),(66,10,3,'CAS','Employee',100.00000),(67,10,4,'FDU','Employee',100.00000),(68,10,5,'ONA E.C','Company',600.00000),(69,10,6,'TMS','Company',200.00000),(70,10,8,'OFATMA','Company',300.00000),(71,11,1,'ONA','Employee',6750.00000),(72,11,2,'TCT','Employee',1125.00000),(73,11,3,'CAS','Employee',1125.00000),(74,11,4,'FDU','Employee',1125.00000),(75,11,5,'ONA E.C','Company',6750.00000),(76,11,6,'TMS','Company',2250.00000),(77,11,8,'OFATMA','Company',3375.00000),(78,12,1,'ONA','Employee',2470.50000),(79,12,2,'TCT','Employee',411.75000),(80,12,3,'CAS','Employee',411.75000),(81,12,4,'FDU','Employee',411.75000),(82,12,5,'ONA E.C','Company',2470.50000),(83,12,6,'TMS','Company',823.50000),(84,12,8,'OFATMA','Company',1235.25000),(85,13,1,'ONA','Employee',7978.50000),(86,13,2,'TCT','Employee',1329.75000),(87,13,3,'CAS','Employee',1329.75000),(88,13,4,'FDU','Employee',1329.75000),(89,13,5,'ONA E.C','Company',7978.50000),(90,13,6,'TMS','Company',2659.50000),(91,13,8,'OFATMA','Company',3989.25000),(92,14,1,'ONA','Employee',1056.00000),(93,14,2,'TCT','Employee',176.00000),(94,14,3,'CAS','Employee',176.00000),(95,14,4,'FDU','Employee',176.00000),(96,14,5,'ONA E.C','Company',1056.00000),(97,14,6,'TMS','Company',352.00000),(98,14,8,'OFATMA','Company',528.00000),(99,15,1,'ONA','Employee',3900.00000),(100,15,2,'TCT','Employee',650.00000),(101,15,3,'CAS','Employee',650.00000),(102,15,4,'FDU','Employee',650.00000),(103,15,5,'ONA E.C','Company',3900.00000),(104,15,6,'TMS','Company',1300.00000),(105,15,8,'OFATMA','Company',1950.00000),(106,16,1,'ONA','Employee',660.00000),(107,16,2,'TCT','Employee',110.00000),(108,16,3,'CAS','Employee',110.00000),(109,16,4,'FDU','Employee',110.00000),(110,16,5,'ONA E.C','Company',660.00000),(111,16,6,'TMS','Company',220.00000),(112,16,8,'OFATMA','Company',330.00000),(113,17,1,'ONA','Employee',1056.00000),(114,17,2,'TCT','Employee',176.00000),(115,17,3,'CAS','Employee',176.00000),(116,17,4,'FDU','Employee',176.00000),(117,17,5,'ONA E.C','Company',1056.00000),(118,17,6,'TMS','Company',352.00000),(119,17,8,'OFATMA','Company',528.00000),(120,18,1,'ONA','Employee',1320.00000),(121,18,2,'TCT','Employee',220.00000),(122,18,3,'CAS','Employee',220.00000),(123,18,4,'FDU','Employee',220.00000),(124,18,5,'ONA E.C','Company',1320.00000),(125,18,6,'TMS','Company',440.00000),(126,18,8,'OFATMA','Company',660.00000),(127,19,1,'ONA','Employee',660.00000),(128,19,2,'TCT','Employee',110.00000),(129,19,3,'CAS','Employee',110.00000),(130,19,4,'FDU','Employee',110.00000),(131,19,5,'ONA E.C','Company',660.00000),(132,19,6,'TMS','Company',220.00000),(133,19,8,'OFATMA','Company',330.00000),(134,20,1,'ONA','Employee',9450.00000),(135,20,2,'TCT','Employee',1575.00000),(136,20,3,'CAS','Employee',1575.00000),(137,20,4,'FDU','Employee',1575.00000),(138,20,5,'ONA E.C','Company',9450.00000),(139,20,6,'TMS','Company',3150.00000),(140,20,8,'OFATMA','Company',4725.00000),(148,22,1,'ONA','Employee',4860.00000),(149,22,2,'TCT','Employee',810.00000),(150,22,3,'CAS','Employee',810.00000),(151,22,4,'FDU','Employee',810.00000),(152,22,5,'ONA E.C','Company',4860.00000),(153,22,6,'TMS','Company',1620.00000),(154,22,8,'OFATMA','Company',2430.00000),(155,23,1,'ONA','Employee',1320.00000),(156,23,2,'TCT','Employee',220.00000),(157,23,3,'CAS','Employee',220.00000),(158,23,4,'FDU','Employee',220.00000),(159,23,5,'ONA E.C','Company',1320.00000),(160,23,6,'TMS','Company',440.00000),(161,23,8,'OFATMA','Company',660.00000),(162,24,1,'ONA','Employee',4860.00000),(163,24,2,'TCT','Employee',810.00000),(164,24,3,'CAS','Employee',810.00000),(165,24,4,'FDU','Employee',810.00000),(166,24,5,'ONA E.C','Company',4860.00000),(167,24,6,'TMS','Company',1620.00000),(168,24,8,'OFATMA','Company',2430.00000),(169,25,1,'ONA','Employee',6750.00000),(170,25,2,'TCT','Employee',1125.00000),(171,25,3,'CAS','Employee',1125.00000),(172,25,4,'FDU','Employee',1125.00000),(173,25,5,'ONA E.C','Company',6750.00000),(174,25,6,'TMS','Company',2250.00000),(175,25,8,'OFATMA','Company',3375.00000),(176,26,1,'ONA','Employee',1293.78000),(177,26,2,'TCT','Employee',215.63000),(178,26,3,'CAS','Employee',215.63000),(179,26,4,'FDU','Employee',215.63000),(180,26,5,'ONA E.C','Company',1293.78000),(181,26,6,'TMS','Company',431.26000),(182,26,8,'OFATMA','Company',646.89000),(183,27,1,'ONA','Employee',1754.82000),(184,27,2,'TCT','Employee',292.47000),(185,27,3,'CAS','Employee',292.47000),(186,27,4,'FDU','Employee',292.47000),(187,27,5,'ONA E.C','Company',1754.82000),(188,27,6,'TMS','Company',584.94000),(189,27,8,'OFATMA','Company',877.41000),(190,28,1,'ONA','Employee',660.00000),(191,28,2,'TCT','Employee',110.00000),(192,28,3,'CAS','Employee',110.00000),(193,28,4,'FDU','Employee',110.00000),(194,28,5,'ONA E.C','Company',660.00000),(195,28,6,'TMS','Company',220.00000),(196,28,8,'OFATMA','Company',330.00000),(197,29,1,'ONA','Employee',1438.56000),(198,29,2,'TCT','Employee',239.76000),(199,29,3,'CAS','Employee',239.76000),(200,29,4,'FDU','Employee',239.76000),(201,29,5,'ONA E.C','Company',1438.56000),(202,29,6,'TMS','Company',479.52000),(203,29,8,'OFATMA','Company',719.28000),(204,30,1,'ONA','Employee',600.00000),(205,30,2,'TCT','Employee',100.00000),(206,30,3,'CAS','Employee',100.00000),(207,30,4,'FDU','Employee',100.00000),(208,30,5,'ONA E.C','Company',600.00000),(209,30,6,'TMS','Company',200.00000),(210,30,8,'OFATMA','Company',300.00000),(211,31,1,'ONA','Employee',6750.00000),(212,31,2,'TCT','Employee',1125.00000),(213,31,3,'CAS','Employee',1125.00000),(214,31,4,'FDU','Employee',1125.00000),(215,31,5,'ONA E.C','Company',6750.00000),(216,31,6,'TMS','Company',2250.00000),(217,31,8,'OFATMA','Company',3375.00000),(218,32,1,'ONA','Employee',2470.50000),(219,32,2,'TCT','Employee',411.75000),(220,32,3,'CAS','Employee',411.75000),(221,32,4,'FDU','Employee',411.75000),(222,32,5,'ONA E.C','Company',2470.50000),(223,32,6,'TMS','Company',823.50000),(224,32,8,'OFATMA','Company',1235.25000),(225,33,1,'ONA','Employee',7978.50000),(226,33,2,'TCT','Employee',1329.75000),(227,33,3,'CAS','Employee',1329.75000),(228,33,4,'FDU','Employee',1329.75000),(229,33,5,'ONA E.C','Company',7978.50000),(230,33,6,'TMS','Company',2659.50000),(231,33,8,'OFATMA','Company',3989.25000),(232,34,1,'ONA','Employee',1056.00000),(233,34,2,'TCT','Employee',176.00000),(234,34,3,'CAS','Employee',176.00000),(235,34,4,'FDU','Employee',176.00000),(236,34,5,'ONA E.C','Company',1056.00000),(237,34,6,'TMS','Company',352.00000),(238,34,8,'OFATMA','Company',528.00000),(239,35,1,'ONA','Employee',3900.00000),(240,35,2,'TCT','Employee',650.00000),(241,35,3,'CAS','Employee',650.00000),(242,35,4,'FDU','Employee',650.00000),(243,35,5,'ONA E.C','Company',3900.00000),(244,35,6,'TMS','Company',1300.00000),(245,35,8,'OFATMA','Company',1950.00000),(246,37,1,'ONA','Employee',660.00000),(247,37,2,'TCT','Employee',110.00000),(248,37,3,'CAS','Employee',110.00000),(249,37,4,'FDU','Employee',110.00000),(250,37,5,'ONA E.C','Company',660.00000),(251,37,6,'TMS','Company',220.00000),(252,37,8,'OFATMA','Company',330.00000),(253,38,1,'ONA','Employee',1056.00000),(254,38,2,'TCT','Employee',176.00000),(255,38,3,'CAS','Employee',176.00000),(256,38,4,'FDU','Employee',176.00000),(257,38,5,'ONA E.C','Company',1056.00000),(258,38,6,'TMS','Company',352.00000),(259,38,8,'OFATMA','Company',528.00000),(260,39,1,'ONA','Employee',1056.00000),(261,39,2,'TCT','Employee',176.00000),(262,39,3,'CAS','Employee',176.00000),(263,39,4,'FDU','Employee',176.00000),(264,39,5,'ONA E.C','Company',1056.00000),(265,39,6,'TMS','Company',352.00000),(266,39,8,'OFATMA','Company',528.00000),(267,40,1,'ONA','Employee',1320.00000),(268,40,2,'TCT','Employee',220.00000),(269,40,3,'CAS','Employee',220.00000),(270,40,4,'FDU','Employee',220.00000),(271,40,5,'ONA E.C','Company',1320.00000),(272,40,6,'TMS','Company',440.00000),(273,40,8,'OFATMA','Company',660.00000),(274,41,1,'ONA','Employee',660.00000),(275,41,2,'TCT','Employee',110.00000),(276,41,3,'CAS','Employee',110.00000),(277,41,4,'FDU','Employee',110.00000),(278,41,5,'ONA E.C','Company',660.00000),(279,41,6,'TMS','Company',220.00000),(280,41,8,'OFATMA','Company',330.00000),(281,42,1,'ONA','Employee',4077.00000),(282,42,2,'TCT','Employee',679.50000),(283,42,3,'CAS','Employee',679.50000),(284,42,4,'FDU','Employee',679.50000),(285,42,5,'ONA E.C','Company',4077.00000),(286,42,6,'TMS','Company',1359.00000),(287,42,8,'OFATMA','Company',2038.50000),(288,43,1,'ONA','Employee',5400.00000),(289,43,2,'TCT','Employee',900.00000),(290,43,3,'CAS','Employee',900.00000),(291,43,4,'FDU','Employee',900.00000),(292,43,5,'ONA E.C','Company',5400.00000),(293,43,6,'TMS','Company',1800.00000),(294,43,8,'OFATMA','Company',2700.00000),(295,44,1,'ONA','Employee',1320.00000),(296,44,2,'TCT','Employee',220.00000),(297,44,3,'CAS','Employee',220.00000),(298,44,4,'FDU','Employee',220.00000),(299,44,5,'ONA E.C','Company',1320.00000),(300,44,6,'TMS','Company',440.00000),(301,44,8,'OFATMA','Company',660.00000),(302,45,1,'ONA','Employee',1056.00000),(303,45,2,'TCT','Employee',176.00000),(304,45,3,'CAS','Employee',176.00000),(305,45,4,'FDU','Employee',176.00000),(306,45,5,'ONA E.C','Company',1056.00000),(307,45,6,'TMS','Company',352.00000),(308,45,8,'OFATMA','Company',528.00000),(309,46,1,'ONA','Employee',660.00000),(310,46,2,'TCT','Employee',110.00000),(311,46,3,'CAS','Employee',110.00000),(312,46,4,'FDU','Employee',110.00000),(313,46,5,'ONA E.C','Company',660.00000),(314,46,6,'TMS','Company',220.00000),(315,46,8,'OFATMA','Company',330.00000),(316,47,1,'ONA','Employee',1754.82000),(317,47,2,'TCT','Employee',292.47000),(318,47,3,'CAS','Employee',292.47000),(319,47,4,'FDU','Employee',292.47000),(320,47,5,'ONA E.C','Company',1754.82000),(321,47,6,'TMS','Company',584.94000),(322,47,8,'OFATMA','Company',877.41000),(323,48,1,'ONA','Employee',600.00000),(324,48,2,'TCT','Employee',100.00000),(325,48,3,'CAS','Employee',100.00000),(326,48,4,'FDU','Employee',100.00000),(327,48,5,'ONA E.C','Company',600.00000),(328,48,6,'TMS','Company',200.00000),(329,48,8,'OFATMA','Company',300.00000),(330,49,1,'ONA','Employee',660.00000),(331,49,2,'TCT','Employee',110.00000),(332,49,3,'CAS','Employee',110.00000),(333,49,4,'FDU','Employee',110.00000),(334,49,5,'ONA E.C','Company',660.00000),(335,49,6,'TMS','Company',220.00000),(336,49,8,'OFATMA','Company',330.00000),(337,50,1,'ONA','Employee',2865.00000),(338,50,2,'TCT','Employee',477.50000),(339,50,3,'CAS','Employee',477.50000),(340,50,4,'FDU','Employee',477.50000),(341,50,5,'ONA E.C','Company',2865.00000),(342,50,6,'TMS','Company',955.00000),(343,50,8,'OFATMA','Company',1432.50000),(344,51,1,'ONA','Employee',660.00000),(345,51,2,'TCT','Employee',110.00000),(346,51,3,'CAS','Employee',110.00000),(347,51,4,'FDU','Employee',110.00000),(348,51,5,'ONA E.C','Company',660.00000),(349,51,6,'TMS','Company',220.00000),(350,51,8,'OFATMA','Company',330.00000),(351,52,1,'ONA','Employee',660.00000),(352,52,2,'TCT','Employee',110.00000),(353,52,3,'CAS','Employee',110.00000),(354,52,4,'FDU','Employee',110.00000),(355,52,5,'ONA E.C','Company',660.00000),(356,52,6,'TMS','Company',220.00000),(357,52,8,'OFATMA','Company',330.00000),(358,53,1,'ONA','Employee',660.00000),(359,53,2,'TCT','Employee',110.00000),(360,53,3,'CAS','Employee',110.00000),(361,53,4,'FDU','Employee',110.00000),(362,53,5,'ONA E.C','Company',660.00000),(363,53,6,'TMS','Company',220.00000),(364,53,8,'OFATMA','Company',330.00000),(365,54,1,'ONA','Employee',660.00000),(366,54,2,'TCT','Employee',110.00000),(367,54,3,'CAS','Employee',110.00000),(368,54,4,'FDU','Employee',110.00000),(369,54,5,'ONA E.C','Company',660.00000),(370,54,6,'TMS','Company',220.00000),(371,54,8,'OFATMA','Company',330.00000),(372,55,1,'ONA','Employee',600.00000),(373,55,2,'TCT','Employee',100.00000),(374,55,3,'CAS','Employee',100.00000),(375,55,4,'FDU','Employee',100.00000),(376,55,5,'ONA E.C','Company',600.00000),(377,55,6,'TMS','Company',200.00000),(378,55,8,'OFATMA','Company',300.00000),(379,56,1,'ONA','Employee',1056.00000),(380,56,2,'TCT','Employee',176.00000),(381,56,3,'CAS','Employee',176.00000),(382,56,4,'FDU','Employee',176.00000),(383,56,5,'ONA E.C','Company',1056.00000),(384,56,6,'TMS','Company',352.00000),(385,56,8,'OFATMA','Company',528.00000),(386,58,1,'ONA','Employee',600.00000),(387,58,2,'TCT','Employee',100.00000),(388,58,3,'CAS','Employee',100.00000),(389,58,4,'FDU','Employee',100.00000),(390,58,5,'ONA E.C','Company',600.00000),(391,58,6,'TMS','Company',200.00000),(392,58,8,'OFATMA','Company',300.00000),(393,59,1,'ONA','Employee',600.00000),(394,59,2,'TCT','Employee',100.00000),(395,59,3,'CAS','Employee',100.00000),(396,59,4,'FDU','Employee',100.00000),(397,59,5,'ONA E.C','Company',600.00000),(398,59,6,'TMS','Company',200.00000),(399,59,8,'OFATMA','Company',300.00000),(400,60,1,'ONA','Employee',660.00000),(401,60,2,'TCT','Employee',110.00000),(402,60,3,'CAS','Employee',110.00000),(403,60,4,'FDU','Employee',110.00000),(404,60,5,'ONA E.C','Company',660.00000),(405,60,6,'TMS','Company',220.00000),(406,60,8,'OFATMA','Company',330.00000),(407,63,1,'ONA','Employee',660.00000),(408,63,2,'TCT','Employee',110.00000),(409,63,3,'CAS','Employee',110.00000),(410,63,4,'FDU','Employee',110.00000),(411,63,5,'ONA E.C','Company',660.00000),(412,63,6,'TMS','Company',220.00000),(413,63,8,'OFATMA','Company',330.00000),(414,68,1,'ONA','Employee',1320.00000),(415,68,2,'TCT','Employee',220.00000),(416,68,3,'CAS','Employee',220.00000),(417,68,4,'FDU','Employee',220.00000),(418,68,5,'ONA E.C','Company',1320.00000),(419,68,6,'TMS','Company',440.00000),(420,68,8,'OFATMA','Company',660.00000),(421,69,1,'ONA','Employee',4860.00000),(422,69,2,'TCT','Employee',810.00000),(423,69,3,'CAS','Employee',810.00000),(424,69,4,'FDU','Employee',810.00000),(425,69,5,'ONA E.C','Company',4860.00000),(426,69,6,'TMS','Company',1620.00000),(427,69,8,'OFATMA','Company',2430.00000),(428,70,1,'ONA','Employee',6750.00000),(429,70,2,'TCT','Employee',1125.00000),(430,70,3,'CAS','Employee',1125.00000),(431,70,4,'FDU','Employee',1125.00000),(432,70,5,'ONA E.C','Company',6750.00000),(433,70,6,'TMS','Company',2250.00000),(434,70,8,'OFATMA','Company',3375.00000),(435,71,1,'ONA','Employee',1293.78000),(436,71,2,'TCT','Employee',215.63000),(437,71,3,'CAS','Employee',215.63000),(438,71,4,'FDU','Employee',215.63000),(439,71,5,'ONA E.C','Company',1293.78000),(440,71,6,'TMS','Company',431.26000),(441,71,8,'OFATMA','Company',646.89000),(442,72,1,'ONA','Employee',1754.82000),(443,72,2,'TCT','Employee',292.47000),(444,72,3,'CAS','Employee',292.47000),(445,72,4,'FDU','Employee',292.47000),(446,72,5,'ONA E.C','Company',1754.82000),(447,72,6,'TMS','Company',584.94000),(448,72,8,'OFATMA','Company',877.41000),(449,73,1,'ONA','Employee',660.00000),(450,73,2,'TCT','Employee',110.00000),(451,73,3,'CAS','Employee',110.00000),(452,73,4,'FDU','Employee',110.00000),(453,73,5,'ONA E.C','Company',660.00000),(454,73,6,'TMS','Company',220.00000),(455,73,8,'OFATMA','Company',330.00000),(456,74,1,'ONA','Employee',1438.56000),(457,74,2,'TCT','Employee',239.76000),(458,74,3,'CAS','Employee',239.76000),(459,74,4,'FDU','Employee',239.76000),(460,74,5,'ONA E.C','Company',1438.56000),(461,74,6,'TMS','Company',479.52000),(462,74,8,'OFATMA','Company',719.28000),(463,75,1,'ONA','Employee',600.00000),(464,75,2,'TCT','Employee',100.00000),(465,75,3,'CAS','Employee',100.00000),(466,75,4,'FDU','Employee',100.00000),(467,75,5,'ONA E.C','Company',600.00000),(468,75,6,'TMS','Company',200.00000),(469,75,8,'OFATMA','Company',300.00000),(470,76,1,'ONA','Employee',6750.00000),(471,76,2,'TCT','Employee',1125.00000),(472,76,3,'CAS','Employee',1125.00000),(473,76,4,'FDU','Employee',1125.00000),(474,76,5,'ONA E.C','Company',6750.00000),(475,76,6,'TMS','Company',2250.00000),(476,76,8,'OFATMA','Company',3375.00000),(477,77,1,'ONA','Employee',7560.00000),(478,77,2,'TCT','Employee',1260.00000),(479,77,3,'CAS','Employee',1260.00000),(480,77,4,'FDU','Employee',1260.00000),(481,77,5,'ONA E.C','Company',7560.00000),(482,77,6,'TMS','Company',2520.00000),(483,77,8,'OFATMA','Company',3780.00000),(484,78,1,'ONA','Employee',2470.50000),(485,78,2,'TCT','Employee',411.75000),(486,79,1,'ONA','Employee',1320.00000),(487,79,2,'TCT','Employee',220.00000),(488,79,3,'CAS','Employee',220.00000),(489,79,4,'FDU','Employee',220.00000),(490,79,5,'ONA E.C','Company',1320.00000),(491,79,6,'TMS','Company',440.00000),(492,79,8,'OFATMA','Company',660.00000),(493,80,1,'ONA','Employee',4860.00000),(494,80,2,'TCT','Employee',810.00000),(495,80,3,'CAS','Employee',810.00000),(496,80,4,'FDU','Employee',810.00000),(497,80,5,'ONA E.C','Company',4860.00000),(498,80,6,'TMS','Company',1620.00000),(499,80,8,'OFATMA','Company',2430.00000),(500,81,1,'ONA','Employee',6750.00000),(501,81,2,'TCT','Employee',1125.00000),(502,81,3,'CAS','Employee',1125.00000),(503,81,4,'FDU','Employee',1125.00000),(504,81,5,'ONA E.C','Company',6750.00000),(505,81,6,'TMS','Company',2250.00000),(506,81,8,'OFATMA','Company',3375.00000),(507,82,1,'ONA','Employee',1293.78000),(508,82,2,'TCT','Employee',215.63000),(509,82,3,'CAS','Employee',215.63000),(510,82,4,'FDU','Employee',215.63000),(511,82,5,'ONA E.C','Company',1293.78000),(512,82,6,'TMS','Company',431.26000),(513,82,8,'OFATMA','Company',646.89000),(514,83,1,'ONA','Employee',660.00000),(515,83,2,'TCT','Employee',110.00000),(516,83,3,'CAS','Employee',110.00000),(517,83,4,'FDU','Employee',110.00000),(518,83,5,'ONA E.C','Company',660.00000),(519,83,6,'TMS','Company',220.00000),(520,83,8,'OFATMA','Company',330.00000),(521,84,1,'ONA','Employee',1438.56000),(522,84,2,'TCT','Employee',239.76000),(523,84,3,'CAS','Employee',239.76000),(524,84,4,'FDU','Employee',239.76000),(525,84,5,'ONA E.C','Company',1438.56000),(526,84,6,'TMS','Company',479.52000),(527,84,8,'OFATMA','Company',719.28000),(528,85,1,'ONA','Employee',600.00000),(529,85,2,'TCT','Employee',100.00000),(530,85,3,'CAS','Employee',100.00000),(531,85,4,'FDU','Employee',100.00000),(532,85,5,'ONA E.C','Company',600.00000),(533,85,6,'TMS','Company',200.00000),(534,85,8,'OFATMA','Company',300.00000),(535,86,1,'ONA','Employee',6750.00000),(536,86,2,'TCT','Employee',1125.00000),(537,86,3,'CAS','Employee',1125.00000),(538,86,4,'FDU','Employee',1125.00000),(539,86,5,'ONA E.C','Company',6750.00000),(540,86,6,'TMS','Company',2250.00000),(541,86,8,'OFATMA','Company',3375.00000),(542,87,1,'ONA','Employee',2470.50000),(543,87,2,'TCT','Employee',411.75000),(544,87,3,'CAS','Employee',411.75000),(545,87,4,'FDU','Employee',411.75000),(546,87,5,'ONA E.C','Company',2470.50000),(547,87,6,'TMS','Company',823.50000),(548,87,8,'OFATMA','Company',1235.25000),(549,88,1,'ONA','Employee',7978.50000),(550,88,2,'TCT','Employee',1329.75000),(551,88,3,'CAS','Employee',1329.75000),(552,88,4,'FDU','Employee',1329.75000),(553,88,5,'ONA E.C','Company',7978.50000),(554,88,6,'TMS','Company',2659.50000),(555,88,8,'OFATMA','Company',3989.25000),(556,89,1,'ONA','Employee',1056.00000),(557,89,2,'TCT','Employee',176.00000),(558,89,3,'CAS','Employee',176.00000),(559,89,4,'FDU','Employee',176.00000),(560,89,5,'ONA E.C','Company',1056.00000),(561,89,6,'TMS','Company',352.00000),(562,89,8,'OFATMA','Company',528.00000),(563,90,1,'ONA','Employee',3900.00000),(564,90,2,'TCT','Employee',650.00000),(565,90,3,'CAS','Employee',650.00000),(566,90,4,'FDU','Employee',650.00000),(567,90,5,'ONA E.C','Company',3900.00000),(568,90,6,'TMS','Company',1300.00000),(569,90,8,'OFATMA','Company',1950.00000),(570,92,1,'ONA','Employee',660.00000),(571,92,2,'TCT','Employee',110.00000),(572,92,3,'CAS','Employee',110.00000),(573,92,4,'FDU','Employee',110.00000),(574,92,5,'ONA E.C','Company',660.00000),(575,92,6,'TMS','Company',220.00000),(576,92,8,'OFATMA','Company',330.00000),(577,93,1,'ONA','Employee',1056.00000),(578,93,2,'TCT','Employee',176.00000),(579,93,3,'CAS','Employee',176.00000),(580,93,4,'FDU','Employee',176.00000),(581,93,5,'ONA E.C','Company',1056.00000),(582,93,6,'TMS','Company',352.00000),(583,93,8,'OFATMA','Company',528.00000),(584,94,1,'ONA','Employee',1056.00000),(585,94,2,'TCT','Employee',176.00000),(586,94,3,'CAS','Employee',176.00000),(587,94,4,'FDU','Employee',176.00000),(588,94,5,'ONA E.C','Company',1056.00000),(589,94,6,'TMS','Company',352.00000),(590,94,8,'OFATMA','Company',528.00000),(591,95,1,'ONA','Employee',6750.00000),(592,95,2,'TCT','Employee',1125.00000),(593,95,3,'CAS','Employee',1125.00000),(594,95,4,'FDU','Employee',1125.00000),(595,95,5,'ONA E.C','Company',6750.00000),(596,95,6,'TMS','Company',2250.00000),(597,95,8,'OFATMA','Company',3375.00000),(598,96,1,'ONA','Employee',2470.50000),(599,96,2,'TCT','Employee',411.75000),(600,96,3,'CAS','Employee',411.75000),(601,96,4,'FDU','Employee',411.75000),(602,96,5,'ONA E.C','Company',2470.50000),(603,96,6,'TMS','Company',823.50000),(604,96,8,'OFATMA','Company',1235.25000),(605,97,1,'ONA','Employee',7978.50000),(606,97,2,'TCT','Employee',1329.75000),(607,97,3,'CAS','Employee',1329.75000),(608,97,4,'FDU','Employee',1329.75000),(609,97,5,'ONA E.C','Company',7978.50000),(610,97,6,'TMS','Company',2659.50000),(611,97,8,'OFATMA','Company',3989.25000),(612,98,1,'ONA','Employee',1056.00000),(613,98,2,'TCT','Employee',176.00000),(614,98,3,'CAS','Employee',176.00000),(615,98,4,'FDU','Employee',176.00000),(616,98,5,'ONA E.C','Company',1056.00000),(617,98,6,'TMS','Company',352.00000),(618,98,8,'OFATMA','Company',528.00000),(619,99,1,'ONA','Employee',3900.00000),(620,99,2,'TCT','Employee',650.00000),(621,99,3,'CAS','Employee',650.00000),(622,99,4,'FDU','Employee',650.00000),(623,99,5,'ONA E.C','Company',3900.00000),(624,99,6,'TMS','Company',1300.00000),(625,99,8,'OFATMA','Company',1950.00000),(626,101,1,'ONA','Employee',660.00000),(627,101,2,'TCT','Employee',110.00000),(628,101,3,'CAS','Employee',110.00000),(629,101,4,'FDU','Employee',110.00000),(630,101,5,'ONA E.C','Company',660.00000),(631,101,6,'TMS','Company',220.00000),(632,101,8,'OFATMA','Company',330.00000),(633,102,1,'ONA','Employee',1056.00000),(634,102,2,'TCT','Employee',176.00000),(635,102,3,'CAS','Employee',176.00000),(636,102,4,'FDU','Employee',176.00000),(637,102,5,'ONA E.C','Company',1056.00000),(638,102,6,'TMS','Company',352.00000),(639,102,8,'OFATMA','Company',528.00000),(640,103,1,'ONA','Employee',1056.00000),(641,103,2,'TCT','Employee',176.00000),(642,103,3,'CAS','Employee',176.00000),(643,103,4,'FDU','Employee',176.00000),(644,103,5,'ONA E.C','Company',1056.00000),(645,103,6,'TMS','Company',352.00000),(646,103,8,'OFATMA','Company',528.00000),(647,104,1,'ONA','Employee',1320.00000),(648,104,2,'TCT','Employee',220.00000),(649,104,3,'CAS','Employee',220.00000),(650,104,4,'FDU','Employee',220.00000),(651,104,5,'ONA E.C','Company',1320.00000),(652,104,6,'TMS','Company',440.00000),(653,104,8,'OFATMA','Company',660.00000),(654,105,1,'ONA','Employee',660.00000),(655,105,2,'TCT','Employee',110.00000),(656,105,3,'CAS','Employee',110.00000),(657,105,4,'FDU','Employee',110.00000),(658,105,5,'ONA E.C','Company',660.00000),(659,105,6,'TMS','Company',220.00000),(660,105,8,'OFATMA','Company',330.00000),(661,106,1,'ONA','Employee',600.00000),(662,106,2,'TCT','Employee',100.00000),(663,106,3,'CAS','Employee',100.00000),(664,106,4,'FDU','Employee',100.00000),(665,106,5,'ONA E.C','Company',600.00000),(666,106,6,'TMS','Company',200.00000),(667,106,8,'OFATMA','Company',300.00000),(668,107,1,'ONA','Employee',9450.00000),(669,107,2,'TCT','Employee',1575.00000),(670,107,3,'CAS','Employee',1575.00000),(671,107,4,'FDU','Employee',1575.00000),(672,107,5,'ONA E.C','Company',9450.00000),(673,107,6,'TMS','Company',3150.00000),(674,107,8,'OFATMA','Company',4725.00000),(675,108,1,'ONA','Employee',600.00000),(676,108,2,'TCT','Employee',100.00000),(677,108,3,'CAS','Employee',100.00000),(678,108,4,'FDU','Employee',100.00000),(679,108,5,'ONA E.C','Company',600.00000),(680,108,6,'TMS','Company',200.00000),(681,108,8,'OFATMA','Company',300.00000),(682,109,1,'ONA','Employee',2507.70000),(683,109,2,'TCT','Employee',417.95000),(684,109,3,'CAS','Employee',417.95000),(685,109,4,'FDU','Employee',417.95000),(686,109,5,'ONA E.C','Company',2507.70000),(687,109,6,'TMS','Company',835.90000),(688,109,8,'OFATMA','Company',1253.85000),(689,110,1,'ONA','Employee',1320.00000),(690,110,2,'TCT','Employee',220.00000),(691,110,3,'CAS','Employee',220.00000),(692,110,4,'FDU','Employee',220.00000),(693,110,5,'ONA E.C','Company',1320.00000),(694,110,6,'TMS','Company',440.00000),(695,110,8,'OFATMA','Company',660.00000),(696,111,1,'ONA','Employee',660.00000),(697,111,2,'TCT','Employee',110.00000),(698,111,3,'CAS','Employee',110.00000),(699,111,4,'FDU','Employee',110.00000),(700,111,5,'ONA E.C','Company',660.00000),(701,111,6,'TMS','Company',220.00000),(702,111,8,'OFATMA','Company',330.00000),(703,112,1,'ONA','Employee',1320.00000),(704,112,2,'TCT','Employee',220.00000),(705,112,3,'CAS','Employee',220.00000),(706,112,4,'FDU','Employee',220.00000),(707,112,5,'ONA E.C','Company',1320.00000),(708,112,6,'TMS','Company',440.00000),(709,112,8,'OFATMA','Company',660.00000),(710,113,1,'ONA','Employee',1320.00000),(711,113,2,'TCT','Employee',220.00000),(712,113,3,'CAS','Employee',220.00000),(713,113,4,'FDU','Employee',220.00000),(714,113,5,'ONA E.C','Company',1320.00000),(715,113,6,'TMS','Company',440.00000),(716,113,8,'OFATMA','Company',660.00000),(717,114,1,'ONA','Employee',4077.00000),(718,114,2,'TCT','Employee',679.50000),(719,114,3,'CAS','Employee',679.50000),(720,114,4,'FDU','Employee',679.50000),(721,114,5,'ONA E.C','Company',4077.00000),(722,114,6,'TMS','Company',1359.00000),(723,114,8,'OFATMA','Company',2038.50000),(724,115,1,'ONA','Employee',5400.00000),(725,115,2,'TCT','Employee',900.00000),(726,115,3,'CAS','Employee',900.00000),(727,115,4,'FDU','Employee',900.00000),(728,115,5,'ONA E.C','Company',5400.00000),(729,115,6,'TMS','Company',1800.00000),(730,115,8,'OFATMA','Company',2700.00000),(731,116,1,'ONA','Employee',2470.50000),(732,116,2,'TCT','Employee',411.75000),(733,116,3,'CAS','Employee',411.75000),(734,116,4,'FDU','Employee',411.75000),(735,116,5,'ONA E.C','Company',2470.50000),(736,116,6,'TMS','Company',823.50000),(737,116,8,'OFATMA','Company',1235.25000),(738,117,1,'ONA','Employee',7978.50000),(739,117,2,'TCT','Employee',1329.75000),(740,117,3,'CAS','Employee',1329.75000),(741,117,4,'FDU','Employee',1329.75000),(742,117,5,'ONA E.C','Company',7978.50000),(743,117,6,'TMS','Company',2659.50000),(744,117,8,'OFATMA','Company',3989.25000),(745,118,1,'ONA','Employee',1056.00000),(746,118,2,'TCT','Employee',176.00000),(747,118,3,'CAS','Employee',176.00000),(748,118,4,'FDU','Employee',176.00000),(749,118,5,'ONA E.C','Company',1056.00000),(750,118,6,'TMS','Company',352.00000),(751,118,8,'OFATMA','Company',528.00000),(752,119,1,'ONA','Employee',3900.00000),(753,119,2,'TCT','Employee',650.00000),(754,119,3,'CAS','Employee',650.00000),(755,119,4,'FDU','Employee',650.00000),(756,119,5,'ONA E.C','Company',3900.00000),(757,119,6,'TMS','Company',1300.00000),(758,119,8,'OFATMA','Company',1950.00000),(759,120,1,'ONA','Employee',660.00000),(760,120,2,'TCT','Employee',110.00000),(761,120,3,'CAS','Employee',110.00000),(762,120,4,'FDU','Employee',110.00000),(763,120,5,'ONA E.C','Company',660.00000),(764,120,6,'TMS','Company',220.00000),(765,120,8,'OFATMA','Company',330.00000),(766,121,1,'ONA','Employee',1056.00000),(767,121,2,'TCT','Employee',176.00000),(768,121,3,'CAS','Employee',176.00000),(769,121,4,'FDU','Employee',176.00000),(770,121,5,'ONA E.C','Company',1056.00000),(771,121,6,'TMS','Company',352.00000),(772,121,8,'OFATMA','Company',528.00000),(773,122,1,'ONA','Employee',1056.00000),(774,122,2,'TCT','Employee',176.00000),(775,122,3,'CAS','Employee',176.00000),(776,122,4,'FDU','Employee',176.00000),(777,122,5,'ONA E.C','Company',1056.00000),(778,122,6,'TMS','Company',352.00000),(779,122,8,'OFATMA','Company',528.00000),(780,123,1,'ONA','Employee',1320.00000),(781,123,2,'TCT','Employee',220.00000),(782,123,3,'CAS','Employee',220.00000),(783,123,4,'FDU','Employee',220.00000),(784,123,5,'ONA E.C','Company',1320.00000),(785,123,6,'TMS','Company',440.00000),(786,123,8,'OFATMA','Company',660.00000),(787,124,1,'ONA','Employee',660.00000),(788,124,2,'TCT','Employee',110.00000),(789,124,3,'CAS','Employee',110.00000),(790,124,4,'FDU','Employee',110.00000),(791,124,5,'ONA E.C','Company',660.00000),(792,124,6,'TMS','Company',220.00000),(793,124,8,'OFATMA','Company',330.00000),(794,125,1,'ONA','Employee',600.00000),(795,125,2,'TCT','Employee',100.00000),(796,125,3,'CAS','Employee',100.00000),(797,125,4,'FDU','Employee',100.00000),(798,125,5,'ONA E.C','Company',600.00000),(799,125,6,'TMS','Company',200.00000),(800,125,8,'OFATMA','Company',300.00000),(801,126,1,'ONA','Employee',9450.00000),(802,126,2,'TCT','Employee',1575.00000),(803,126,3,'CAS','Employee',1575.00000),(804,126,4,'FDU','Employee',1575.00000),(805,126,5,'ONA E.C','Company',9450.00000),(806,126,6,'TMS','Company',3150.00000),(807,126,8,'OFATMA','Company',4725.00000),(808,127,1,'ONA','Employee',600.00000),(809,127,2,'TCT','Employee',100.00000),(810,127,3,'CAS','Employee',100.00000),(811,127,4,'FDU','Employee',100.00000),(812,127,5,'ONA E.C','Company',600.00000),(813,127,6,'TMS','Company',200.00000),(814,127,8,'OFATMA','Company',300.00000),(815,128,1,'ONA','Employee',2507.70000),(816,128,2,'TCT','Employee',417.95000),(817,128,3,'CAS','Employee',417.95000),(818,128,4,'FDU','Employee',417.95000),(819,128,5,'ONA E.C','Company',2507.70000),(820,128,6,'TMS','Company',835.90000),(821,128,8,'OFATMA','Company',1253.85000),(822,129,1,'ONA','Employee',1320.00000),(823,129,2,'TCT','Employee',220.00000),(824,129,3,'CAS','Employee',220.00000),(825,129,4,'FDU','Employee',220.00000),(826,129,5,'ONA E.C','Company',1320.00000),(827,129,6,'TMS','Company',440.00000),(828,129,8,'OFATMA','Company',660.00000),(829,130,1,'ONA','Employee',660.00000),(830,130,2,'TCT','Employee',110.00000),(831,130,3,'CAS','Employee',110.00000),(832,130,4,'FDU','Employee',110.00000),(833,130,5,'ONA E.C','Company',660.00000),(834,130,6,'TMS','Company',220.00000),(835,130,8,'OFATMA','Company',330.00000),(836,131,1,'ONA','Employee',1320.00000),(837,131,2,'TCT','Employee',220.00000),(838,131,3,'CAS','Employee',220.00000),(839,131,4,'FDU','Employee',220.00000),(840,131,5,'ONA E.C','Company',1320.00000),(841,131,6,'TMS','Company',440.00000),(842,131,8,'OFATMA','Company',660.00000),(843,132,1,'ONA','Employee',1320.00000),(844,132,2,'TCT','Employee',220.00000),(845,132,3,'CAS','Employee',220.00000),(846,132,4,'FDU','Employee',220.00000),(847,132,5,'ONA E.C','Company',1320.00000),(848,132,6,'TMS','Company',440.00000),(849,132,8,'OFATMA','Company',660.00000),(850,133,1,'ONA','Employee',4077.00000),(851,133,2,'TCT','Employee',679.50000),(852,133,3,'CAS','Employee',679.50000),(853,133,4,'FDU','Employee',679.50000),(854,133,5,'ONA E.C','Company',4077.00000),(855,133,6,'TMS','Company',1359.00000),(856,133,8,'OFATMA','Company',2038.50000),(857,134,1,'ONA','Employee',5400.00000),(858,134,2,'TCT','Employee',900.00000),(859,134,3,'CAS','Employee',900.00000),(860,134,4,'FDU','Employee',900.00000),(861,134,5,'ONA E.C','Company',5400.00000),(862,134,6,'TMS','Company',1800.00000),(863,134,8,'OFATMA','Company',2700.00000),(864,135,1,'ONA','Employee',1320.00000),(865,135,2,'TCT','Employee',220.00000),(866,135,3,'CAS','Employee',220.00000),(867,135,4,'FDU','Employee',220.00000),(868,135,5,'ONA E.C','Company',1320.00000),(869,135,6,'TMS','Company',440.00000),(870,135,8,'OFATMA','Company',660.00000),(871,136,1,'ONA','Employee',1056.00000),(872,136,2,'TCT','Employee',176.00000),(873,136,3,'CAS','Employee',176.00000),(874,136,4,'FDU','Employee',176.00000),(875,136,5,'ONA E.C','Company',1056.00000),(876,136,6,'TMS','Company',352.00000),(877,136,8,'OFATMA','Company',528.00000),(878,137,1,'ONA','Employee',660.00000),(879,137,2,'TCT','Employee',110.00000),(880,137,3,'CAS','Employee',110.00000),(881,137,4,'FDU','Employee',110.00000),(882,137,5,'ONA E.C','Company',660.00000),(883,137,6,'TMS','Company',220.00000),(884,137,8,'OFATMA','Company',330.00000),(885,138,1,'ONA','Employee',660.00000),(886,138,2,'TCT','Employee',110.00000),(887,138,3,'CAS','Employee',110.00000),(888,138,4,'FDU','Employee',110.00000),(889,138,5,'ONA E.C','Company',660.00000),(890,138,6,'TMS','Company',220.00000),(891,138,8,'OFATMA','Company',330.00000),(892,139,1,'ONA','Employee',1320.00000),(893,139,2,'TCT','Employee',220.00000),(894,139,3,'CAS','Employee',220.00000),(895,139,4,'FDU','Employee',220.00000),(896,139,5,'ONA E.C','Company',1320.00000),(897,139,6,'TMS','Company',440.00000),(898,139,8,'OFATMA','Company',660.00000),(899,140,1,'ONA','Employee',600.00000),(900,140,2,'TCT','Employee',100.00000),(901,140,3,'CAS','Employee',100.00000),(902,140,4,'FDU','Employee',100.00000),(903,140,5,'ONA E.C','Company',600.00000),(904,140,6,'TMS','Company',200.00000),(905,140,8,'OFATMA','Company',300.00000),(906,141,1,'ONA','Employee',660.00000),(907,141,2,'TCT','Employee',110.00000),(908,141,3,'CAS','Employee',110.00000),(909,141,4,'FDU','Employee',110.00000),(910,141,5,'ONA E.C','Company',660.00000),(911,141,6,'TMS','Company',220.00000),(912,141,8,'OFATMA','Company',330.00000),(913,142,1,'ONA','Employee',2865.00000),(914,142,2,'TCT','Employee',477.50000),(915,142,3,'CAS','Employee',477.50000),(916,142,4,'FDU','Employee',477.50000),(917,142,5,'ONA E.C','Company',2865.00000),(918,142,6,'TMS','Company',955.00000),(919,142,8,'OFATMA','Company',1432.50000),(920,143,1,'ONA','Employee',660.00000),(921,143,2,'TCT','Employee',110.00000),(922,143,3,'CAS','Employee',110.00000),(923,143,4,'FDU','Employee',110.00000),(924,143,5,'ONA E.C','Company',660.00000),(925,143,6,'TMS','Company',220.00000),(926,143,8,'OFATMA','Company',330.00000),(927,145,1,'ONA','Employee',1320.00000),(928,145,2,'TCT','Employee',220.00000),(929,145,3,'CAS','Employee',220.00000),(930,145,4,'FDU','Employee',220.00000),(931,145,5,'ONA E.C','Company',1320.00000),(932,145,6,'TMS','Company',440.00000),(933,145,8,'OFATMA','Company',660.00000),(934,146,1,'ONA','Employee',4860.00000),(935,146,2,'TCT','Employee',810.00000),(936,146,3,'CAS','Employee',810.00000),(937,146,4,'FDU','Employee',810.00000),(938,146,5,'ONA E.C','Company',4860.00000),(939,146,6,'TMS','Company',1620.00000),(940,146,8,'OFATMA','Company',2430.00000),(941,147,1,'ONA','Employee',6750.00000),(942,147,2,'TCT','Employee',1125.00000),(943,147,3,'CAS','Employee',1125.00000),(944,147,4,'FDU','Employee',1125.00000),(945,147,5,'ONA E.C','Company',6750.00000),(946,147,6,'TMS','Company',2250.00000),(947,147,8,'OFATMA','Company',3375.00000),(948,148,1,'ONA','Employee',1293.78000),(949,148,2,'TCT','Employee',215.63000),(950,148,3,'CAS','Employee',215.63000),(951,148,4,'FDU','Employee',215.63000),(952,148,5,'ONA E.C','Company',1293.78000),(953,148,6,'TMS','Company',431.26000),(954,148,8,'OFATMA','Company',646.89000),(955,149,1,'ONA','Employee',660.00000),(956,149,2,'TCT','Employee',110.00000),(957,149,3,'CAS','Employee',110.00000),(958,149,4,'FDU','Employee',110.00000),(959,149,5,'ONA E.C','Company',660.00000),(960,149,6,'TMS','Company',220.00000),(961,149,8,'OFATMA','Company',330.00000),(962,150,1,'ONA','Employee',1438.56000),(963,150,2,'TCT','Employee',239.76000),(964,150,3,'CAS','Employee',239.76000),(965,150,4,'FDU','Employee',239.76000),(966,150,5,'ONA E.C','Company',1438.56000),(967,150,6,'TMS','Company',479.52000),(968,150,8,'OFATMA','Company',719.28000),(969,151,1,'ONA','Employee',600.00000),(970,151,2,'TCT','Employee',100.00000),(971,151,3,'CAS','Employee',100.00000),(972,151,4,'FDU','Employee',100.00000),(973,151,5,'ONA E.C','Company',600.00000),(974,151,6,'TMS','Company',200.00000),(975,151,8,'OFATMA','Company',300.00000),(976,152,1,'ONA','Employee',6750.00000),(977,152,2,'TCT','Employee',1125.00000),(978,152,3,'CAS','Employee',1125.00000),(979,152,4,'FDU','Employee',1125.00000),(980,152,5,'ONA E.C','Company',6750.00000),(981,152,6,'TMS','Company',2250.00000),(982,152,8,'OFATMA','Company',3375.00000),(983,153,1,'ONA','Employee',660.00000),(984,153,2,'TCT','Employee',110.00000),(985,153,3,'CAS','Employee',110.00000),(986,153,4,'FDU','Employee',110.00000),(987,153,5,'ONA E.C','Company',660.00000),(988,153,6,'TMS','Company',220.00000),(989,153,8,'OFATMA','Company',330.00000),(990,154,1,'ONA','Employee',660.00000),(991,154,2,'TCT','Employee',110.00000),(992,154,3,'CAS','Employee',110.00000),(993,154,4,'FDU','Employee',110.00000),(994,154,5,'ONA E.C','Company',660.00000),(995,154,6,'TMS','Company',220.00000),(996,154,8,'OFATMA','Company',330.00000),(997,155,1,'ONA','Employee',600.00000),(998,155,2,'TCT','Employee',100.00000),(999,155,3,'CAS','Employee',100.00000),(1000,155,4,'FDU','Employee',100.00000),(1001,155,5,'ONA E.C','Company',600.00000),(1002,155,6,'TMS','Company',200.00000),(1003,155,8,'OFATMA','Company',300.00000),(1004,156,1,'ONA','Employee',1056.00000),(1005,156,2,'TCT','Employee',176.00000),(1006,156,3,'CAS','Employee',176.00000),(1007,156,4,'FDU','Employee',176.00000),(1008,156,5,'ONA E.C','Company',1056.00000),(1009,156,6,'TMS','Company',352.00000),(1010,156,8,'OFATMA','Company',528.00000),(1011,158,1,'ONA','Employee',600.00000),(1012,158,2,'TCT','Employee',100.00000),(1013,158,3,'CAS','Employee',100.00000),(1014,158,4,'FDU','Employee',100.00000),(1015,158,5,'ONA E.C','Company',600.00000),(1016,158,6,'TMS','Company',200.00000),(1017,158,8,'OFATMA','Company',300.00000),(1018,159,1,'ONA','Employee',600.00000),(1019,159,2,'TCT','Employee',100.00000),(1020,159,3,'CAS','Employee',100.00000),(1021,159,4,'FDU','Employee',100.00000),(1022,159,5,'ONA E.C','Company',600.00000),(1023,159,6,'TMS','Company',200.00000),(1024,159,8,'OFATMA','Company',300.00000),(1025,160,1,'ONA','Employee',660.00000),(1026,160,2,'TCT','Employee',110.00000),(1027,160,3,'CAS','Employee',110.00000),(1028,160,4,'FDU','Employee',110.00000),(1029,160,5,'ONA E.C','Company',660.00000),(1030,160,6,'TMS','Company',220.00000),(1031,160,8,'OFATMA','Company',330.00000),(1032,161,1,'ONA','Employee',1438.56000),(1033,161,2,'TCT','Employee',239.76000),(1034,161,3,'CAS','Employee',239.76000),(1035,161,4,'FDU','Employee',239.76000),(1036,161,5,'ONA E.C','Company',1438.56000),(1037,161,6,'TMS','Company',479.52000),(1038,161,8,'OFATMA','Company',719.28000),(1039,162,1,'ONA','Employee',600.00000),(1040,162,2,'TCT','Employee',100.00000),(1041,162,3,'CAS','Employee',100.00000),(1042,162,4,'FDU','Employee',100.00000),(1043,162,5,'ONA E.C','Company',600.00000),(1044,162,6,'TMS','Company',200.00000),(1045,162,8,'OFATMA','Company',300.00000),(1046,163,1,'ONA','Employee',6750.00000),(1047,163,2,'TCT','Employee',1125.00000),(1048,163,3,'CAS','Employee',1125.00000),(1049,163,4,'FDU','Employee',1125.00000),(1050,163,5,'ONA E.C','Company',6750.00000),(1051,163,6,'TMS','Company',2250.00000),(1052,163,8,'OFATMA','Company',3375.00000),(1053,164,1,'ONA','Employee',2470.50000),(1054,164,2,'TCT','Employee',411.75000),(1055,164,3,'CAS','Employee',411.75000),(1056,164,4,'FDU','Employee',411.75000),(1057,164,5,'ONA E.C','Company',2470.50000),(1058,164,6,'TMS','Company',823.50000),(1059,164,8,'OFATMA','Company',1235.25000),(1060,165,1,'ONA','Employee',7978.50000),(1061,165,2,'TCT','Employee',1329.75000),(1062,165,3,'CAS','Employee',1329.75000),(1063,165,4,'FDU','Employee',1329.75000),(1064,165,5,'ONA E.C','Company',7978.50000),(1065,165,6,'TMS','Company',2659.50000),(1066,165,8,'OFATMA','Company',3989.25000),(1067,166,1,'ONA','Employee',1056.00000),(1068,166,2,'TCT','Employee',176.00000),(1069,166,3,'CAS','Employee',176.00000),(1070,166,4,'FDU','Employee',176.00000),(1071,166,5,'ONA E.C','Company',1056.00000),(1072,166,6,'TMS','Company',352.00000),(1073,166,8,'OFATMA','Company',528.00000),(1074,167,1,'ONA','Employee',3900.00000),(1075,167,2,'TCT','Employee',650.00000),(1076,167,3,'CAS','Employee',650.00000),(1077,167,4,'FDU','Employee',650.00000),(1078,167,5,'ONA E.C','Company',3900.00000),(1079,167,6,'TMS','Company',1300.00000),(1080,167,8,'OFATMA','Company',1950.00000),(1081,169,1,'ONA','Employee',660.00000),(1082,169,2,'TCT','Employee',110.00000),(1083,169,3,'CAS','Employee',110.00000),(1084,169,4,'FDU','Employee',110.00000),(1085,169,5,'ONA E.C','Company',660.00000),(1086,169,6,'TMS','Company',220.00000),(1087,169,8,'OFATMA','Company',330.00000),(1088,170,1,'ONA','Employee',1056.00000),(1089,170,2,'TCT','Employee',176.00000),(1090,170,3,'CAS','Employee',176.00000),(1091,170,4,'FDU','Employee',176.00000),(1092,170,5,'ONA E.C','Company',1056.00000),(1093,170,6,'TMS','Company',352.00000),(1094,170,8,'OFATMA','Company',528.00000),(1095,171,1,'ONA','Employee',1056.00000),(1096,171,2,'TCT','Employee',176.00000),(1097,171,3,'CAS','Employee',176.00000),(1098,171,4,'FDU','Employee',176.00000),(1099,171,5,'ONA E.C','Company',1056.00000),(1100,171,6,'TMS','Company',352.00000),(1101,171,8,'OFATMA','Company',528.00000),(1102,172,1,'ONA','Employee',1320.00000),(1103,172,2,'TCT','Employee',220.00000),(1104,172,3,'CAS','Employee',220.00000),(1105,172,4,'FDU','Employee',220.00000),(1106,172,5,'ONA E.C','Company',1320.00000),(1107,172,6,'TMS','Company',440.00000),(1108,172,8,'OFATMA','Company',660.00000),(1109,173,1,'ONA','Employee',660.00000),(1110,173,2,'TCT','Employee',110.00000),(1111,173,3,'CAS','Employee',110.00000),(1112,173,4,'FDU','Employee',110.00000),(1113,173,5,'ONA E.C','Company',660.00000),(1114,173,6,'TMS','Company',220.00000),(1115,173,8,'OFATMA','Company',330.00000),(1116,174,1,'ONA','Employee',600.00000),(1117,174,2,'TCT','Employee',100.00000),(1118,174,3,'CAS','Employee',100.00000),(1119,174,4,'FDU','Employee',100.00000),(1120,174,5,'ONA E.C','Company',600.00000),(1121,174,6,'TMS','Company',200.00000),(1122,174,8,'OFATMA','Company',300.00000),(1123,175,1,'ONA','Employee',9450.00000),(1124,175,2,'TCT','Employee',1575.00000),(1125,175,3,'CAS','Employee',1575.00000),(1126,175,4,'FDU','Employee',1575.00000),(1127,175,5,'ONA E.C','Company',9450.00000),(1128,175,6,'TMS','Company',3150.00000),(1129,175,8,'OFATMA','Company',4725.00000),(1130,176,1,'ONA','Employee',600.00000),(1131,176,2,'TCT','Employee',100.00000),(1132,176,3,'CAS','Employee',100.00000),(1133,176,4,'FDU','Employee',100.00000),(1134,176,5,'ONA E.C','Company',600.00000),(1135,176,6,'TMS','Company',200.00000),(1136,176,8,'OFATMA','Company',300.00000),(1137,177,1,'ONA','Employee',2507.70000),(1138,177,2,'TCT','Employee',417.95000),(1139,177,3,'CAS','Employee',417.95000),(1140,177,4,'FDU','Employee',417.95000),(1141,177,5,'ONA E.C','Company',2507.70000),(1142,177,6,'TMS','Company',835.90000),(1143,177,8,'OFATMA','Company',1253.85000),(1144,178,1,'ONA','Employee',1320.00000),(1145,178,2,'TCT','Employee',220.00000),(1146,178,3,'CAS','Employee',220.00000),(1147,178,4,'FDU','Employee',220.00000),(1148,178,5,'ONA E.C','Company',1320.00000),(1149,178,6,'TMS','Company',440.00000),(1150,178,8,'OFATMA','Company',660.00000),(1151,179,1,'ONA','Employee',660.00000),(1152,179,2,'TCT','Employee',110.00000),(1153,179,3,'CAS','Employee',110.00000),(1154,179,4,'FDU','Employee',110.00000),(1155,179,5,'ONA E.C','Company',660.00000),(1156,179,6,'TMS','Company',220.00000),(1157,179,8,'OFATMA','Company',330.00000),(1158,180,1,'ONA','Employee',1320.00000),(1159,180,2,'TCT','Employee',220.00000),(1160,180,3,'CAS','Employee',220.00000),(1161,180,4,'FDU','Employee',220.00000),(1162,180,5,'ONA E.C','Company',1320.00000),(1163,180,6,'TMS','Company',440.00000),(1164,180,8,'OFATMA','Company',660.00000),(1165,181,1,'ONA','Employee',1320.00000),(1166,181,2,'TCT','Employee',220.00000),(1167,181,3,'CAS','Employee',220.00000),(1168,181,4,'FDU','Employee',220.00000),(1169,181,5,'ONA E.C','Company',1320.00000),(1170,181,6,'TMS','Company',440.00000),(1171,181,8,'OFATMA','Company',660.00000),(1172,182,1,'ONA','Employee',4077.00000),(1173,182,2,'TCT','Employee',679.50000),(1174,182,3,'CAS','Employee',679.50000),(1175,182,4,'FDU','Employee',679.50000),(1176,182,5,'ONA E.C','Company',4077.00000),(1177,182,6,'TMS','Company',1359.00000),(1178,182,8,'OFATMA','Company',2038.50000),(1179,183,1,'ONA','Employee',5400.00000),(1180,183,2,'TCT','Employee',900.00000),(1181,183,3,'CAS','Employee',900.00000),(1182,183,4,'FDU','Employee',900.00000),(1183,183,5,'ONA E.C','Company',5400.00000),(1184,183,6,'TMS','Company',1800.00000),(1185,183,8,'OFATMA','Company',2700.00000),(1186,184,1,'ONA','Employee',1320.00000),(1187,184,2,'TCT','Employee',220.00000),(1188,184,3,'CAS','Employee',220.00000),(1189,184,4,'FDU','Employee',220.00000),(1190,184,5,'ONA E.C','Company',1320.00000),(1191,184,6,'TMS','Company',440.00000),(1192,184,8,'OFATMA','Company',660.00000),(1193,185,1,'ONA','Employee',1056.00000),(1194,185,2,'TCT','Employee',176.00000),(1195,185,3,'CAS','Employee',176.00000),(1196,185,4,'FDU','Employee',176.00000),(1197,185,5,'ONA E.C','Company',1056.00000),(1198,185,6,'TMS','Company',352.00000),(1199,185,8,'OFATMA','Company',528.00000),(1200,186,1,'ONA','Employee',660.00000),(1201,186,2,'TCT','Employee',110.00000),(1202,186,3,'CAS','Employee',110.00000),(1203,186,4,'FDU','Employee',110.00000),(1204,186,5,'ONA E.C','Company',660.00000),(1205,186,6,'TMS','Company',220.00000),(1206,186,8,'OFATMA','Company',330.00000),(1207,187,1,'ONA','Employee',1754.82000),(1208,187,2,'TCT','Employee',292.47000),(1209,187,3,'CAS','Employee',292.47000),(1210,187,4,'FDU','Employee',292.47000),(1211,187,5,'ONA E.C','Company',1754.82000),(1212,187,6,'TMS','Company',584.94000),(1213,187,8,'OFATMA','Company',877.41000),(1214,188,1,'ONA','Employee',660.00000),(1215,188,2,'TCT','Employee',110.00000),(1216,188,3,'CAS','Employee',110.00000),(1217,188,4,'FDU','Employee',110.00000),(1218,188,5,'ONA E.C','Company',660.00000),(1219,188,6,'TMS','Company',220.00000),(1220,188,8,'OFATMA','Company',330.00000),(1221,189,1,'ONA','Employee',1320.00000),(1222,189,2,'TCT','Employee',220.00000),(1223,189,3,'CAS','Employee',220.00000),(1224,189,4,'FDU','Employee',220.00000),(1225,189,5,'ONA E.C','Company',1320.00000),(1226,189,6,'TMS','Company',440.00000),(1227,189,8,'OFATMA','Company',660.00000),(1228,190,1,'ONA','Employee',600.00000),(1229,190,2,'TCT','Employee',100.00000),(1230,190,3,'CAS','Employee',100.00000),(1231,190,4,'FDU','Employee',100.00000),(1232,190,5,'ONA E.C','Company',600.00000),(1233,190,6,'TMS','Company',200.00000),(1234,190,8,'OFATMA','Company',300.00000),(1235,191,1,'ONA','Employee',660.00000),(1236,191,2,'TCT','Employee',110.00000),(1237,191,3,'CAS','Employee',110.00000),(1238,191,4,'FDU','Employee',110.00000),(1239,191,5,'ONA E.C','Company',660.00000),(1240,191,6,'TMS','Company',220.00000),(1241,191,8,'OFATMA','Company',330.00000),(1242,192,1,'ONA','Employee',2865.00000),(1243,192,2,'TCT','Employee',477.50000),(1244,192,3,'CAS','Employee',477.50000),(1245,192,4,'FDU','Employee',477.50000),(1246,192,5,'ONA E.C','Company',2865.00000),(1247,192,6,'TMS','Company',955.00000),(1248,192,8,'OFATMA','Company',1432.50000),(1249,193,1,'ONA','Employee',660.00000),(1250,193,2,'TCT','Employee',110.00000),(1251,193,3,'CAS','Employee',110.00000),(1252,193,4,'FDU','Employee',110.00000),(1253,193,5,'ONA E.C','Company',660.00000),(1254,193,6,'TMS','Company',220.00000),(1255,193,8,'OFATMA','Company',330.00000),(1256,194,1,'ONA','Employee',660.00000),(1257,194,2,'TCT','Employee',110.00000),(1258,194,3,'CAS','Employee',110.00000),(1259,194,4,'FDU','Employee',110.00000),(1260,194,5,'ONA E.C','Company',660.00000),(1261,194,6,'TMS','Company',220.00000),(1262,194,8,'OFATMA','Company',330.00000),(1263,195,1,'ONA','Employee',660.00000),(1264,195,2,'TCT','Employee',110.00000),(1265,195,3,'CAS','Employee',110.00000),(1266,195,4,'FDU','Employee',110.00000),(1267,195,5,'ONA E.C','Company',660.00000),(1268,195,6,'TMS','Company',220.00000),(1269,195,8,'OFATMA','Company',330.00000),(1270,196,1,'ONA','Employee',660.00000),(1271,196,2,'TCT','Employee',110.00000),(1272,196,3,'CAS','Employee',110.00000),(1273,196,4,'FDU','Employee',110.00000),(1274,196,5,'ONA E.C','Company',660.00000),(1275,196,6,'TMS','Company',220.00000),(1276,196,8,'OFATMA','Company',330.00000),(1277,197,1,'ONA','Employee',600.00000),(1278,197,2,'TCT','Employee',100.00000),(1279,197,3,'CAS','Employee',100.00000),(1280,197,4,'FDU','Employee',100.00000),(1281,197,5,'ONA E.C','Company',600.00000),(1282,197,6,'TMS','Company',200.00000),(1283,197,8,'OFATMA','Company',300.00000),(1284,198,1,'ONA','Employee',1056.00000),(1285,198,2,'TCT','Employee',176.00000),(1286,198,3,'CAS','Employee',176.00000),(1287,198,4,'FDU','Employee',176.00000),(1288,198,5,'ONA E.C','Company',1056.00000),(1289,198,6,'TMS','Company',352.00000),(1290,198,8,'OFATMA','Company',528.00000),(1291,200,1,'ONA','Employee',600.00000),(1292,200,2,'TCT','Employee',100.00000),(1293,200,3,'CAS','Employee',100.00000),(1294,200,4,'FDU','Employee',100.00000),(1295,200,5,'ONA E.C','Company',600.00000),(1296,200,6,'TMS','Company',200.00000),(1297,200,8,'OFATMA','Company',300.00000),(1298,201,1,'ONA','Employee',600.00000),(1299,201,2,'TCT','Employee',100.00000),(1300,201,3,'CAS','Employee',100.00000),(1301,201,4,'FDU','Employee',100.00000),(1302,201,5,'ONA E.C','Company',600.00000),(1303,201,6,'TMS','Company',200.00000),(1304,201,8,'OFATMA','Company',300.00000),(1305,202,1,'ONA','Employee',660.00000),(1306,202,2,'TCT','Employee',110.00000),(1307,202,3,'CAS','Employee',110.00000),(1308,202,4,'FDU','Employee',110.00000),(1309,202,5,'ONA E.C','Company',660.00000),(1310,202,6,'TMS','Company',220.00000),(1311,202,8,'OFATMA','Company',330.00000),(1312,205,1,'ONA','Employee',660.00000),(1313,205,2,'TCT','Employee',110.00000),(1314,205,3,'CAS','Employee',110.00000),(1315,205,4,'FDU','Employee',110.00000),(1316,205,5,'ONA E.C','Company',660.00000),(1317,205,6,'TMS','Company',220.00000),(1318,207,1,'ONA','Employee',660.00000),(1319,207,2,'TCT','Employee',110.00000),(1320,207,3,'CAS','Employee',110.00000),(1321,207,4,'FDU','Employee',110.00000),(1322,207,5,'ONA E.C','Company',660.00000),(1323,207,6,'TMS','Company',220.00000),(1324,207,8,'OFATMA','Company',330.00000),(1325,208,1,'ONA','Employee',660.00000),(1326,208,2,'TCT','Employee',110.00000),(1327,208,3,'CAS','Employee',110.00000),(1328,208,4,'FDU','Employee',110.00000),(1329,208,5,'ONA E.C','Company',660.00000),(1330,208,6,'TMS','Company',220.00000),(1331,208,8,'OFATMA','Company',330.00000),(1332,209,1,'ONA','Employee',1056.00000),(1333,209,2,'TCT','Employee',176.00000),(1334,209,3,'CAS','Employee',176.00000),(1335,209,4,'FDU','Employee',176.00000),(1336,209,5,'ONA E.C','Company',1056.00000),(1337,209,6,'TMS','Company',352.00000),(1338,209,8,'OFATMA','Company',528.00000),(1339,210,1,'ONA','Employee',1056.00000),(1340,210,2,'TCT','Employee',176.00000),(1341,210,3,'CAS','Employee',176.00000),(1342,210,4,'FDU','Employee',176.00000),(1343,210,5,'ONA E.C','Company',1056.00000),(1344,210,6,'TMS','Company',352.00000),(1345,210,8,'OFATMA','Company',528.00000),(1346,211,1,'ONA','Employee',1320.00000),(1347,211,2,'TCT','Employee',220.00000),(1348,211,3,'CAS','Employee',220.00000),(1349,211,4,'FDU','Employee',220.00000),(1350,211,5,'ONA E.C','Company',1320.00000),(1351,211,6,'TMS','Company',440.00000),(1352,211,8,'OFATMA','Company',660.00000),(1353,212,1,'ONA','Employee',660.00000),(1354,212,2,'TCT','Employee',110.00000),(1355,212,3,'CAS','Employee',110.00000),(1356,212,4,'FDU','Employee',110.00000),(1357,212,5,'ONA E.C','Company',660.00000),(1358,212,6,'TMS','Company',220.00000),(1359,212,8,'OFATMA','Company',330.00000),(1360,213,1,'ONA','Employee',600.00000),(1361,213,2,'TCT','Employee',100.00000),(1362,213,3,'CAS','Employee',100.00000),(1363,213,4,'FDU','Employee',100.00000),(1364,213,5,'ONA E.C','Company',600.00000),(1365,213,6,'TMS','Company',200.00000),(1366,213,8,'OFATMA','Company',300.00000),(1367,214,1,'ONA','Employee',9450.00000),(1368,214,2,'TCT','Employee',1575.00000),(1369,214,3,'CAS','Employee',1575.00000),(1370,214,4,'FDU','Employee',1575.00000),(1371,214,5,'ONA E.C','Company',9450.00000),(1372,214,6,'TMS','Company',3150.00000),(1373,214,8,'OFATMA','Company',4725.00000),(1374,215,1,'ONA','Employee',600.00000),(1375,215,2,'TCT','Employee',100.00000),(1376,215,3,'CAS','Employee',100.00000),(1377,215,4,'FDU','Employee',100.00000),(1378,215,5,'ONA E.C','Company',600.00000),(1379,215,6,'TMS','Company',200.00000),(1380,215,8,'OFATMA','Company',300.00000),(1381,216,1,'ONA','Employee',2507.70000),(1382,216,2,'TCT','Employee',417.95000),(1383,216,3,'CAS','Employee',417.95000),(1384,216,4,'FDU','Employee',417.95000),(1385,216,5,'ONA E.C','Company',2507.70000),(1386,216,6,'TMS','Company',835.90000),(1387,216,8,'OFATMA','Company',1253.85000),(1388,217,1,'ONA','Employee',1320.00000),(1389,217,2,'TCT','Employee',220.00000),(1390,217,3,'CAS','Employee',220.00000),(1391,217,4,'FDU','Employee',220.00000),(1392,217,5,'ONA E.C','Company',1320.00000),(1393,217,6,'TMS','Company',440.00000),(1394,217,8,'OFATMA','Company',660.00000),(1395,218,1,'ONA','Employee',660.00000),(1396,218,2,'TCT','Employee',110.00000),(1397,218,3,'CAS','Employee',110.00000),(1398,218,4,'FDU','Employee',110.00000),(1399,218,5,'ONA E.C','Company',660.00000),(1400,218,6,'TMS','Company',220.00000),(1401,218,8,'OFATMA','Company',330.00000),(1402,219,1,'ONA','Employee',1320.00000),(1403,219,2,'TCT','Employee',220.00000),(1404,219,3,'CAS','Employee',220.00000),(1405,219,4,'FDU','Employee',220.00000),(1406,219,5,'ONA E.C','Company',1320.00000),(1407,219,6,'TMS','Company',440.00000),(1408,219,8,'OFATMA','Company',660.00000),(1409,220,1,'ONA','Employee',1320.00000),(1410,220,2,'TCT','Employee',220.00000),(1411,220,3,'CAS','Employee',220.00000),(1412,220,4,'FDU','Employee',220.00000),(1413,220,5,'ONA E.C','Company',1320.00000),(1414,220,6,'TMS','Company',440.00000),(1415,220,8,'OFATMA','Company',660.00000),(1416,221,1,'ONA','Employee',4077.00000),(1417,221,2,'TCT','Employee',679.50000),(1418,221,3,'CAS','Employee',679.50000),(1419,221,4,'FDU','Employee',679.50000),(1420,221,5,'ONA E.C','Company',4077.00000),(1421,221,6,'TMS','Company',1359.00000),(1422,221,8,'OFATMA','Company',2038.50000),(1423,222,1,'ONA','Employee',5400.00000),(1424,222,2,'TCT','Employee',900.00000),(1425,222,3,'CAS','Employee',900.00000),(1426,222,4,'FDU','Employee',900.00000),(1427,222,5,'ONA E.C','Company',5400.00000),(1428,222,6,'TMS','Company',1800.00000),(1429,222,8,'OFATMA','Company',2700.00000),(1430,223,1,'ONA','Employee',1320.00000),(1431,223,2,'TCT','Employee',220.00000),(1432,223,3,'CAS','Employee',220.00000),(1433,223,4,'FDU','Employee',220.00000),(1434,223,5,'ONA E.C','Company',1320.00000),(1435,223,6,'TMS','Company',440.00000),(1436,223,8,'OFATMA','Company',660.00000),(1437,224,1,'ONA','Employee',1056.00000),(1438,224,2,'TCT','Employee',176.00000),(1439,224,3,'CAS','Employee',176.00000),(1440,224,4,'FDU','Employee',176.00000),(1441,224,5,'ONA E.C','Company',1056.00000),(1442,224,6,'TMS','Company',352.00000),(1443,224,8,'OFATMA','Company',528.00000),(1444,225,1,'ONA','Employee',660.00000),(1445,225,2,'TCT','Employee',110.00000),(1446,225,3,'CAS','Employee',110.00000),(1447,225,4,'FDU','Employee',110.00000),(1448,225,5,'ONA E.C','Company',660.00000),(1449,225,6,'TMS','Company',220.00000),(1450,225,8,'OFATMA','Company',330.00000),(1451,226,1,'ONA','Employee',1754.82000),(1452,226,2,'TCT','Employee',292.47000),(1453,226,3,'CAS','Employee',292.47000),(1454,226,4,'FDU','Employee',292.47000),(1455,226,5,'ONA E.C','Company',1754.82000),(1456,226,6,'TMS','Company',584.94000),(1457,226,8,'OFATMA','Company',877.41000),(1458,227,1,'ONA','Employee',660.00000),(1459,227,2,'TCT','Employee',110.00000),(1460,227,3,'CAS','Employee',110.00000),(1461,227,4,'FDU','Employee',110.00000),(1462,227,5,'ONA E.C','Company',660.00000),(1463,227,6,'TMS','Company',220.00000),(1464,227,8,'OFATMA','Company',330.00000),(1465,228,1,'ONA','Employee',1320.00000),(1466,228,2,'TCT','Employee',220.00000),(1467,228,3,'CAS','Employee',220.00000),(1468,228,4,'FDU','Employee',220.00000),(1469,228,5,'ONA E.C','Company',1320.00000),(1470,228,6,'TMS','Company',440.00000),(1471,228,8,'OFATMA','Company',660.00000),(1472,229,1,'ONA','Employee',600.00000),(1473,229,2,'TCT','Employee',100.00000),(1474,229,3,'CAS','Employee',100.00000),(1475,229,4,'FDU','Employee',100.00000),(1476,229,5,'ONA E.C','Company',600.00000),(1477,229,6,'TMS','Company',200.00000),(1478,229,8,'OFATMA','Company',300.00000),(1479,230,1,'ONA','Employee',660.00000),(1480,230,2,'TCT','Employee',110.00000),(1481,230,3,'CAS','Employee',110.00000),(1482,230,4,'FDU','Employee',110.00000),(1483,230,5,'ONA E.C','Company',660.00000),(1484,230,6,'TMS','Company',220.00000),(1485,230,8,'OFATMA','Company',330.00000),(1486,231,1,'ONA','Employee',2865.00000),(1487,231,2,'TCT','Employee',477.50000),(1488,231,3,'CAS','Employee',477.50000),(1489,231,4,'FDU','Employee',477.50000),(1490,231,5,'ONA E.C','Company',2865.00000),(1491,231,6,'TMS','Company',955.00000),(1492,231,8,'OFATMA','Company',1432.50000),(1493,232,1,'ONA','Employee',660.00000),(1494,232,2,'TCT','Employee',110.00000),(1495,232,3,'CAS','Employee',110.00000),(1496,232,4,'FDU','Employee',110.00000),(1497,232,5,'ONA E.C','Company',660.00000),(1498,232,6,'TMS','Company',220.00000),(1499,232,8,'OFATMA','Company',330.00000),(1500,233,1,'ONA','Employee',660.00000),(1501,233,2,'TCT','Employee',110.00000),(1502,233,3,'CAS','Employee',110.00000),(1503,233,4,'FDU','Employee',110.00000),(1504,233,5,'ONA E.C','Company',660.00000),(1505,233,6,'TMS','Company',220.00000),(1506,233,8,'OFATMA','Company',330.00000),(1507,234,1,'ONA','Employee',660.00000),(1508,234,2,'TCT','Employee',110.00000),(1509,234,3,'CAS','Employee',110.00000),(1510,234,4,'FDU','Employee',110.00000),(1511,234,5,'ONA E.C','Company',660.00000),(1512,234,6,'TMS','Company',220.00000),(1513,234,8,'OFATMA','Company',330.00000),(1514,235,1,'ONA','Employee',660.00000),(1515,235,2,'TCT','Employee',110.00000),(1516,235,3,'CAS','Employee',110.00000),(1517,235,4,'FDU','Employee',110.00000),(1518,235,5,'ONA E.C','Company',660.00000),(1519,235,6,'TMS','Company',220.00000),(1520,235,8,'OFATMA','Company',330.00000),(1521,236,1,'ONA','Employee',600.00000),(1522,236,2,'TCT','Employee',100.00000),(1523,236,3,'CAS','Employee',100.00000),(1524,236,4,'FDU','Employee',100.00000),(1525,236,5,'ONA E.C','Company',600.00000),(1526,236,6,'TMS','Company',200.00000),(1527,236,8,'OFATMA','Company',300.00000),(1528,237,1,'ONA','Employee',1056.00000),(1529,237,2,'TCT','Employee',176.00000),(1530,237,3,'CAS','Employee',176.00000),(1531,237,4,'FDU','Employee',176.00000),(1532,237,5,'ONA E.C','Company',1056.00000),(1533,237,6,'TMS','Company',352.00000),(1534,237,8,'OFATMA','Company',528.00000),(1535,239,1,'ONA','Employee',600.00000),(1536,239,2,'TCT','Employee',100.00000),(1537,239,3,'CAS','Employee',100.00000),(1538,239,4,'FDU','Employee',100.00000),(1539,239,5,'ONA E.C','Company',600.00000),(1540,239,6,'TMS','Company',200.00000),(1541,239,8,'OFATMA','Company',300.00000),(1542,240,1,'ONA','Employee',600.00000),(1543,240,2,'TCT','Employee',100.00000),(1544,240,3,'CAS','Employee',100.00000),(1545,240,4,'FDU','Employee',100.00000),(1546,240,5,'ONA E.C','Company',600.00000),(1547,240,6,'TMS','Company',200.00000),(1548,240,8,'OFATMA','Company',300.00000),(1549,241,1,'ONA','Employee',660.00000),(1550,241,2,'TCT','Employee',110.00000),(1551,241,3,'CAS','Employee',110.00000),(1552,241,4,'FDU','Employee',110.00000),(1553,241,5,'ONA E.C','Company',660.00000),(1554,241,6,'TMS','Company',220.00000),(1555,241,8,'OFATMA','Company',330.00000),(1556,244,1,'ONA','Employee',660.00000),(1557,244,2,'TCT','Employee',110.00000),(1558,244,3,'CAS','Employee',110.00000),(1559,244,4,'FDU','Employee',110.00000),(1560,244,5,'ONA E.C','Company',660.00000),(1561,244,6,'TMS','Company',220.00000),(1562,244,8,'OFATMA','Company',330.00000),(1563,247,1,'ONA','Employee',1320.00000),(1564,247,2,'TCT','Employee',220.00000),(1565,247,3,'CAS','Employee',220.00000),(1566,247,4,'FDU','Employee',220.00000),(1567,247,5,'ONA E.C','Company',1320.00000),(1568,247,6,'TMS','Company',440.00000),(1569,247,8,'OFATMA','Company',660.00000),(1570,248,1,'ONA','Employee',4860.00000),(1571,248,2,'TCT','Employee',810.00000),(1572,248,3,'CAS','Employee',810.00000),(1573,248,4,'FDU','Employee',810.00000),(1574,248,5,'ONA E.C','Company',4860.00000),(1575,248,6,'TMS','Company',1620.00000),(1576,248,8,'OFATMA','Company',2430.00000),(1577,249,1,'ONA','Employee',6750.00000),(1578,249,2,'TCT','Employee',1125.00000),(1579,249,3,'CAS','Employee',1125.00000),(1580,249,4,'FDU','Employee',1125.00000),(1581,249,5,'ONA E.C','Company',6750.00000),(1582,249,6,'TMS','Company',2250.00000),(1583,249,8,'OFATMA','Company',3375.00000),(1584,250,1,'ONA','Employee',1293.78000),(1585,250,2,'TCT','Employee',215.63000),(1586,250,3,'CAS','Employee',215.63000),(1587,250,4,'FDU','Employee',215.63000),(1588,250,5,'ONA E.C','Company',1293.78000),(1589,250,6,'TMS','Company',431.26000),(1590,250,8,'OFATMA','Company',646.89000),(1591,251,1,'ONA','Employee',1754.82000),(1592,251,2,'TCT','Employee',292.47000),(1593,251,3,'CAS','Employee',292.47000),(1594,251,4,'FDU','Employee',292.47000),(1595,251,5,'ONA E.C','Company',1754.82000),(1596,251,6,'TMS','Company',584.94000),(1597,251,8,'OFATMA','Company',877.41000),(1598,252,1,'ONA','Employee',660.00000),(1599,252,2,'TCT','Employee',110.00000),(1600,252,3,'CAS','Employee',110.00000),(1601,252,4,'FDU','Employee',110.00000),(1602,252,5,'ONA E.C','Company',660.00000),(1603,252,6,'TMS','Company',220.00000),(1604,252,8,'OFATMA','Company',330.00000),(1605,253,1,'ONA','Employee',1438.56000),(1606,253,2,'TCT','Employee',239.76000),(1607,253,3,'CAS','Employee',239.76000),(1608,253,4,'FDU','Employee',239.76000),(1609,253,5,'ONA E.C','Company',1438.56000),(1610,253,6,'TMS','Company',479.52000),(1611,253,8,'OFATMA','Company',719.28000),(1612,254,1,'ONA','Employee',600.00000),(1613,254,2,'TCT','Employee',100.00000),(1614,254,3,'CAS','Employee',100.00000),(1615,254,4,'FDU','Employee',100.00000),(1616,254,5,'ONA E.C','Company',600.00000),(1617,254,6,'TMS','Company',200.00000),(1618,254,8,'OFATMA','Company',300.00000),(1619,255,1,'ONA','Employee',6750.00000),(1620,255,2,'TCT','Employee',1125.00000),(1621,255,3,'CAS','Employee',1125.00000),(1622,255,4,'FDU','Employee',1125.00000),(1623,255,5,'ONA E.C','Company',6750.00000),(1624,255,6,'TMS','Company',2250.00000),(1625,255,8,'OFATMA','Company',3375.00000),(1626,256,1,'ONA','Employee',7560.00000),(1627,256,2,'TCT','Employee',1260.00000),(1628,256,3,'CAS','Employee',1260.00000),(1629,256,4,'FDU','Employee',1260.00000),(1630,256,5,'ONA E.C','Company',7560.00000),(1631,256,6,'TMS','Company',2520.00000),(1632,256,8,'OFATMA','Company',3780.00000),(1633,257,1,'ONA','Employee',2470.50000),(1634,257,2,'TCT','Employee',411.75000),(1635,257,3,'CAS','Employee',411.75000),(1636,257,4,'FDU','Employee',411.75000),(1637,257,5,'ONA E.C','Company',2470.50000),(1638,257,6,'TMS','Company',823.50000),(1639,257,8,'OFATMA','Company',1235.25000),(1640,258,1,'ONA','Employee',7978.50000),(1641,258,2,'TCT','Employee',1329.75000),(1642,258,3,'CAS','Employee',1329.75000),(1643,258,4,'FDU','Employee',1329.75000),(1644,258,5,'ONA E.C','Company',7978.50000),(1645,258,6,'TMS','Company',2659.50000),(1646,258,8,'OFATMA','Company',3989.25000),(1647,259,1,'ONA','Employee',1056.00000),(1648,259,2,'TCT','Employee',176.00000),(1649,259,3,'CAS','Employee',176.00000),(1650,259,4,'FDU','Employee',176.00000),(1651,259,5,'ONA E.C','Company',1056.00000),(1652,259,6,'TMS','Company',352.00000),(1653,259,8,'OFATMA','Company',528.00000),(1654,260,1,'ONA','Employee',3900.00000),(1655,260,2,'TCT','Employee',650.00000),(1656,260,3,'CAS','Employee',650.00000),(1657,260,4,'FDU','Employee',650.00000),(1658,260,5,'ONA E.C','Company',3900.00000),(1659,260,6,'TMS','Company',1300.00000),(1660,260,8,'OFATMA','Company',1950.00000),(1661,262,1,'ONA','Employee',660.00000),(1662,262,2,'TCT','Employee',110.00000),(1663,262,3,'CAS','Employee',110.00000),(1664,262,4,'FDU','Employee',110.00000),(1665,262,5,'ONA E.C','Company',660.00000),(1666,262,6,'TMS','Company',220.00000),(1667,262,8,'OFATMA','Company',330.00000),(1668,263,1,'ONA','Employee',660.00000),(1669,263,2,'TCT','Employee',110.00000),(1670,263,3,'CAS','Employee',110.00000),(1671,263,4,'FDU','Employee',110.00000),(1672,263,5,'ONA E.C','Company',660.00000),(1673,263,6,'TMS','Company',220.00000),(1674,263,8,'OFATMA','Company',330.00000),(1675,264,1,'ONA','Employee',1056.00000),(1676,264,2,'TCT','Employee',176.00000),(1677,264,3,'CAS','Employee',176.00000),(1678,264,4,'FDU','Employee',176.00000),(1679,264,5,'ONA E.C','Company',1056.00000),(1680,264,6,'TMS','Company',352.00000),(1681,264,8,'OFATMA','Company',528.00000),(1682,265,1,'ONA','Employee',1056.00000),(1683,265,2,'TCT','Employee',176.00000),(1684,265,3,'CAS','Employee',176.00000),(1685,265,4,'FDU','Employee',176.00000),(1686,265,5,'ONA E.C','Company',1056.00000),(1687,265,6,'TMS','Company',352.00000),(1688,265,8,'OFATMA','Company',528.00000),(1689,266,1,'ONA','Employee',1320.00000),(1690,266,2,'TCT','Employee',220.00000),(1691,266,3,'CAS','Employee',220.00000),(1692,266,4,'FDU','Employee',220.00000),(1693,266,5,'ONA E.C','Company',1320.00000),(1694,266,6,'TMS','Company',440.00000),(1695,266,8,'OFATMA','Company',660.00000),(1696,267,1,'ONA','Employee',660.00000),(1697,267,2,'TCT','Employee',110.00000),(1698,267,3,'CAS','Employee',110.00000),(1699,267,4,'FDU','Employee',110.00000),(1700,267,5,'ONA E.C','Company',660.00000),(1701,267,6,'TMS','Company',220.00000),(1702,267,8,'OFATMA','Company',330.00000),(1703,268,1,'ONA','Employee',600.00000),(1704,268,2,'TCT','Employee',100.00000),(1705,268,3,'CAS','Employee',100.00000),(1706,268,4,'FDU','Employee',100.00000),(1707,268,5,'ONA E.C','Company',600.00000),(1708,268,6,'TMS','Company',200.00000),(1709,268,8,'OFATMA','Company',300.00000),(1710,269,1,'ONA','Employee',9450.00000),(1711,269,2,'TCT','Employee',1575.00000),(1712,269,3,'CAS','Employee',1575.00000),(1713,269,4,'FDU','Employee',1575.00000),(1714,269,5,'ONA E.C','Company',9450.00000),(1715,269,6,'TMS','Company',3150.00000),(1716,269,8,'OFATMA','Company',4725.00000),(1717,270,1,'ONA','Employee',600.00000),(1718,270,2,'TCT','Employee',100.00000),(1719,270,3,'CAS','Employee',100.00000),(1720,270,4,'FDU','Employee',100.00000),(1721,270,5,'ONA E.C','Company',600.00000),(1722,270,6,'TMS','Company',200.00000),(1723,270,8,'OFATMA','Company',300.00000),(1724,271,1,'ONA','Employee',2507.70000),(1725,271,2,'TCT','Employee',417.95000),(1726,271,3,'CAS','Employee',417.95000),(1727,271,4,'FDU','Employee',417.95000),(1728,271,5,'ONA E.C','Company',2507.70000),(1729,271,6,'TMS','Company',835.90000),(1730,271,8,'OFATMA','Company',1253.85000),(1731,272,1,'ONA','Employee',600.00000),(1732,272,2,'TCT','Employee',100.00000),(1733,272,3,'CAS','Employee',100.00000),(1734,272,4,'FDU','Employee',100.00000),(1735,272,5,'ONA E.C','Company',600.00000),(1736,272,6,'TMS','Company',200.00000),(1737,272,8,'OFATMA','Company',300.00000),(1738,273,1,'ONA','Employee',1320.00000),(1739,273,2,'TCT','Employee',220.00000),(1740,273,3,'CAS','Employee',220.00000),(1741,273,4,'FDU','Employee',220.00000),(1742,273,5,'ONA E.C','Company',1320.00000),(1743,273,6,'TMS','Company',440.00000),(1744,273,8,'OFATMA','Company',660.00000),(1745,275,1,'ONA','Employee',660.00000),(1746,275,2,'TCT','Employee',110.00000),(1747,275,3,'CAS','Employee',110.00000),(1748,275,4,'FDU','Employee',110.00000),(1749,275,5,'ONA E.C','Company',660.00000),(1750,275,6,'TMS','Company',220.00000),(1751,275,8,'OFATMA','Company',330.00000),(1752,276,1,'ONA','Employee',1320.00000),(1753,276,2,'TCT','Employee',220.00000),(1754,276,3,'CAS','Employee',220.00000),(1755,276,4,'FDU','Employee',220.00000),(1756,276,5,'ONA E.C','Company',1320.00000),(1757,276,6,'TMS','Company',440.00000),(1758,276,8,'OFATMA','Company',660.00000),(1759,277,1,'ONA','Employee',1320.00000),(1760,277,2,'TCT','Employee',220.00000),(1761,277,3,'CAS','Employee',220.00000),(1762,277,4,'FDU','Employee',220.00000),(1763,277,5,'ONA E.C','Company',1320.00000),(1764,277,6,'TMS','Company',440.00000),(1765,277,8,'OFATMA','Company',660.00000),(1766,278,1,'ONA','Employee',4077.00000),(1767,278,2,'TCT','Employee',679.50000),(1768,278,3,'CAS','Employee',679.50000),(1769,278,4,'FDU','Employee',679.50000),(1770,278,5,'ONA E.C','Company',4077.00000),(1771,278,6,'TMS','Company',1359.00000),(1772,278,8,'OFATMA','Company',2038.50000),(1773,279,1,'ONA','Employee',5400.00000),(1774,279,2,'TCT','Employee',900.00000),(1775,279,3,'CAS','Employee',900.00000),(1776,279,4,'FDU','Employee',900.00000),(1777,279,5,'ONA E.C','Company',5400.00000),(1778,279,6,'TMS','Company',1800.00000),(1779,279,8,'OFATMA','Company',2700.00000),(1780,280,1,'ONA','Employee',660.00000),(1781,280,2,'TCT','Employee',110.00000),(1782,280,3,'CAS','Employee',110.00000),(1783,280,4,'FDU','Employee',110.00000),(1784,280,5,'ONA E.C','Company',660.00000),(1785,280,6,'TMS','Company',220.00000),(1786,280,8,'OFATMA','Company',330.00000),(1787,281,1,'ONA','Employee',1320.00000),(1788,281,2,'TCT','Employee',220.00000),(1789,281,3,'CAS','Employee',220.00000),(1790,281,4,'FDU','Employee',220.00000),(1791,281,5,'ONA E.C','Company',1320.00000),(1792,281,6,'TMS','Company',440.00000),(1793,281,8,'OFATMA','Company',660.00000),(1794,282,1,'ONA','Employee',1056.00000),(1795,282,2,'TCT','Employee',176.00000),(1796,282,3,'CAS','Employee',176.00000),(1797,282,4,'FDU','Employee',176.00000),(1798,282,5,'ONA E.C','Company',1056.00000),(1799,282,6,'TMS','Company',352.00000),(1800,282,8,'OFATMA','Company',528.00000),(1801,283,1,'ONA','Employee',660.00000),(1802,283,2,'TCT','Employee',110.00000),(1803,283,3,'CAS','Employee',110.00000),(1804,283,4,'FDU','Employee',110.00000),(1805,283,5,'ONA E.C','Company',660.00000),(1806,283,6,'TMS','Company',220.00000),(1807,283,8,'OFATMA','Company',330.00000),(1808,284,1,'ONA','Employee',660.00000),(1809,284,2,'TCT','Employee',110.00000),(1810,284,3,'CAS','Employee',110.00000),(1811,284,4,'FDU','Employee',110.00000),(1812,284,5,'ONA E.C','Company',660.00000),(1813,284,6,'TMS','Company',220.00000),(1814,284,8,'OFATMA','Company',330.00000),(1815,285,1,'ONA','Employee',1754.82000),(1816,285,2,'TCT','Employee',292.47000),(1817,285,3,'CAS','Employee',292.47000),(1818,285,4,'FDU','Employee',292.47000),(1819,285,5,'ONA E.C','Company',1754.82000),(1820,285,6,'TMS','Company',584.94000),(1821,285,8,'OFATMA','Company',877.41000);

/*Table structure for table `payslips` */

DROP TABLE IF EXISTS `payslips`;

CREATE TABLE `payslips` (
  `payslip_id` int(11) NOT NULL AUTO_INCREMENT,
  `company_id` int(11) NOT NULL,
  `company_name` varchar(100) DEFAULT NULL,
  `company_address_line_1` varchar(100) DEFAULT NULL,
  `company_address_line_2` varchar(100) DEFAULT NULL,
  `company_city` varchar(50) DEFAULT NULL,
  `company_country` varchar(50) DEFAULT NULL,
  `company_phone` varchar(100) DEFAULT NULL,
  `company_fax` varchar(100) DEFAULT NULL,
  `company_email` varchar(100) DEFAULT NULL,
  `company_over_time_multipier` decimal(11,2) DEFAULT NULL,
  `period_id` int(11) NOT NULL,
  `period_name` varchar(50) DEFAULT NULL,
  `start_date` date DEFAULT NULL,
  `end_date` date DEFAULT NULL,
  `employee_id` int(11) NOT NULL,
  `employee_code` varchar(50) NOT NULL,
  `job_id` int(11) DEFAULT NULL,
  `job_title` varchar(50) DEFAULT NULL,
  `department_id` int(11) DEFAULT NULL,
  `department_name` varchar(100) DEFAULT NULL,
  `base_id` int(11) DEFAULT NULL,
  `base_name` varchar(50) DEFAULT NULL,
  `location_id` int(11) DEFAULT NULL,
  `location_name` varchar(100) DEFAULT NULL,
  `status_type_id` int(11) DEFAULT NULL,
  `status_type_name` varchar(100) DEFAULT NULL,
  `contract_type_id` int(11) DEFAULT NULL,
  `contract_type` varchar(100) DEFAULT NULL,
  `firstname` varchar(50) DEFAULT NULL,
  `lastname` varchar(50) DEFAULT NULL,
  `sex` char(1) DEFAULT NULL,
  `birthday` date DEFAULT NULL,
  `phone` varchar(20) DEFAULT NULL,
  `mobile` varchar(20) DEFAULT NULL,
  `email` varchar(20) DEFAULT NULL,
  `marital_status` varchar(10) DEFAULT NULL,
  `handicap` char(3) DEFAULT NULL,
  `nationality` varchar(30) DEFAULT NULL,
  `address_1` varchar(100) DEFAULT NULL,
  `address_2` varchar(100) DEFAULT NULL,
  `city` varchar(100) DEFAULT NULL,
  `zip_postal_code` varchar(50) DEFAULT NULL,
  `country` varchar(100) DEFAULT NULL,
  `hire_date` date DEFAULT NULL,
  `ssn` varchar(50) DEFAULT NULL,
  `n_day_off` int(2) DEFAULT NULL,
  `n_work_day` int(11) DEFAULT NULL,
  `days_worked` int(11) DEFAULT NULL,
  `currency_code` varchar(3) NOT NULL,
  `gross_salary` double(11,2) NOT NULL,
  `payment_method_id` int(11) DEFAULT NULL,
  `payment_method_dhi` varchar(100) DEFAULT NULL,
  `payment_method_dhosi` varchar(100) DEFAULT NULL,
  `iri_amount` double(11,5) DEFAULT NULL,
  `dvas_tax` double(11,5) DEFAULT NULL,
  `ot_hours` int(11) NOT NULL DEFAULT '0',
  `ot_amount` double(11,5) NOT NULL DEFAULT '0.00000',
  `ot_tax` double(11,5) NOT NULL DEFAULT '0.00000',
  `benefits_total` double(11,5) DEFAULT NULL,
  `employee_tax_total` double(11,5) DEFAULT NULL,
  `benefits_tax_total` double(11,5) DEFAULT NULL,
  `employee_deductions_total` double(11,5) DEFAULT NULL,
  `net_salary` double(11,5) DEFAULT NULL,
  `employer_tax_total` double(11,5) DEFAULT NULL,
  `employer_deductions_total` double(11,5) DEFAULT NULL,
  `wage_bill` double(11,5) DEFAULT NULL,
  PRIMARY KEY (`payslip_id`),
  UNIQUE KEY `SECONDARY` (`company_id`,`period_id`,`employee_id`)
) ENGINE=InnoDB AUTO_INCREMENT=286 DEFAULT CHARSET=latin1;

/*Data for the table `payslips` */

insert  into `payslips`(`payslip_id`,`company_id`,`company_name`,`company_address_line_1`,`company_address_line_2`,`company_city`,`company_country`,`company_phone`,`company_fax`,`company_email`,`company_over_time_multipier`,`period_id`,`period_name`,`start_date`,`end_date`,`employee_id`,`employee_code`,`job_id`,`job_title`,`department_id`,`department_name`,`base_id`,`base_name`,`location_id`,`location_name`,`status_type_id`,`status_type_name`,`contract_type_id`,`contract_type`,`firstname`,`lastname`,`sex`,`birthday`,`phone`,`mobile`,`email`,`marital_status`,`handicap`,`nationality`,`address_1`,`address_2`,`city`,`zip_postal_code`,`country`,`hire_date`,`ssn`,`n_day_off`,`n_work_day`,`days_worked`,`currency_code`,`gross_salary`,`payment_method_id`,`payment_method_dhi`,`payment_method_dhosi`,`iri_amount`,`dvas_tax`,`ot_hours`,`ot_amount`,`ot_tax`,`benefits_total`,`employee_tax_total`,`benefits_tax_total`,`employee_deductions_total`,`net_salary`,`employer_tax_total`,`employer_deductions_total`,`wage_bill`) values (4,1,'Dlo Haiti Operations S.A.','177, Rue Faubert','addres453','Petionville','99','3054071346','1239877896','alexandra@dlohaiti.com','1.50',1,'September-2014','2014-09-01','2014-09-30',13,'003-438-453-3',23,'Manager Adjoint de Construction ',3,'Construction',6,'HQ_S',1,'HQ',1,'FullTime',2,'DHOSA 100%','Augustin','CENE','M','1972-07-18','(+509) 4894-2711',NULL,'procurement@dlo.ht','Single','No','Haitian',NULL,'',NULL,NULL,NULL,'2014-01-05','',0,22,NULL,'HTG',112500.00,0,'','',24083.29000,54.91658,0,0.00000,0.00000,0.00000,34208.29000,0.00000,0.00000,78291.71000,12429.91658,0.00000,0.00000),(5,1,'Dlo Haiti Operations S.A.','177, Rue Faubert','addres453','Petionville','99','3054071346','1239877896','alexandra@dlohaiti.com','1.50',1,'September-2014','2014-09-01','2014-09-30',2,'002-862-095-3',2,'Finance Manager',1,'Finance',6,'HQ_S',1,'HQ',1,'FullTime',4,'DHI 60% DHOSA 40%','Alexandra Moise','SAINT ELIEN','F','1984-11-08','(+509) 48907862',NULL,'alexandra@dlohaiti.c','Married','No','American',NULL,'',NULL,NULL,NULL,'2014-06-01','',15,22,NULL,'HTG',202500.00,0,'','',14749.98000,34.35996,0,0.00000,0.00000,0.00000,22039.98000,0.00000,0.00000,180460.02000,8944.35996,0.00000,0.00000),(6,1,'Dlo Haiti Operations S.A.','177, Rue Faubert','addres453','Petionville','99','3054071346','1239877896','alexandra@dlohaiti.com','1.50',1,'September-2014','2014-09-01','2014-09-30',12,'01-15-99-1985-03-00093',12,'Kiosk Assistant',5,'Operations',1,'KIOSK 1',2,'Saintard',1,'FullTime',2,'DHOSA 100%','Jeune','VALENTIN','M','1985-03-15','',NULL,'saintard1@dlo.ht','Married','No','Haitian',NULL,'',NULL,NULL,NULL,'2013-10-01','',15,26,NULL,'HTG',11000.00,0,'','',599.99000,1.85998,0,0.00000,0.00000,0.00000,1589.99000,0.00000,0.00000,9410.01000,1211.85998,0.00000,0.00000),(7,1,'Dlo Haiti Operations S.A.','177, Rue Faubert','addres453','Petionville','99','3054071346','1239877896','alexandra@dlohaiti.com','1.50',1,'September-2014','2014-09-01','2014-09-30',58,'003-529-420-7',20,'HQ Driver',6,'Administrative',5,'HQ_O',1,'HQ',0,NULL,2,'DHOSA 100%','Marco Mirvil','SAJUSTE','M','1969-07-16','+5094890-0778','','mirvil2227@gmail.com','Married','No','Haitian',NULL,'',NULL,NULL,NULL,'2013-04-01','',15,26,NULL,'HTG',21563.00,0,'','',4265.54000,9.82486,0,0.00000,0.00000,0.00000,6206.21000,0.00000,285.40000,15071.39000,2381.75486,285.40000,0.00000),(8,1,'Dlo Haiti Operations S.A.','177, Rue Faubert','addres453','Petionville','99','3054071346','1239877896','alexandra@dlohaiti.com','1.50',1,'September-2014','2014-09-01','2014-09-30',18,'003-585-766-0',6,'Trike Driver',5,'Operations',1,'KIOSK 1',2,'Saintard',1,'FullTime',2,'DHOSA 100%','Alierist','WILMINSE','M','1992-07-25','+5093411-5263 ',NULL,'','Single','No','Haitian',NULL,'Saintard',NULL,NULL,NULL,'2013-10-01','',15,26,NULL,'HTG',11000.00,0,'','',599.99000,1.85998,0,0.00000,0.00000,0.00000,1589.99000,0.00000,0.00000,9410.01000,1211.85998,0.00000,0.00000),(9,1,'Dlo Haiti Operations S.A.','177, Rue Faubert','addres453','Petionville','99','3054071346','1239877896','alexandra@dlohaiti.com','1.50',1,'September-2014','2014-09-01','2014-09-30',59,'003-664-705-9',20,'HQ Driver',6,'Administrative',5,'HQ_O',1,'HQ',1,'FullTime',2,'DHOSA 100%','Fritz','JEAN PIERRE','M','1968-09-07','+5094891-5580',NULL,'fritzjp68@gmail.com','Married','No','Haitian',NULL,'47, Impasse Fraicheur, Sarthe 45',NULL,NULL,NULL,'2014-08-05','',15,26,NULL,'HTG',23976.00,0,'','',3903.59000,9.24574,0,0.00000,0.00000,0.00000,6061.43000,0.00000,0.00000,17914.57000,2646.60574,0.00000,0.00000),(10,1,'Dlo Haiti Operations S.A.','177, Rue Faubert','addres453','Petionville','99','3054071346','1239877896','alexandra@dlohaiti.com','1.50',1,'September-2014','2014-09-01','2014-09-30',19,'003-818-949-6',6,'Trike Driver',5,'Operations',1,'KIOSK 1',2,'Saintard',1,'FullTime',2,'DHOSA 100%','Pierre Louis','LAROCHELLE','M','1968-08-23','+5093697-1701',NULL,'','Married','No','Haitian',NULL,'SAINTARD',NULL,NULL,NULL,'2014-03-01','',15,26,NULL,'HTG',10000.00,0,'','',499.99000,1.59998,0,0.00000,0.00000,0.00000,1399.99000,0.00000,0.00000,8600.01000,1101.59998,0.00000,0.00000),(11,1,'Dlo Haiti Operations S.A.','177, Rue Faubert','addres453','Petionville','99','3054071346','1239877896','alexandra@dlohaiti.com','1.50',1,'September-2014','2014-09-01','2014-09-30',8,'003-974-239-9',10,'Administrative Manager',6,'Administrative',6,'HQ_S',1,'HQ',1,'FullTime',2,'DHOSA 100%','Nanoucheka','OLIS','F','1982-02-08','(+509) 4890 0740',NULL,'nolis@dlohaiti.com','Married','No','Haitian',NULL,'',NULL,NULL,NULL,'2012-04-08','',15,22,NULL,'HTG',112500.00,0,'','',24083.29000,54.91658,0,0.00000,0.00000,0.00000,34208.29000,0.00000,0.00000,78291.71000,12429.91658,0.00000,0.00000),(12,1,'Dlo Haiti Operations S.A.','177, Rue Faubert','addres453','Petionville','99','3054071346','1239877896','alexandra@dlohaiti.com','1.50',1,'September-2014','2014-09-01','2014-09-30',14,'004-256-238-1',14,'Technical Support Manager',3,'Construction',6,'HQ_S',1,'HQ',1,'FullTime',2,'DHOSA 100%','Wolfson Fedler','CAZEAU','M','1978-01-09','(+509) 4894-0158',NULL,'','Single','','Haitian',NULL,'',NULL,NULL,NULL,'2014-07-01','',15,22,NULL,'HTG',41175.00,0,'','',4793.73000,12.05796,0,0.00000,0.00000,0.00000,8499.48000,0.00000,0.00000,32675.52000,4541.30796,0.00000,0.00000),(13,1,'Dlo Haiti Operations S.A.','177, Rue Faubert','addres453','Petionville','99','3054071346','1239877896','alexandra@dlohaiti.com','1.50',1,'September-2014','2014-09-01','2014-09-30',15,'004-263-573-6',15,'Plumber',4,'Technical',6,'HQ_S',1,'HQ',1,'FullTime',2,'DHOSA 100%','Pascale','MERSAN','F','1980-10-04','(+509) 4894-0158',NULL,'pascale@dlohaiti.com','Married','No','Haitian',NULL,'',NULL,NULL,NULL,'2014-01-13','',0,22,NULL,'HTG',132975.00,0,'','',30225.79000,68.43008,0,0.00000,0.00000,0.00000,42193.54000,0.00000,0.00000,90781.46000,14695.68008,0.00000,0.00000),(14,1,'Dlo Haiti Operations S.A.','177, Rue Faubert','addres453','Petionville','99','3054071346','1239877896','alexandra@dlohaiti.com','1.50',1,'September-2014','2014-09-01','2014-09-30',39,'004-327-161-2',24,'Regional Technician',4,'Technical',7,'REGION 1 ',0,NULL,1,'FullTime',2,'DHOSA 100%','Marc-philippe','ESTIVERNE','M','1980-11-09','+5094894-0157',NULL,'','Single','No','Haitian',NULL,'#29, Saintard Arcahaie',NULL,NULL,NULL,'2014-06-16','',15,26,NULL,'HTG',17600.00,0,'','',1259.99000,3.57598,0,0.00000,0.00000,0.00000,2843.99000,0.00000,0.00000,14756.01000,1939.57598,0.00000,0.00000),(15,1,'Dlo Haiti Operations S.A.','177, Rue Faubert','addres453','Petionville','99','3054071346','1239877896','alexandra@dlohaiti.com','1.50',1,'September-2014','2014-09-01','2014-09-30',1,'004-345-943-2',1,'Finance Assistant',1,'Finance',6,'HQ_S',1,'HQ',1,'FullTime',2,'DHOSA 100%','Karl Olivier','MEDE','M','1989-03-04','(+509)4846 5887',NULL,'medekarl@gmail.com','Single','No','Haitian',NULL,'',NULL,NULL,NULL,'2012-07-01','',15,26,NULL,'HTG',65000.00,0,'','',10749.98000,25.39996,0,0.00000,0.00000,0.00000,16599.98000,0.00000,0.00000,48400.02000,7175.39996,0.00000,0.00000),(16,1,'Dlo Haiti Operations S.A.','177, Rue Faubert','addres453','Petionville','99','3054071346','1239877896','alexandra@dlohaiti.com','1.50',1,'September-2014','2014-09-01','2014-09-30',25,'004-494-531-5',12,'Kiosk Assistant',5,'Operations',2,'KIOSK 2',4,'Corail',1,'FullTime',2,'DHOSA 100%','Luckson','IMBERT','M','1984-08-21','+5093485-5175',NULL,'','Single','No','Haitian',NULL,'Corail',NULL,NULL,NULL,'2014-05-01','',15,26,NULL,'HTG',11000.00,0,'','',599.99000,1.85998,0,0.00000,0.00000,0.00000,1589.99000,0.00000,0.00000,9410.01000,1211.85998,0.00000,0.00000),(17,1,'Dlo Haiti Operations S.A.','177, Rue Faubert','addres453','Petionville','99','3054071346','1239877896','alexandra@dlohaiti.com','1.50',1,'September-2014','2014-09-01','2014-09-30',23,'004-504-598-5',12,'Kiosk Assistant',5,'Operations',2,'KIOSK 2',4,'Corail',1,'FullTime',2,'DHOSA 100%','Rouby','MARCELLUS','M','1988-02-18','+5093102-2349',NULL,'','Single','No','Haitian',NULL,'Corail',NULL,NULL,NULL,'2014-05-01','',15,26,NULL,'HTG',17600.00,0,'','',1259.99000,3.57598,0,0.00000,0.00000,0.00000,2843.99000,0.00000,0.00000,14756.01000,1939.57598,0.00000,0.00000),(18,1,'Dlo Haiti Operations S.A.','177, Rue Faubert','addres453','Petionville','99','3054071346','1239877896','alexandra@dlohaiti.com','1.50',1,'September-2014','2014-09-01','2014-09-30',60,'004-709-190-3',9,'Community Marketing Manager',5,'Operations',14,'Region 3',11,'Cite Soleil',1,'FullTime',2,'DHOSA 100%','Mackenson','POLIFRANC','M','1983-12-11','+5094890-7447',NULL,'polifranc.mackenson@','Married','No','Haitian',NULL,'316, Soleil 19b, Port-au-prince',NULL,NULL,NULL,'2013-02-14','',15,26,NULL,'HTG',22000.00,0,'','',4199.99000,9.71998,0,0.00000,0.00000,0.00000,6179.99000,0.00000,0.00000,15820.01000,2429.71998,0.00000,0.00000),(19,1,'Dlo Haiti Operations S.A.','177, Rue Faubert','addres453','Petionville','99','3054071346','1239877896','alexandra@dlohaiti.com','1.50',1,'September-2014','2014-09-01','2014-09-30',33,'004-730-031-2',12,'Kiosk Assistant',5,'Operations',3,'KIOSK 3',6,'Courjolle',1,'FullTime',2,'DHOSA 100%','Marc Fedner','RAPHAEL','M','1984-08-18','+5093664-0974 ',NULL,'','Single','No','Haitian',NULL,'Courjolles',NULL,NULL,NULL,'2014-05-01','',15,26,NULL,'HTG',11000.00,0,'','',599.99000,1.85998,0,0.00000,0.00000,0.00000,1589.99000,0.00000,0.00000,9410.01000,1211.85998,0.00000,0.00000),(20,1,'Dlo Haiti Operations S.A.','177, Rue Faubert','addres453','Petionville','99','3054071346','1239877896','alexandra@dlohaiti.com','1.50',1,'September-2014','2014-09-01','2014-09-30',56,'005-598-260-0',25,'Human Ressources Manager',2,'HR',6,'HQ_S',1,'HQ',1,'FullTime',2,'DHOSA 100%','Guerdy Saint Louis','FAUSTIN','F','1980-07-12','+5094891-5570',NULL,'guerdy@dlohaiti.com','Married','No','Haitian',NULL,'Vivi Mitchel',NULL,NULL,NULL,'2014-08-11','',0,22,NULL,'HTG',157500.00,0,'','',37583.29000,84.61658,0,0.00000,0.00000,0.00000,51758.29000,0.00000,0.00000,105741.71000,17409.61658,0.00000,0.00000),(22,1,'Dlo Haiti Operations S.A.','177, Rue Faubert','addres453','Petionville','99','3054071346','1239877896','alexandra@dlohaiti.com','1.50',8,'May 2015','2015-05-01','2015-05-31',2,'002-862-095-3',2,'Finance Manager',1,'Finance',6,'HQ_S',1,'HQ',1,'FullTime',4,'DHI 60% DHOSA 40%','Alexandra Moise','SAINT ELIEN','F','1984-11-08','(+509) 48907862',NULL,'alexandra@dlohaiti.c','Married','No','American',NULL,'',NULL,NULL,NULL,'2014-06-01','',15,22,NULL,'HTG',225000.00,0,'','',17333.27000,39.52654,0,0.00000,0.00000,0.00000,24623.27000,0.00000,6950.00000,193426.73000,8949.52654,0.00000,0.00000),(23,1,'Dlo Haiti Operations S.A.','177, Rue Faubert','addres453','Petionville','99','3054071346','1239877896','alexandra@dlohaiti.com','1.50',5,'January 2015','2015-01-01','2015-01-31',48,'002-265-030-2',11,'Kiosk Operator',5,'Operations',2,'KIOSK 2',4,'Corail',1,'FullTime',2,'DHOSA 100%','Diphimar','MINISTRE','M','1985-08-31','',NULL,'','Single','No','Haitian',NULL,'Cabaret',NULL,NULL,NULL,'2014-10-01','',15,26,NULL,'HTG',22000.00,0,'','',1349.98000,4.01996,0,0.00000,0.00000,0.00000,3329.98000,0.00000,0.00000,18670.02000,2424.01996,0.00000,0.00000),(24,1,'Dlo Haiti Operations S.A.','177, Rue Faubert','addres453','Petionville','99','3054071346','1239877896','alexandra@dlohaiti.com','1.50',5,'January 2015','2015-01-01','2015-01-31',2,'002-862-095-3',2,'Finance Manager',1,'Finance',6,'HQ_S',1,'HQ',1,'FullTime',4,'DHI 60% DHOSA 40%','Alexandra Moise','SAINT ELIEN','F','1984-11-08','(+509) 48907862',NULL,'alexandra@dlohaiti.c','Married','No','American',NULL,'',NULL,NULL,NULL,'2014-06-01','',15,22,NULL,'HTG',202500.00,0,'','',14749.96000,34.35992,0,0.00000,0.00000,0.00000,22039.96000,0.00000,6255.00000,174205.04000,8944.35992,0.00000,0.00000),(25,1,'Dlo Haiti Operations S.A.','177, Rue Faubert','addres453','Petionville','99','3054071346','1239877896','alexandra@dlohaiti.com','1.50',5,'January 2015','2015-01-01','2015-01-31',13,'003-438-453-3',23,'Manager Adjoint de Construction ',3,'Construction',6,'HQ_S',1,'HQ',1,'FullTime',2,'DHOSA 100%','Augustin','CENE','M','1972-07-18','(+509) 4894-2711',NULL,'procurement@dlo.ht','Single','No','Haitian',NULL,'',NULL,NULL,NULL,'2014-01-05','',0,22,NULL,'HTG',112500.00,0,'','',24083.27000,54.91654,0,0.00000,0.00000,0.00000,34208.27000,0.00000,0.00000,78291.73000,12429.91654,0.00000,0.00000),(26,1,'Dlo Haiti Operations S.A.','177, Rue Faubert','addres453','Petionville','99','3054071346','1239877896','alexandra@dlohaiti.com','1.50',5,'January 2015','2015-01-01','2015-01-31',58,'003-529-420-7',20,'HQ Driver',6,'Administrative',5,'HQ_O',1,'HQ',0,NULL,2,'DHOSA 100%','Marco Mirvil','SAJUSTE','M','1969-07-16','+5094890-0778','','mirvil2227@gmail.com','Married','No','Haitian',NULL,'',NULL,NULL,NULL,'2013-04-01','',15,26,NULL,'HTG',21563.00,0,'','',1734.43000,4.76264,0,0.00000,0.00000,0.00000,3675.10000,0.00000,285.40000,17602.50000,2376.69264,285.40000,0.00000),(27,1,'Dlo Haiti Operations S.A.','177, Rue Faubert','addres453','Petionville','99','3054071346','1239877896','alexandra@dlohaiti.com','1.50',5,'January 2015','2015-01-01','2015-01-31',16,'003-545-542-8',15,'Plumber',4,'Technical',6,'HQ_S',1,'HQ',1,'FullTime',2,'DHOSA 100%','Jean Rene','LAMOUR','M','1972-01-10','(+509) 3872-3912',NULL,'','Married','No','Haitian',NULL,'',NULL,NULL,NULL,'2014-11-17','',15,26,NULL,'HTG',29247.00,0,'','',1680.96000,5.11674,0,0.00000,0.00000,0.00000,4313.19000,0.00000,0.00000,24933.81000,3222.28674,0.00000,0.00000),(28,1,'Dlo Haiti Operations S.A.','177, Rue Faubert','addres453','Petionville','99','3054071346','1239877896','alexandra@dlohaiti.com','1.50',5,'January 2015','2015-01-01','2015-01-31',18,'003-585-766-0',6,'Trike Driver',5,'Operations',1,'KIOSK 1',2,'Saintard',1,'FullTime',2,'DHOSA 100%','Alierist','WILMINSE','M','1992-07-25','+5093411-5263 ',NULL,'','Single','No','Haitian',NULL,'Saintard',NULL,NULL,NULL,'2013-10-01','',15,26,NULL,'HTG',11000.00,0,'','',599.99000,1.85998,0,0.00000,0.00000,0.00000,1589.99000,0.00000,0.00000,9410.01000,1211.85998,0.00000,0.00000),(29,1,'Dlo Haiti Operations S.A.','177, Rue Faubert','addres453','Petionville','99','3054071346','1239877896','alexandra@dlohaiti.com','1.50',5,'January 2015','2015-01-01','2015-01-31',59,'003-664-705-9',20,'HQ Driver',6,'Administrative',5,'HQ_O',1,'HQ',1,'FullTime',2,'DHOSA 100%','Fritz','JEAN PIERRE','M','1968-09-07','+5094891-5580',NULL,'fritzjp68@gmail.com','Married','No','Haitian',NULL,'47, Impasse Fraicheur, Sarthe 45',NULL,NULL,NULL,'2014-08-05','',15,26,NULL,'HTG',23976.00,0,'','',2096.38000,5.63132,0,0.00000,0.00000,0.00000,4254.22000,0.00000,0.00000,19721.78000,2642.99132,0.00000,0.00000),(30,1,'Dlo Haiti Operations S.A.','177, Rue Faubert','addres453','Petionville','99','3054071346','1239877896','alexandra@dlohaiti.com','1.50',5,'January 2015','2015-01-01','2015-01-31',19,'003-818-949-6',6,'Trike Driver',5,'Operations',1,'KIOSK 1',2,'Saintard',1,'FullTime',2,'DHOSA 100%','Pierre Louis','LAROCHELLE','M','1968-08-23','+5093697-1701',NULL,'','Married','No','Haitian',NULL,'SAINTARD',NULL,NULL,NULL,'2014-03-01','',15,26,NULL,'HTG',10000.00,0,'','',499.99000,1.59998,0,0.00000,0.00000,0.00000,1399.99000,0.00000,23700.00000,-15099.99000,1101.59998,10200.00000,0.00000),(31,1,'Dlo Haiti Operations S.A.','177, Rue Faubert','addres453','Petionville','99','3054071346','1239877896','alexandra@dlohaiti.com','1.50',5,'January 2015','2015-01-01','2015-01-31',8,'003-974-239-9',10,'Administrative Manager',6,'Administrative',6,'HQ_S',1,'HQ',1,'FullTime',2,'DHOSA 100%','Nanoucheka','OLIS','F','1982-02-08','(+509) 4890 0740',NULL,'nolis@dlohaiti.com','Married','No','Haitian',NULL,'',NULL,NULL,NULL,'2012-04-08','',15,22,NULL,'HTG',112500.00,0,'','',24083.27000,54.91654,0,0.00000,0.00000,0.00000,34208.27000,0.00000,0.00000,78291.73000,12429.91654,0.00000,0.00000),(32,1,'Dlo Haiti Operations S.A.','177, Rue Faubert','addres453','Petionville','99','3054071346','1239877896','alexandra@dlohaiti.com','1.50',5,'January 2015','2015-01-01','2015-01-31',14,'004-256-238-1',14,'Technical Support Manager',3,'Construction',6,'HQ_S',1,'HQ',1,'FullTime',2,'DHOSA 100%','Wolfson Fedler','CAZEAU','M','1978-01-09','(+509) 4894-0158',NULL,'','Single','','Haitian',NULL,'',NULL,NULL,NULL,'2014-07-01','',15,22,NULL,'HTG',41175.00,0,'','',4793.71000,12.05792,0,0.00000,0.00000,0.00000,8499.46000,0.00000,0.00000,32675.54000,4541.30792,0.00000,0.00000),(33,1,'Dlo Haiti Operations S.A.','177, Rue Faubert','addres453','Petionville','99','3054071346','1239877896','alexandra@dlohaiti.com','1.50',5,'January 2015','2015-01-01','2015-01-31',15,'004-263-573-6',15,'Plumber',4,'Technical',6,'HQ_S',1,'HQ',1,'FullTime',2,'DHOSA 100%','Pascale','MERSAN','F','1980-10-04','(+509) 4894-0158',NULL,'pascale@dlohaiti.com','Married','No','Haitian',NULL,'',NULL,NULL,NULL,'2014-01-13','',0,22,NULL,'HTG',132975.00,0,'','',30225.77000,68.43004,0,0.00000,0.00000,0.00000,42193.52000,0.00000,0.00000,90781.48000,14695.68004,0.00000,0.00000),(34,1,'Dlo Haiti Operations S.A.','177, Rue Faubert','addres453','Petionville','99','3054071346','1239877896','alexandra@dlohaiti.com','1.50',5,'January 2015','2015-01-01','2015-01-31',39,'004-327-161-2',24,'Regional Technician',4,'Technical',7,'REGION 1 ',0,NULL,1,'FullTime',2,'DHOSA 100%','Marc-philippe','ESTIVERNE','M','1980-11-09','+5094894-0157',NULL,'','Single','No','Haitian',NULL,'#29, Saintard Arcahaie',NULL,NULL,NULL,'2014-06-16','',15,26,NULL,'HTG',17600.00,0,'','',1259.99000,3.57598,0,0.00000,0.00000,0.00000,2843.99000,0.00000,0.00000,14756.01000,1939.57598,0.00000,0.00000),(35,1,'Dlo Haiti Operations S.A.','177, Rue Faubert','addres453','Petionville','99','3054071346','1239877896','alexandra@dlohaiti.com','1.50',5,'January 2015','2015-01-01','2015-01-31',1,'004-345-943-2',1,'Finance Assistant',1,'Finance',6,'HQ_S',1,'HQ',1,'FullTime',2,'DHOSA 100%','Karl Olivier','MEDE','M','1989-03-04','(+509)4846 5887',NULL,'medekarl@gmail.com','Single','No','Haitian',NULL,'',NULL,NULL,NULL,'2012-07-01','',15,26,NULL,'HTG',65000.00,0,'','',10749.96000,25.39992,0,0.00000,0.00000,0.00000,16599.96000,0.00000,0.00000,48400.04000,7175.39992,0.00000,0.00000),(36,1,'Dlo Haiti Operations S.A.','177, Rue Faubert','addres453','Petionville','99','3054071346','1239877896','alexandra@dlohaiti.com','1.50',5,'January 2015','2015-01-01','2015-01-31',36,'004-409-452-2',0,NULL,5,'Operations',5,'HQ_O',1,'HQ',0,NULL,0,NULL,'Woodlee','ABELARD','M','2014-05-03','+5094890-0746',NULL,'wqt_region1@dlo.ht','Single','No','Haitian',NULL,'',NULL,NULL,NULL,'2014-10-16','',15,26,NULL,'HTG',69125.00,0,'','',0.00000,0.00000,0,0.00000,0.00000,0.00000,0.00000,0.00000,0.00000,69125.00000,0.00000,0.00000,0.00000),(37,1,'Dlo Haiti Operations S.A.','177, Rue Faubert','addres453','Petionville','99','3054071346','1239877896','alexandra@dlohaiti.com','1.50',5,'January 2015','2015-01-01','2015-01-31',25,'004-494-531-5',12,'Kiosk Assistant',5,'Operations',2,'KIOSK 2',4,'Corail',1,'FullTime',2,'DHOSA 100%','Luckson','IMBERT','M','1984-08-21','+5093485-5175',NULL,'','Single','No','Haitian',NULL,'Corail',NULL,NULL,NULL,'2014-05-01','',15,26,NULL,'HTG',11000.00,0,'','',599.99000,1.85998,0,0.00000,0.00000,0.00000,1589.99000,0.00000,0.00000,9410.01000,1211.85998,0.00000,0.00000),(38,1,'Dlo Haiti Operations S.A.','177, Rue Faubert','addres453','Petionville','99','3054071346','1239877896','alexandra@dlohaiti.com','1.50',5,'January 2015','2015-01-01','2015-01-31',23,'004-504-598-5',12,'Kiosk Assistant',5,'Operations',2,'KIOSK 2',4,'Corail',1,'FullTime',2,'DHOSA 100%','Rouby','MARCELLUS','M','1988-02-18','+5093102-2349',NULL,'','Single','No','Haitian',NULL,'Corail',NULL,NULL,NULL,'2014-05-01','',15,26,NULL,'HTG',17600.00,0,'','',1259.99000,3.57598,0,0.00000,0.00000,0.00000,2843.99000,0.00000,0.00000,14756.01000,1939.57598,0.00000,0.00000),(39,1,'Dlo Haiti Operations S.A.','177, Rue Faubert','addres453','Petionville','99','3054071346','1239877896','alexandra@dlohaiti.com','1.50',5,'January 2015','2015-01-01','2015-01-31',51,'004-653-162-8',11,'Kiosk Operator',5,'Operations',8,'Kiosk 5',5,'Santo19',1,'FullTime',2,'DHOSA 100%','Eder Frantz','CLEMENT','M','1987-11-23','+5094472-8174 ',NULL,'','Single','No','Haitian',NULL,'SANTO',NULL,NULL,NULL,'2014-09-22','',15,26,NULL,'HTG',17600.00,0,'','',1259.99000,3.57598,0,0.00000,0.00000,0.00000,2843.99000,0.00000,0.00000,14756.01000,1939.57598,0.00000,0.00000),(40,1,'Dlo Haiti Operations S.A.','177, Rue Faubert','addres453','Petionville','99','3054071346','1239877896','alexandra@dlohaiti.com','1.50',5,'January 2015','2015-01-01','2015-01-31',60,'004-709-190-3',9,'Community Marketing Manager',5,'Operations',14,'Region 3',11,'Cite Soleil',1,'FullTime',2,'DHOSA 100%','Mackenson','POLIFRANC','M','1983-12-11','+5094890-7447',NULL,'polifranc.mackenson@','Married','No','Haitian',NULL,'316, Soleil 19b, Port-au-prince',NULL,NULL,NULL,'2013-02-14','',15,26,NULL,'HTG',22000.00,0,'','',1799.98000,4.91996,0,0.00000,0.00000,0.00000,3779.98000,0.00000,0.00000,18220.02000,2424.91996,0.00000,0.00000),(41,1,'Dlo Haiti Operations S.A.','177, Rue Faubert','addres453','Petionville','99','3054071346','1239877896','alexandra@dlohaiti.com','1.50',5,'January 2015','2015-01-01','2015-01-31',33,'004-730-031-2',12,'Kiosk Assistant',5,'Operations',3,'KIOSK 3',6,'Courjolle',1,'FullTime',2,'DHOSA 100%','Marc Fedner','RAPHAEL','M','1984-08-18','+5093664-0974 ',NULL,'','Single','No','Haitian',NULL,'Courjolles',NULL,NULL,NULL,'2014-05-01','',15,26,NULL,'HTG',11000.00,0,'','',599.99000,1.85998,0,0.00000,0.00000,0.00000,1589.99000,0.00000,0.00000,9410.01000,1211.85998,0.00000,0.00000),(42,1,'Dlo Haiti Operations S.A.','177, Rue Faubert','addres453','Petionville','99','3054071346','1239877896','alexandra@dlohaiti.com','1.50',5,'January 2015','2015-01-01','2015-01-31',7,'01-01-99-1988-07-00659',9,'Community Marketing Manager',8,'Marketing',5,'HQ_O',1,'HQ',1,'FullTime',2,'DHOSA 100%','Romeus','LEONE','M','1988-07-13','(+509) 4890 0744',NULL,'leone@dlo.ht','Single','No','Haitian',NULL,'',NULL,NULL,NULL,'2013-11-01','',15,22,NULL,'HTG',67950.00,0,'','',11487.46000,27.05192,0,0.00000,0.00000,0.00000,17602.96000,0.00000,0.00000,50347.04000,7501.55192,0.00000,0.00000),(43,1,'Dlo Haiti Operations S.A.','177, Rue Faubert','addres453','Petionville','99','3054071346','1239877896','alexandra@dlohaiti.com','1.50',5,'January 2015','2015-01-01','2015-01-31',6,'01-01-99-1988-12-00886',8,'Operations Coordinator',5,'Operations',6,'HQ_S',1,'HQ',1,'FullTime',2,'DHOSA 100%','Raoul Moliere','AMISIAL','M','1988-12-30','(+509) 3855 7702',NULL,'raoul@dlo.ht','Single','No','Haitian',NULL,'',NULL,NULL,NULL,'2014-07-01','',15,22,NULL,'HTG',90000.00,0,'','',17333.27000,40.06654,0,0.00000,0.00000,0.00000,25433.27000,0.00000,0.00000,64566.73000,9940.06654,0.00000,0.00000),(44,1,'Dlo Haiti Operations S.A.','177, Rue Faubert','addres453','Petionville','99','3054071346','1239877896','alexandra@dlohaiti.com','1.50',5,'January 2015','2015-01-01','2015-01-31',38,'01-01-99-1992-05-00165',27,'Community Marketing Assistant',5,'Operations',7,'REGION 1 ',0,NULL,1,'FullTime',2,'DHOSA 100%','Oradma','ROBERT','F','1992-05-31','+5094475-3205',NULL,'','Single','No','Haitian',NULL,'',NULL,NULL,NULL,'2014-09-22','',15,26,NULL,'HTG',22000.00,0,'','',1799.98000,4.91996,0,0.00000,0.00000,0.00000,3779.98000,0.00000,0.00000,18220.02000,2424.91996,0.00000,0.00000),(45,1,'Dlo Haiti Operations S.A.','177, Rue Faubert','addres453','Petionville','99','3054071346','1239877896','alexandra@dlohaiti.com','1.50',5,'January 2015','2015-01-01','2015-01-31',30,'01-02-99-1984-10-00131',11,'Kiosk Operator',5,'Operations',3,'KIOSK 3',6,'Courjolle',1,'FullTime',2,'DHOSA 100%','Stive','DELIUS','M','1984-10-17','+5093749-6039',NULL,'','Single','No','Haitian',NULL,'Courjolles',NULL,NULL,NULL,'2014-05-01','',15,26,NULL,'HTG',17600.00,0,'','',1259.99000,3.57598,0,0.00000,0.00000,0.00000,2843.99000,0.00000,0.00000,14756.01000,1939.57598,0.00000,0.00000),(46,1,'Dlo Haiti Operations S.A.','177, Rue Faubert','addres453','Petionville','99','3054071346','1239877896','alexandra@dlohaiti.com','1.50',5,'January 2015','2015-01-01','2015-01-31',53,'01-02-99-1987-12-00163',12,'Kiosk Assistant',5,'Operations',8,'Kiosk 5',5,'Santo19',1,'FullTime',2,'DHOSA 100%','Marvens','RENFORT','M','1987-12-29','+5093710-2938',NULL,'','Single','No','Haitian',NULL,'Santo',NULL,NULL,NULL,'2014-09-22','',15,26,NULL,'HTG',11000.00,0,'','',599.99000,1.85998,0,0.00000,0.00000,0.00000,1589.99000,0.00000,0.00000,9410.01000,1211.85998,0.00000,0.00000),(47,1,'Dlo Haiti Operations S.A.','177, Rue Faubert','addres453','Petionville','99','3054071346','1239877896','alexandra@dlohaiti.com','1.50',5,'January 2015','2015-01-01','2015-01-31',17,'01-04-99-1981-01-00057',15,'Plumber',4,'Technical',5,'HQ_O',1,'HQ',1,'FullTime',2,'DHOSA 100%','Sorel','MASSILON','M','1981-01-17','',NULL,'','Married','No','Haitian',NULL,'',NULL,NULL,NULL,'2014-11-17','',15,26,NULL,'HTG',29247.00,0,'','',1680.96000,5.11674,0,0.00000,0.00000,0.00000,4313.19000,0.00000,0.00000,24933.81000,3222.28674,0.00000,0.00000),(48,1,'Dlo Haiti Operations S.A.','177, Rue Faubert','addres453','Petionville','99','3054071346','1239877896','alexandra@dlohaiti.com','1.50',5,'January 2015','2015-01-01','2015-01-31',43,'01-15-99-1970-09-00062',28,'Guardian',5,'Operations',7,'REGION 1 ',0,NULL,1,'FullTime',2,'DHOSA 100%','Pierre Jenks Levelt','LAMARRE','M','1970-09-01','',NULL,'','Single','No','Haitian',NULL,'Courjolles',NULL,NULL,NULL,'2014-09-01','',15,26,NULL,'HTG',10000.00,0,'','',499.99000,1.59998,0,0.00000,0.00000,0.00000,1399.99000,0.00000,0.00000,8600.01000,1101.59998,0.00000,0.00000),(49,1,'Dlo Haiti Operations S.A.','177, Rue Faubert','addres453','Petionville','99','3054071346','1239877896','alexandra@dlohaiti.com','1.50',5,'January 2015','2015-01-01','2015-01-31',31,'01-15-99-1973-03-00063',12,'Kiosk Assistant',5,'Operations',3,'KIOSK 3',6,'Courjolle',1,'FullTime',2,'DHOSA 100%','Pierre Widens','LAMARRE','M','1973-03-29','+5093651-1671',NULL,'','Married','No','Haitian',NULL,'Courjolles',NULL,NULL,NULL,'2014-05-01','',15,26,NULL,'HTG',11000.00,0,'','',599.99000,1.85998,0,0.00000,0.00000,0.00000,1589.99000,0.00000,0.00000,9410.01000,1211.85998,0.00000,0.00000),(50,1,'Dlo Haiti Operations S.A.','177, Rue Faubert','addres453','Petionville','99','3054071346','1239877896','alexandra@dlohaiti.com','1.50',5,'January 2015','2015-01-01','2015-01-31',3,'01-15-99-1973-03-00105',7,'Regionl Manager',5,'Operations',7,'REGION 1 ',0,NULL,1,'FullTime',2,'DHOSA 100%','Dorsainville','PIERRE SAINVIL','M','0000-00-00','(+509) 3862 7939',NULL,'regional1@dlo.ht','Married','No','Haitian',NULL,'SAINTARD',NULL,NULL,NULL,'2013-10-01','',15,26,NULL,'HTG',47750.00,0,'','',6437.46000,15.73992,0,0.00000,0.00000,0.00000,10734.96000,0.00000,0.00000,37015.04000,5268.23992,0.00000,0.00000),(51,1,'Dlo Haiti Operations S.A.','177, Rue Faubert','addres453','Petionville','99','3054071346','1239877896','alexandra@dlohaiti.com','1.50',5,'January 2015','2015-01-01','2015-01-31',11,'01-15-99-1981-07-00029',12,'Kiosk Assistant',5,'Operations',1,'KIOSK 1',2,'Saintard',1,'FullTime',2,'DHOSA 100%','Solail','JEAN BAPTISTE','M','1981-07-10','',NULL,'','Single','No','Haitian',NULL,'',NULL,NULL,NULL,'2013-10-01','',15,26,NULL,'HTG',11000.00,0,'','',599.99000,1.85998,0,0.00000,0.00000,0.00000,1589.99000,0.00000,0.00000,9410.01000,1211.85998,0.00000,0.00000),(52,1,'Dlo Haiti Operations S.A.','177, Rue Faubert','addres453','Petionville','99','3054071346','1239877896','alexandra@dlohaiti.com','1.50',5,'January 2015','2015-01-01','2015-01-31',41,'01-15-99-1981-11-00041',12,'Kiosk Assistant',5,'Operations',7,'REGION 1 ',0,NULL,1,'FullTime',2,'DHOSA 100%','Jean Junior','TOUSSAINT','M','0000-00-00','',NULL,'','Married','No','Haitian',NULL,'',NULL,NULL,NULL,'2014-05-01','',15,26,NULL,'HTG',11000.00,0,'','',599.99000,1.85998,0,0.00000,0.00000,0.00000,1589.99000,0.00000,0.00000,9410.01000,1211.85998,0.00000,0.00000),(53,1,'Dlo Haiti Operations S.A.','177, Rue Faubert','addres453','Petionville','99','3054071346','1239877896','alexandra@dlohaiti.com','1.50',5,'January 2015','2015-01-01','2015-01-31',26,'01-15-99-1983-06-00164',12,'Kiosk Assistant',5,'Operations',2,'KIOSK 2',4,'Corail',1,'FullTime',2,'DHOSA 100%','Jean Remy','PIERRE','M','1983-06-16','+5093632-0845',NULL,'','Single','No','Haitian',NULL,'Corail',NULL,NULL,NULL,'2014-05-01','',15,26,NULL,'HTG',11000.00,0,'','',599.99000,1.85998,0,0.00000,0.00000,0.00000,1589.99000,0.00000,0.00000,9410.01000,1211.85998,0.00000,0.00000),(54,1,'Dlo Haiti Operations S.A.','177, Rue Faubert','addres453','Petionville','99','3054071346','1239877896','alexandra@dlohaiti.com','1.50',5,'January 2015','2015-01-01','2015-01-31',12,'01-15-99-1985-03-00093',12,'Kiosk Assistant',5,'Operations',1,'KIOSK 1',2,'Saintard',1,'FullTime',2,'DHOSA 100%','Jeune','VALENTIN','M','1985-03-15','',NULL,'saintard1@dlo.ht','Married','No','Haitian',NULL,'',NULL,NULL,NULL,'2013-10-01','',15,26,NULL,'HTG',11000.00,0,'','',599.99000,1.85998,0,0.00000,0.00000,0.00000,1589.99000,0.00000,0.00000,9410.01000,1211.85998,0.00000,0.00000),(55,1,'Dlo Haiti Operations S.A.','177, Rue Faubert','addres453','Petionville','99','3054071346','1239877896','alexandra@dlohaiti.com','1.50',5,'January 2015','2015-01-01','2015-01-31',27,'01-15-99-1988-01-00072',6,'Trike Driver',5,'Operations',2,'KIOSK 2',4,'Corail',1,'FullTime',2,'DHOSA 100%','Frandy','DORVIL','M','1988-01-06','+5093723-9488',NULL,'','Single','No','Haitian',NULL,'Corail',NULL,NULL,NULL,'2014-07-16','',15,26,NULL,'HTG',10000.00,0,'','',499.99000,1.59998,0,0.00000,0.00000,0.00000,1399.99000,0.00000,0.00000,8600.01000,1101.59998,0.00000,0.00000),(56,1,'Dlo Haiti Operations S.A.','177, Rue Faubert','addres453','Petionville','99','3054071346','1239877896','alexandra@dlohaiti.com','1.50',5,'January 2015','2015-01-01','2015-01-31',10,'01-15-99-1989-01-00009',11,'Kiosk Operator',5,'Operations',1,'KIOSK 1',2,'Saintard',1,'FullTime',2,'DHOSA 100%','Daphmar','ARMAND','F','1989-01-24','',NULL,'','Married','No','Haitian',NULL,'',NULL,NULL,NULL,'2013-10-01','',15,26,NULL,'HTG',17600.00,0,'','',1259.99000,3.57598,0,0.00000,0.00000,0.00000,2843.99000,0.00000,0.00000,14756.01000,1939.57598,0.00000,0.00000),(57,1,'Dlo Haiti Operations S.A.','177, Rue Faubert','addres453','Petionville','99','3054071346','1239877896','alexandra@dlohaiti.com','1.50',5,'January 2015','2015-01-01','2015-01-31',40,'01-15-99-1989-10-00051',0,NULL,0,NULL,0,NULL,0,NULL,0,NULL,0,NULL,'Farah','EUCHER','F','1989-10-27','+5093617-3463',NULL,'','Single','No','Haitian',NULL,'#11, Mitan, Arcahaie',NULL,NULL,NULL,'2014-02-15','',15,26,NULL,'HTG',17600.00,0,'','',0.00000,0.00000,0,0.00000,0.00000,0.00000,0.00000,0.00000,0.00000,17600.00000,0.00000,0.00000,0.00000),(58,1,'Dlo Haiti Operations S.A.','177, Rue Faubert','addres453','Petionville','99','3054071346','1239877896','alexandra@dlohaiti.com','1.50',5,'January 2015','2015-01-01','2015-01-31',20,'01-15-99-1990-03-00144',16,'Kiosk Manager',5,'Operations',1,'KIOSK 1',0,NULL,1,'FullTime',2,'DHOSA 100%','Carlos','JOSEPH','M','1990-03-03','+5093439-8768',NULL,'','Single','No','Haitian',NULL,'Saintard',NULL,NULL,NULL,'2014-03-01','',15,26,NULL,'HTG',10000.00,0,'','',499.99000,1.59998,0,0.00000,0.00000,0.00000,1399.99000,0.00000,0.00000,8600.01000,1101.59998,0.00000,0.00000),(59,1,'Dlo Haiti Operations S.A.','177, Rue Faubert','addres453','Petionville','99','3054071346','1239877896','alexandra@dlohaiti.com','1.50',5,'January 2015','2015-01-01','2015-01-31',28,'01-15-99-1991-02-00026',12,'Kiosk Assistant',5,'Operations',2,'KIOSK 2',0,NULL,1,'FullTime',2,'DHOSA 100%','Wisler','PIERRE LOUIS','M','1991-02-17','+5094646-7906 ',NULL,'','Single','No','Haitian',NULL,'Corail',NULL,NULL,NULL,'2014-07-15','',15,26,NULL,'HTG',10000.00,0,'','',499.99000,1.59998,0,0.00000,0.00000,0.00000,1399.99000,0.00000,0.00000,8600.01000,1101.59998,0.00000,0.00000),(60,1,'Dlo Haiti Operations S.A.','177, Rue Faubert','addres453','Petionville','99','3054071346','1239877896','alexandra@dlohaiti.com','1.50',5,'January 2015','2015-01-01','2015-01-31',24,'01-15-99-1993-03-00040',12,'Kiosk Assistant',5,'Operations',2,'KIOSK 2',0,NULL,1,'FullTime',2,'DHOSA 100%','Dossous','ROSE-BERLINE','F','1993-03-06','+5093629-7450',NULL,'','Single','No','Haitian',NULL,'Corail',NULL,NULL,NULL,'2014-05-01','',15,26,NULL,'HTG',11000.00,0,'','',599.99000,1.85998,0,0.00000,0.00000,0.00000,1589.99000,0.00000,0.00000,9410.01000,1211.85998,0.00000,0.00000),(61,1,'Dlo Haiti Operations S.A.','177, Rue Faubert','addres453','Petionville','99','3054071346','1239877896','alexandra@dlohaiti.com','1.50',5,'January 2015','2015-01-01','2015-01-31',47,'01-16-99-1984-02-00065',0,NULL,0,NULL,0,NULL,0,NULL,0,NULL,0,NULL,'Wilson','PAYOUTE','M','1984-02-14','+5093314-6343',NULL,'','Single','No','Haitian',NULL,'Cabaret',NULL,NULL,NULL,'2014-09-22','',15,26,NULL,'HTG',11000.00,0,'','',0.00000,0.00000,0,0.00000,0.00000,0.00000,0.00000,0.00000,0.00000,11000.00000,0.00000,0.00000,0.00000),(62,1,'Dlo Haiti Operations S.A.','177, Rue Faubert','addres453','Petionville','99','3054071346','1239877896','alexandra@dlohaiti.com','1.50',5,'January 2015','2015-01-01','2015-01-31',44,'01-16-99-1988-09-00025',0,NULL,0,NULL,0,NULL,0,NULL,0,NULL,0,NULL,'Sainte Helene','JEAN','F','1988-09-07','+5093336-3392 ',NULL,'','Single','No','Haitian',NULL,'Cabaret',NULL,NULL,NULL,'2014-09-22','',15,26,NULL,'HTG',22000.00,0,'','',0.00000,0.00000,0,0.00000,0.00000,0.00000,0.00000,0.00000,0.00000,22000.00000,0.00000,0.00000,0.00000),(63,1,'Dlo Haiti Operations S.A.','177, Rue Faubert','addres453','Petionville','99','3054071346','1239877896','alexandra@dlohaiti.com','1.50',5,'January 2015','2015-01-01','2015-01-31',4,'01-16-99-1989-09-00012',12,'Kiosk Assistant',5,'Operations',4,'KIOSK 4',0,NULL,1,'FullTime',2,'DHOSA 100%','Daniel','MICHAUD','F','1989-09-17','',NULL,'','Married','No','Haitian',NULL,'',NULL,NULL,NULL,'2014-12-01','',15,26,NULL,'HTG',11000.00,0,'','',243.05000,1.14610,0,0.00000,0.00000,0.00000,1233.05000,0.00000,0.00000,9766.95000,1211.14610,0.00000,0.00000),(64,1,'Dlo Haiti Operations S.A.','177, Rue Faubert','addres453','Petionville','99','3054071346','1239877896','alexandra@dlohaiti.com','1.50',5,'January 2015','2015-01-01','2015-01-31',45,'01-16-99-1990-05-00016',0,NULL,0,NULL,0,NULL,0,NULL,0,NULL,0,NULL,'Michel Ader','LAURORE','M','1990-05-17','+50938184269',NULL,'','Single','No','Haitian',NULL,'Cabaret',NULL,NULL,NULL,'2014-09-22','',15,26,NULL,'HTG',17600.00,0,'','',0.00000,0.00000,0,0.00000,0.00000,0.00000,0.00000,0.00000,0.00000,17600.00000,0.00000,0.00000,0.00000),(65,1,'Dlo Haiti Operations S.A.','177, Rue Faubert','addres453','Petionville','99','3054071346','1239877896','alexandra@dlohaiti.com','1.50',5,'January 2015','2015-01-01','2015-01-31',46,'01-16-99-1990-08-00009',0,NULL,0,NULL,0,NULL,0,NULL,0,NULL,0,NULL,'Juliette','FRANCOIS','F','1990-08-17','+5094331-5629',NULL,'','Single','No','Haitian',NULL,'Cabaret',NULL,NULL,NULL,'2014-09-22','',15,26,NULL,'HTG',11000.00,0,'','',0.00000,0.00000,0,0.00000,0.00000,0.00000,0.00000,0.00000,0.00000,11000.00000,0.00000,0.00000,0.00000),(66,1,'Dlo Haiti Operations S.A.','177, Rue Faubert','addres453','Petionville','99','3054071346','1239877896','alexandra@dlohaiti.com','1.50',5,'January 2015','2015-01-01','2015-01-31',32,'07-10-99-1985-11-00032',0,NULL,0,NULL,0,NULL,0,NULL,0,NULL,0,NULL,'John','ODENAT','M','1985-11-18','',NULL,'','Single','No','Haitian',NULL,'Courjolles',NULL,NULL,NULL,'2015-01-01','',15,26,NULL,'HTG',11000.00,0,'','',0.00000,0.00000,0,0.00000,0.00000,0.00000,0.00000,0.00000,0.00000,11000.00000,0.00000,0.00000,0.00000),(67,1,'Dlo Haiti Operations S.A.','177, Rue Faubert','addres453','Petionville','99','3054071346','1239877896','alexandra@dlohaiti.com','1.50',5,'January 2015','2015-01-01','2015-01-31',62,'422110571',17,'CEO',7,'Executive',6,'HQ_S',1,'HQ',1,'FullTime',1,'DHI','James J.','CHU','M','1972-04-05','+5094890-0743',NULL,'jim@dlohaiti.com','Married','No','American','1065 De Haro St','','San Francisco',NULL,'USA','2013-04-25','',0,22,NULL,'HTG',405000.00,0,'','',0.00000,0.00000,0,0.00000,0.00000,0.00000,0.00000,0.00000,0.00000,405000.00000,0.00000,0.00000,0.00000),(68,1,'Dlo Haiti Operations S.A.','177, Rue Faubert','addres453','Petionville','99','3054071346','1239877896','alexandra@dlohaiti.com','1.50',6,'June 2015','2015-06-01','2015-06-30',48,'002-265-030-2',11,'Kiosk Operator',5,'Operations',2,'KIOSK 2',4,'Corail',1,'FullTime',2,'DHOSA 100%','Diphimar','MINISTRE','M','1985-08-31','',NULL,'','Single','No','Haitian',NULL,'Cabaret',NULL,NULL,NULL,'2014-10-01','',15,26,NULL,'HTG',22000.00,0,'','',1349.98000,4.01996,0,0.00000,0.00000,0.00000,3329.98000,0.00000,0.00000,18670.02000,2424.01996,0.00000,0.00000),(69,1,'Dlo Haiti Operations S.A.','177, Rue Faubert','addres453','Petionville','99','3054071346','1239877896','alexandra@dlohaiti.com','1.50',6,'June 2015','2015-06-01','2015-06-30',2,'002-862-095-3',2,'Finance Manager',1,'Finance',6,'HQ_S',1,'HQ',1,'FullTime',4,'DHI 60% DHOSA 40%','Alexandra Moise','SAINT ELIEN','F','1984-11-08','(+509) 48907862',NULL,'alexandra@dlohaiti.c','Married','No','American',NULL,'',NULL,NULL,NULL,'2014-06-01','',15,22,NULL,'HTG',225000.00,0,'','',17333.27000,39.52654,0,0.00000,0.00000,0.00000,24623.27000,0.00000,6950.00000,193426.73000,8949.52654,0.00000,0.00000),(70,1,'Dlo Haiti Operations S.A.','177, Rue Faubert','addres453','Petionville','99','3054071346','1239877896','alexandra@dlohaiti.com','1.50',6,'June 2015','2015-06-01','2015-06-30',13,'003-438-453-3',23,'Manager Adjoint de Construction ',3,'Construction',6,'HQ_S',1,'HQ',1,'FullTime',2,'DHOSA 100%','Augustin','CENE','M','1972-07-18','(+509) 4894-2711',NULL,'procurement@dlo.ht','Single','No','Haitian',NULL,'',NULL,NULL,NULL,'2014-01-05','',0,22,NULL,'HTG',125000.00,0,'','',27833.27000,62.41654,0,0.00000,0.00000,0.00000,37958.27000,0.00000,0.00000,87041.73000,12437.41654,0.00000,0.00000),(71,1,'Dlo Haiti Operations S.A.','177, Rue Faubert','addres453','Petionville','99','3054071346','1239877896','alexandra@dlohaiti.com','1.50',6,'June 2015','2015-06-01','2015-06-30',58,'003-529-420-7',20,'HQ Driver',6,'Administrative',5,'HQ_O',1,'HQ',0,NULL,2,'DHOSA 100%','Marco Mirvil','SAJUSTE','M','1969-07-16','+5094890-0778','','mirvil2227@gmail.com','Married','No','Haitian',NULL,'',NULL,NULL,NULL,'2013-04-01','',15,26,NULL,'HTG',21563.00,0,'','',1734.43000,4.76264,0,0.00000,0.00000,0.00000,3675.10000,0.00000,285.40000,17602.50000,2376.69264,285.40000,0.00000),(72,1,'Dlo Haiti Operations S.A.','177, Rue Faubert','addres453','Petionville','99','3054071346','1239877896','alexandra@dlohaiti.com','1.50',6,'June 2015','2015-06-01','2015-06-30',16,'003-545-542-8',15,'Plumber',4,'Technical',6,'HQ_S',1,'HQ',1,'FullTime',2,'DHOSA 100%','Jean Rene','LAMOUR','M','1972-01-10','(+509) 3872-3912',NULL,'','Married','No','Haitian',NULL,'',NULL,NULL,NULL,'2014-11-17','',15,26,NULL,'HTG',29247.00,0,'','',1680.96000,5.11674,0,0.00000,0.00000,0.00000,4313.19000,0.00000,0.00000,24933.81000,3222.28674,0.00000,0.00000),(73,1,'Dlo Haiti Operations S.A.','177, Rue Faubert','addres453','Petionville','99','3054071346','1239877896','alexandra@dlohaiti.com','1.50',6,'June 2015','2015-06-01','2015-06-30',18,'003-585-766-0',6,'Trike Driver',5,'Operations',1,'KIOSK 1',2,'Saintard',1,'FullTime',2,'DHOSA 100%','Alierist','WILMINSE','M','1992-07-25','+5093411-5263 ',NULL,'','Single','No','Haitian',NULL,'Saintard',NULL,NULL,NULL,'2013-10-01','',15,26,NULL,'HTG',11000.00,0,'','',599.99000,1.85998,0,0.00000,0.00000,0.00000,1589.99000,0.00000,0.00000,9410.01000,1211.85998,0.00000,0.00000),(74,1,'Dlo Haiti Operations S.A.','177, Rue Faubert','addres453','Petionville','99','3054071346','1239877896','alexandra@dlohaiti.com','1.50',6,'June 2015','2015-06-01','2015-06-30',59,'003-664-705-9',20,'HQ Driver',6,'Administrative',5,'HQ_O',1,'HQ',1,'FullTime',2,'DHOSA 100%','Fritz','JEAN PIERRE','M','1968-09-07','+5094891-5580',NULL,'fritzjp68@gmail.com','Married','No','Haitian',NULL,'47, Impasse Fraicheur, Sarthe 45',NULL,NULL,NULL,'2014-08-05','',15,26,NULL,'HTG',23976.00,0,'','',2096.38000,5.63132,0,0.00000,0.00000,0.00000,4254.22000,0.00000,0.00000,19721.78000,2642.99132,0.00000,0.00000),(75,1,'Dlo Haiti Operations S.A.','177, Rue Faubert','addres453','Petionville','99','3054071346','1239877896','alexandra@dlohaiti.com','1.50',6,'June 2015','2015-06-01','2015-06-30',19,'003-818-949-6',6,'Trike Driver',5,'Operations',1,'KIOSK 1',2,'Saintard',1,'FullTime',2,'DHOSA 100%','Pierre Louis','LAROCHELLE','M','1968-08-23','+5093697-1701',NULL,'','Married','No','Haitian',NULL,'SAINTARD',NULL,NULL,NULL,'2014-03-01','',15,26,NULL,'HTG',10000.00,0,'','',499.99000,1.59998,0,0.00000,0.00000,0.00000,1399.99000,0.00000,26200.00000,-17599.99000,1101.59998,11200.00000,0.00000),(76,1,'Dlo Haiti Operations S.A.','177, Rue Faubert','addres453','Petionville','99','3054071346','1239877896','alexandra@dlohaiti.com','1.50',6,'June 2015','2015-06-01','2015-06-30',8,'003-974-239-9',10,'Administrative Manager',6,'Administrative',6,'HQ_S',1,'HQ',1,'FullTime',2,'DHOSA 100%','Nanoucheka','OLIS','F','1982-02-08','(+509) 4890 0740',NULL,'nolis@dlohaiti.com','Married','No','Haitian',NULL,'',NULL,NULL,NULL,'2012-04-08','',15,22,NULL,'HTG',125000.00,0,'','',27833.27000,62.41654,0,0.00000,0.00000,0.00000,37958.27000,0.00000,0.00000,87041.73000,12437.41654,0.00000,0.00000),(77,1,'Dlo Haiti Operations S.A.','177, Rue Faubert','addres453','Petionville','99','3054071346','1239877896','alexandra@dlohaiti.com','1.50',6,'June 2015','2015-06-01','2015-06-30',61,'004-151-196-6',4,'Operations Director',5,'Operations',6,'HQ_S',1,'HQ',1,'FullTime',4,'DHI 60% DHOSA 40%','Pierre Luigi','ROY','M','1975-03-14','+5093111-3111',NULL,'gino@dlohaiti.com','Married','No','French',NULL,'',NULL,NULL,NULL,'2015-03-01','',0,22,NULL,'HTG',315000.00,0,'','',4291.65000,16.14330,0,0.00000,0.00000,0.00000,15631.65000,0.00000,0.00000,299368.35000,13876.14330,0.00000,0.00000),(78,1,'Dlo Haiti Operations S.A.','177, Rue Faubert','addres453','Petionville','99','3054071346','1239877896','alexandra@dlohaiti.com','1.50',6,'June 2015','2015-06-01','2015-06-30',14,'004-256-238-1',14,'Technical Support Manager',3,'Construction',6,'HQ_S',1,'HQ',1,'FullTime',2,'DHOSA 100%','Wolfson Fedler','CAZEAU','M','1978-01-09','(+509) 4894-0158',NULL,'','Single','','Haitian',NULL,'',NULL,NULL,NULL,'2014-07-01','',15,22,NULL,'HTG',41175.00,0,'','',4793.71000,NULL,0,0.00000,0.00000,0.00000,4793.71000,0.00000,0.00000,36381.29000,0.00000,0.00000,0.00000),(79,1,'Dlo Haiti Operations S.A.','177, Rue Faubert','addres453','Petionville','99','3054071346','1239877896','alexandra@dlohaiti.com','1.50',3,'November-2014','2014-11-01','2014-11-30',48,'002-265-030-2',11,'Kiosk Operator',5,'Operations',2,'KIOSK 2',4,'Corail',1,'FullTime',2,'DHOSA 100%','Diphimar','MINISTRE','M','1985-08-31','',NULL,'','Single','No','Haitian',NULL,'Cabaret',NULL,NULL,NULL,'2014-10-01','',15,26,NULL,'HTG',22000.00,0,'','',1349.98000,4.01996,0,0.00000,0.00000,0.00000,3329.98000,0.00000,0.00000,18670.02000,2424.01996,0.00000,0.00000),(80,1,'Dlo Haiti Operations S.A.','177, Rue Faubert','addres453','Petionville','99','3054071346','1239877896','alexandra@dlohaiti.com','1.50',3,'November-2014','2014-11-01','2014-11-30',2,'002-862-095-3',2,'Finance Manager',1,'Finance',6,'HQ_S',1,'HQ',1,'FullTime',4,'DHI 60% DHOSA 40%','Alexandra Moise','SAINT ELIEN','F','1984-11-08','(+509) 48907862',NULL,'alexandra@dlohaiti.c','Married','No','American',NULL,'',NULL,NULL,NULL,'2014-06-01','',15,22,NULL,'HTG',202500.00,0,'','',14749.96000,34.35992,0,0.00000,0.00000,0.00000,22039.96000,0.00000,6255.00000,174205.04000,8944.35992,0.00000,0.00000),(81,1,'Dlo Haiti Operations S.A.','177, Rue Faubert','addres453','Petionville','99','3054071346','1239877896','alexandra@dlohaiti.com','1.50',3,'November-2014','2014-11-01','2014-11-30',13,'003-438-453-3',23,'Manager Adjoint de Construction ',3,'Construction',6,'HQ_S',1,'HQ',1,'FullTime',2,'DHOSA 100%','Augustin','CENE','M','1972-07-18','(+509) 4894-2711',NULL,'procurement@dlo.ht','Single','No','Haitian',NULL,'',NULL,NULL,NULL,'2014-01-05','',0,22,NULL,'HTG',112500.00,0,'','',24083.27000,54.91654,0,0.00000,0.00000,0.00000,34208.27000,0.00000,0.00000,78291.73000,12429.91654,0.00000,0.00000),(82,1,'Dlo Haiti Operations S.A.','177, Rue Faubert','addres453','Petionville','99','3054071346','1239877896','alexandra@dlohaiti.com','1.50',3,'November-2014','2014-11-01','2014-11-30',58,'003-529-420-7',20,'HQ Driver',6,'Administrative',5,'HQ_O',1,'HQ',0,NULL,2,'DHOSA 100%','Marco Mirvil','SAJUSTE','M','1969-07-16','+5094890-0778','','mirvil2227@gmail.com','Married','No','Haitian',NULL,'',NULL,NULL,NULL,'2013-04-01','',15,26,NULL,'HTG',21563.00,0,'','',1734.43000,4.76264,0,0.00000,0.00000,0.00000,3675.10000,0.00000,285.40000,17602.50000,2376.69264,285.40000,0.00000),(83,1,'Dlo Haiti Operations S.A.','177, Rue Faubert','addres453','Petionville','99','3054071346','1239877896','alexandra@dlohaiti.com','1.50',3,'November-2014','2014-11-01','2014-11-30',18,'003-585-766-0',6,'Trike Driver',5,'Operations',1,'KIOSK 1',2,'Saintard',1,'FullTime',2,'DHOSA 100%','Alierist','WILMINSE','M','1992-07-25','+5093411-5263 ',NULL,'','Single','No','Haitian',NULL,'Saintard',NULL,NULL,NULL,'2013-10-01','',15,26,NULL,'HTG',11000.00,0,'','',599.99000,1.85998,0,0.00000,0.00000,0.00000,1589.99000,0.00000,0.00000,9410.01000,1211.85998,0.00000,0.00000),(84,1,'Dlo Haiti Operations S.A.','177, Rue Faubert','addres453','Petionville','99','3054071346','1239877896','alexandra@dlohaiti.com','1.50',3,'November-2014','2014-11-01','2014-11-30',59,'003-664-705-9',20,'HQ Driver',6,'Administrative',5,'HQ_O',1,'HQ',1,'FullTime',2,'DHOSA 100%','Fritz','JEAN PIERRE','M','1968-09-07','+5094891-5580',NULL,'fritzjp68@gmail.com','Married','No','Haitian',NULL,'47, Impasse Fraicheur, Sarthe 45',NULL,NULL,NULL,'2014-08-05','',15,26,NULL,'HTG',23976.00,0,'','',2096.38000,5.63132,0,0.00000,0.00000,0.00000,4254.22000,0.00000,0.00000,19721.78000,2642.99132,0.00000,0.00000),(85,1,'Dlo Haiti Operations S.A.','177, Rue Faubert','addres453','Petionville','99','3054071346','1239877896','alexandra@dlohaiti.com','1.50',3,'November-2014','2014-11-01','2014-11-30',19,'003-818-949-6',6,'Trike Driver',5,'Operations',1,'KIOSK 1',2,'Saintard',1,'FullTime',2,'DHOSA 100%','Pierre Louis','LAROCHELLE','M','1968-08-23','+5093697-1701',NULL,'','Married','No','Haitian',NULL,'SAINTARD',NULL,NULL,NULL,'2014-03-01','',15,26,NULL,'HTG',10000.00,0,'','',499.99000,1.59998,0,0.00000,0.00000,0.00000,1399.99000,0.00000,23700.00000,-15099.99000,1101.59998,10200.00000,0.00000),(86,1,'Dlo Haiti Operations S.A.','177, Rue Faubert','addres453','Petionville','99','3054071346','1239877896','alexandra@dlohaiti.com','1.50',3,'November-2014','2014-11-01','2014-11-30',8,'003-974-239-9',10,'Administrative Manager',6,'Administrative',6,'HQ_S',1,'HQ',1,'FullTime',2,'DHOSA 100%','Nanoucheka','OLIS','F','1982-02-08','(+509) 4890 0740',NULL,'nolis@dlohaiti.com','Married','No','Haitian',NULL,'',NULL,NULL,NULL,'2012-04-08','',15,22,NULL,'HTG',112500.00,0,'','',24083.27000,54.91654,0,0.00000,0.00000,0.00000,34208.27000,0.00000,0.00000,78291.73000,12429.91654,0.00000,0.00000),(87,1,'Dlo Haiti Operations S.A.','177, Rue Faubert','addres453','Petionville','99','3054071346','1239877896','alexandra@dlohaiti.com','1.50',3,'November-2014','2014-11-01','2014-11-30',14,'004-256-238-1',14,'Technical Support Manager',3,'Construction',6,'HQ_S',1,'HQ',1,'FullTime',2,'DHOSA 100%','Wolfson Fedler','CAZEAU','M','1978-01-09','(+509) 4894-0158',NULL,'','Single','','Haitian',NULL,'',NULL,NULL,NULL,'2014-07-01','',15,22,NULL,'HTG',41175.00,0,'','',4793.71000,12.05792,0,0.00000,0.00000,0.00000,8499.46000,0.00000,0.00000,32675.54000,4541.30792,0.00000,0.00000),(88,1,'Dlo Haiti Operations S.A.','177, Rue Faubert','addres453','Petionville','99','3054071346','1239877896','alexandra@dlohaiti.com','1.50',3,'November-2014','2014-11-01','2014-11-30',15,'004-263-573-6',15,'Plumber',4,'Technical',6,'HQ_S',1,'HQ',1,'FullTime',2,'DHOSA 100%','Pascale','MERSAN','F','1980-10-04','(+509) 4894-0158',NULL,'pascale@dlohaiti.com','Married','No','Haitian',NULL,'',NULL,NULL,NULL,'2014-01-13','',0,22,NULL,'HTG',132975.00,0,'','',30225.77000,68.43004,0,0.00000,0.00000,0.00000,42193.52000,0.00000,0.00000,90781.48000,14695.68004,0.00000,0.00000),(89,1,'Dlo Haiti Operations S.A.','177, Rue Faubert','addres453','Petionville','99','3054071346','1239877896','alexandra@dlohaiti.com','1.50',3,'November-2014','2014-11-01','2014-11-30',39,'004-327-161-2',24,'Regional Technician',4,'Technical',7,'REGION 1 ',0,NULL,1,'FullTime',2,'DHOSA 100%','Marc-philippe','ESTIVERNE','M','1980-11-09','+5094894-0157',NULL,'','Single','No','Haitian',NULL,'#29, Saintard Arcahaie',NULL,NULL,NULL,'2014-06-16','',15,26,NULL,'HTG',17600.00,0,'','',1259.99000,3.57598,0,0.00000,0.00000,0.00000,2843.99000,0.00000,0.00000,14756.01000,1939.57598,0.00000,0.00000),(90,1,'Dlo Haiti Operations S.A.','177, Rue Faubert','addres453','Petionville','99','3054071346','1239877896','alexandra@dlohaiti.com','1.50',3,'November-2014','2014-11-01','2014-11-30',1,'004-345-943-2',1,'Finance Assistant',1,'Finance',6,'HQ_S',1,'HQ',1,'FullTime',2,'DHOSA 100%','Karl Olivier','MEDE','M','1989-03-04','(+509)4846 5887',NULL,'medekarl@gmail.com','Single','No','Haitian',NULL,'',NULL,NULL,NULL,'2012-07-01','',15,26,NULL,'HTG',65000.00,0,'','',10749.96000,25.39992,0,0.00000,0.00000,0.00000,16599.96000,0.00000,0.00000,48400.04000,7175.39992,0.00000,0.00000),(91,1,'Dlo Haiti Operations S.A.','177, Rue Faubert','addres453','Petionville','99','3054071346','1239877896','alexandra@dlohaiti.com','1.50',3,'November-2014','2014-11-01','2014-11-30',36,'004-409-452-2',0,NULL,5,'Operations',5,'HQ_O',1,'HQ',0,NULL,0,NULL,'Woodlee','ABELARD','M','2014-05-03','+5094890-0746',NULL,'wqt_region1@dlo.ht','Single','No','Haitian',NULL,'',NULL,NULL,NULL,'2014-10-16','',15,26,NULL,'HTG',69125.00,0,'','',0.00000,0.00000,0,0.00000,0.00000,0.00000,0.00000,0.00000,0.00000,69125.00000,0.00000,0.00000,0.00000),(92,1,'Dlo Haiti Operations S.A.','177, Rue Faubert','addres453','Petionville','99','3054071346','1239877896','alexandra@dlohaiti.com','1.50',3,'November-2014','2014-11-01','2014-11-30',25,'004-494-531-5',12,'Kiosk Assistant',5,'Operations',2,'KIOSK 2',4,'Corail',1,'FullTime',2,'DHOSA 100%','Luckson','IMBERT','M','1984-08-21','+5093485-5175',NULL,'','Single','No','Haitian',NULL,'Corail',NULL,NULL,NULL,'2014-05-01','',15,26,NULL,'HTG',11000.00,0,'','',599.99000,1.85998,0,0.00000,0.00000,0.00000,1589.99000,0.00000,0.00000,9410.01000,1211.85998,0.00000,0.00000),(93,1,'Dlo Haiti Operations S.A.','177, Rue Faubert','addres453','Petionville','99','3054071346','1239877896','alexandra@dlohaiti.com','1.50',3,'November-2014','2014-11-01','2014-11-30',23,'004-504-598-5',12,'Kiosk Assistant',5,'Operations',2,'KIOSK 2',4,'Corail',1,'FullTime',2,'DHOSA 100%','Rouby','MARCELLUS','M','1988-02-18','+5093102-2349',NULL,'','Single','No','Haitian',NULL,'Corail',NULL,NULL,NULL,'2014-05-01','',15,26,NULL,'HTG',17600.00,0,'','',1259.99000,3.57598,0,0.00000,0.00000,0.00000,2843.99000,0.00000,0.00000,14756.01000,1939.57598,0.00000,0.00000),(94,1,'Dlo Haiti Operations S.A.','177, Rue Faubert','addres453','Petionville','99','3054071346','1239877896','alexandra@dlohaiti.com','1.50',3,'November-2014','2014-11-01','2014-11-30',51,'004-653-162-8',11,'Kiosk Operator',5,'Operations',8,'Kiosk 5',5,'Santo19',1,'FullTime',2,'DHOSA 100%','Eder Frantz','CLEMENT','M','1987-11-23','+5094472-8174 ',NULL,'','Single','No','Haitian',NULL,'SANTO',NULL,NULL,NULL,'2014-09-22','',15,26,NULL,'HTG',17600.00,0,'','',1259.99000,3.57598,0,0.00000,0.00000,0.00000,2843.99000,0.00000,0.00000,14756.01000,1939.57598,0.00000,0.00000),(95,1,'Dlo Haiti Operations S.A.','177, Rue Faubert','addres453','Petionville','99','3054071346','1239877896','alexandra@dlohaiti.com','1.50',4,'December-2014','2014-12-01','2014-12-31',8,'003-974-239-9',10,'Administrative Manager',6,'Administrative',6,'HQ_S',1,'HQ',1,'FullTime',2,'DHOSA 100%','Nanoucheka','OLIS','F','1982-02-08','(+509) 4890 0740',NULL,'nolis@dlohaiti.com','Married','No','Haitian',NULL,'',NULL,NULL,NULL,'2012-04-08','',15,22,NULL,'HTG',112500.00,0,'','',24083.27000,54.91654,0,0.00000,0.00000,0.00000,34208.27000,0.00000,0.00000,78291.73000,12429.91654,0.00000,0.00000),(96,1,'Dlo Haiti Operations S.A.','177, Rue Faubert','addres453','Petionville','99','3054071346','1239877896','alexandra@dlohaiti.com','1.50',4,'December-2014','2014-12-01','2014-12-31',14,'004-256-238-1',14,'Technical Support Manager',3,'Construction',6,'HQ_S',1,'HQ',1,'FullTime',2,'DHOSA 100%','Wolfson Fedler','CAZEAU','M','1978-01-09','(+509) 4894-0158',NULL,'','Single','','Haitian',NULL,'',NULL,NULL,NULL,'2014-07-01','',15,22,NULL,'HTG',41175.00,0,'','',4793.71000,12.05792,0,0.00000,0.00000,0.00000,8499.46000,0.00000,0.00000,32675.54000,4541.30792,0.00000,0.00000),(97,1,'Dlo Haiti Operations S.A.','177, Rue Faubert','addres453','Petionville','99','3054071346','1239877896','alexandra@dlohaiti.com','1.50',4,'December-2014','2014-12-01','2014-12-31',15,'004-263-573-6',15,'Plumber',4,'Technical',6,'HQ_S',1,'HQ',1,'FullTime',2,'DHOSA 100%','Pascale','MERSAN','F','1980-10-04','(+509) 4894-0158',NULL,'pascale@dlohaiti.com','Married','No','Haitian',NULL,'',NULL,NULL,NULL,'2014-01-13','',0,22,NULL,'HTG',132975.00,0,'','',30225.77000,68.43004,0,0.00000,0.00000,0.00000,42193.52000,0.00000,0.00000,90781.48000,14695.68004,0.00000,0.00000),(98,1,'Dlo Haiti Operations S.A.','177, Rue Faubert','addres453','Petionville','99','3054071346','1239877896','alexandra@dlohaiti.com','1.50',4,'December-2014','2014-12-01','2014-12-31',39,'004-327-161-2',24,'Regional Technician',4,'Technical',7,'REGION 1 ',0,NULL,1,'FullTime',2,'DHOSA 100%','Marc-philippe','ESTIVERNE','M','1980-11-09','+5094894-0157',NULL,'','Single','No','Haitian',NULL,'#29, Saintard Arcahaie',NULL,NULL,NULL,'2014-06-16','',15,26,NULL,'HTG',17600.00,0,'','',1259.99000,3.57598,0,0.00000,0.00000,0.00000,2843.99000,0.00000,0.00000,14756.01000,1939.57598,0.00000,0.00000),(99,1,'Dlo Haiti Operations S.A.','177, Rue Faubert','addres453','Petionville','99','3054071346','1239877896','alexandra@dlohaiti.com','1.50',4,'December-2014','2014-12-01','2014-12-31',1,'004-345-943-2',1,'Finance Assistant',1,'Finance',6,'HQ_S',1,'HQ',1,'FullTime',2,'DHOSA 100%','Karl Olivier','MEDE','M','1989-03-04','(+509)4846 5887',NULL,'medekarl@gmail.com','Single','No','Haitian',NULL,'',NULL,NULL,NULL,'2012-07-01','',15,26,NULL,'HTG',65000.00,0,'','',10749.96000,25.39992,0,0.00000,0.00000,0.00000,16599.96000,0.00000,0.00000,48400.04000,7175.39992,0.00000,0.00000),(100,1,'Dlo Haiti Operations S.A.','177, Rue Faubert','addres453','Petionville','99','3054071346','1239877896','alexandra@dlohaiti.com','1.50',4,'December-2014','2014-12-01','2014-12-31',36,'004-409-452-2',0,NULL,5,'Operations',5,'HQ_O',1,'HQ',0,NULL,0,NULL,'Woodlee','ABELARD','M','2014-05-03','+5094890-0746',NULL,'wqt_region1@dlo.ht','Single','No','Haitian',NULL,'',NULL,NULL,NULL,'2014-10-16','',15,26,NULL,'HTG',69125.00,0,'','',0.00000,0.00000,0,0.00000,0.00000,0.00000,0.00000,0.00000,0.00000,69125.00000,0.00000,0.00000,0.00000),(101,1,'Dlo Haiti Operations S.A.','177, Rue Faubert','addres453','Petionville','99','3054071346','1239877896','alexandra@dlohaiti.com','1.50',4,'December-2014','2014-12-01','2014-12-31',25,'004-494-531-5',12,'Kiosk Assistant',5,'Operations',2,'KIOSK 2',4,'Corail',1,'FullTime',2,'DHOSA 100%','Luckson','IMBERT','M','1984-08-21','+5093485-5175',NULL,'','Single','No','Haitian',NULL,'Corail',NULL,NULL,NULL,'2014-05-01','',15,26,NULL,'HTG',11000.00,0,'','',599.99000,1.85998,0,0.00000,0.00000,0.00000,1589.99000,0.00000,0.00000,9410.01000,1211.85998,0.00000,0.00000),(102,1,'Dlo Haiti Operations S.A.','177, Rue Faubert','addres453','Petionville','99','3054071346','1239877896','alexandra@dlohaiti.com','1.50',4,'December-2014','2014-12-01','2014-12-31',23,'004-504-598-5',12,'Kiosk Assistant',5,'Operations',2,'KIOSK 2',4,'Corail',1,'FullTime',2,'DHOSA 100%','Rouby','MARCELLUS','M','1988-02-18','+5093102-2349',NULL,'','Single','No','Haitian',NULL,'Corail',NULL,NULL,NULL,'2014-05-01','',15,26,NULL,'HTG',17600.00,0,'','',1259.99000,3.57598,0,0.00000,0.00000,0.00000,2843.99000,0.00000,0.00000,14756.01000,1939.57598,0.00000,0.00000),(103,1,'Dlo Haiti Operations S.A.','177, Rue Faubert','addres453','Petionville','99','3054071346','1239877896','alexandra@dlohaiti.com','1.50',4,'December-2014','2014-12-01','2014-12-31',51,'004-653-162-8',11,'Kiosk Operator',5,'Operations',8,'Kiosk 5',5,'Santo19',1,'FullTime',2,'DHOSA 100%','Eder Frantz','CLEMENT','M','1987-11-23','+5094472-8174 ',NULL,'','Single','No','Haitian',NULL,'SANTO',NULL,NULL,NULL,'2014-09-22','',15,26,NULL,'HTG',17600.00,0,'','',1259.99000,3.57598,0,0.00000,0.00000,0.00000,2843.99000,0.00000,0.00000,14756.01000,1939.57598,0.00000,0.00000),(104,1,'Dlo Haiti Operations S.A.','177, Rue Faubert','addres453','Petionville','99','3054071346','1239877896','alexandra@dlohaiti.com','1.50',4,'December-2014','2014-12-01','2014-12-31',60,'004-709-190-3',9,'Community Marketing Manager',5,'Operations',14,'Region 3',11,'Cite Soleil',1,'FullTime',2,'DHOSA 100%','Mackenson','POLIFRANC','M','1983-12-11','+5094890-7447',NULL,'polifranc.mackenson@','Married','No','Haitian',NULL,'316, Soleil 19b, Port-au-prince',NULL,NULL,NULL,'2013-02-14','',15,26,NULL,'HTG',22000.00,0,'','',1799.98000,4.91996,0,0.00000,0.00000,0.00000,3779.98000,0.00000,0.00000,18220.02000,2424.91996,0.00000,0.00000),(105,1,'Dlo Haiti Operations S.A.','177, Rue Faubert','addres453','Petionville','99','3054071346','1239877896','alexandra@dlohaiti.com','1.50',4,'December-2014','2014-12-01','2014-12-31',33,'004-730-031-2',12,'Kiosk Assistant',5,'Operations',3,'KIOSK 3',6,'Courjolle',1,'FullTime',2,'DHOSA 100%','Marc Fedner','RAPHAEL','M','1984-08-18','+5093664-0974 ',NULL,'','Single','No','Haitian',NULL,'Courjolles',NULL,NULL,NULL,'2014-05-01','',15,26,NULL,'HTG',11000.00,0,'','',599.99000,1.85998,0,0.00000,0.00000,0.00000,1589.99000,0.00000,0.00000,9410.01000,1211.85998,0.00000,0.00000),(106,1,'Dlo Haiti Operations S.A.','177, Rue Faubert','addres453','Petionville','99','3054071346','1239877896','alexandra@dlohaiti.com','1.50',4,'December-2014','2014-12-01','2014-12-31',49,'004-996-954-6',6,'Trike Driver',5,'Operations',4,'KIOSK 4',12,'Terre Chaude',1,'FullTime',2,'DHOSA 100%','Ronald','DOMINGUE','M','1989-07-07','',NULL,'','Single','No','Haitian','Terre Chaude','Cabaret','',NULL,'Haïti','2014-10-01','',15,26,NULL,'HTG',10000.00,0,'','',374.99000,1.34998,0,0.00000,0.00000,0.00000,1274.99000,0.00000,0.00000,8725.01000,1101.34998,0.00000,0.00000),(107,1,'Dlo Haiti Operations S.A.','177, Rue Faubert','addres453','Petionville','99','3054071346','1239877896','alexandra@dlohaiti.com','1.50',4,'December-2014','2014-12-01','2014-12-31',56,'005-598-260-0',25,'Human Ressources Manager',2,'HR',6,'HQ_S',1,'HQ',1,'FullTime',2,'DHOSA 100%','Guerdy Saint Louis','FAUSTIN','F','1980-07-12','+5094891-5570',NULL,'guerdy@dlohaiti.com','Married','No','Haitian',NULL,'Vivi Mitchel',NULL,NULL,NULL,'2014-08-11','',0,22,NULL,'HTG',157500.00,0,'','',37583.27000,84.61654,0,0.00000,0.00000,0.00000,51758.27000,0.00000,0.00000,105741.73000,17409.61654,0.00000,0.00000),(108,1,'Dlo Haiti Operations S.A.','177, Rue Faubert','addres453','Petionville','99','3054071346','1239877896','alexandra@dlohaiti.com','1.50',4,'December-2014','2014-12-01','2014-12-31',34,'006-993-310-4',6,'Trike Driver',5,'Operations',3,'KIOSK 3',6,'Courjolle',1,'FullTime',2,'DHOSA 100%','Jean Frantz','LOUIS JEUNE','M','1976-06-10','+5093895-2665',NULL,'','Married','No','Haitian',NULL,'Courjolles',NULL,NULL,NULL,'2014-10-01','',15,26,NULL,'HTG',10000.00,0,'','',374.99000,1.34998,0,0.00000,0.00000,0.00000,1274.99000,0.00000,0.00000,8725.01000,1101.34998,0.00000,0.00000),(109,1,'Dlo Haiti Operations S.A.','177, Rue Faubert','addres453','Petionville','99','3054071346','1239877896','alexandra@dlohaiti.com','1.50',4,'December-2014','2014-12-01','2014-12-31',5,'007-851-146-3',3,'Procurement Assistant',1,'Finance',6,'HQ_S',1,'HQ',1,'FullTime',2,'DHOSA 100%','Nicolas','ANTONIO','M','1984-11-07','(+509) 4890 0754',NULL,'antonio@dlo.ht','Single','No','Haitian',NULL,'',NULL,NULL,NULL,'2014-07-27','',5,22,NULL,'HTG',41795.00,0,'','',4948.71000,12.40512,0,0.00000,0.00000,0.00000,8710.26000,0.00000,0.00000,33084.74000,4609.85512,0.00000,0.00000),(110,1,'Dlo Haiti Operations S.A.','177, Rue Faubert','addres453','Petionville','99','3054071346','1239877896','alexandra@dlohaiti.com','1.50',4,'December-2014','2014-12-01','2014-12-31',29,'008-748-475-3',16,'Kiosk Manager',5,'Operations',3,'KIOSK 3',6,'Courjolle',1,'FullTime',2,'DHOSA 100%','Pierre Ronald','DEROSIERS','M','1978-05-10','+5093609-8731',NULL,'courjolles3@dlo.ht','Married','No','Haitian',NULL,'COURJOLLES',NULL,NULL,NULL,'2014-05-01','',15,26,NULL,'HTG',22000.00,0,'','',1799.98000,4.91996,0,0.00000,0.00000,0.00000,3779.98000,0.00000,0.00000,18220.02000,2424.91996,0.00000,0.00000),(111,1,'Dlo Haiti Operations S.A.','177, Rue Faubert','addres453','Petionville','99','3054071346','1239877896','alexandra@dlohaiti.com','1.50',4,'December-2014','2014-12-01','2014-12-31',52,'01-01-99-1982-10-00931',12,'Kiosk Assistant',5,'Operations',8,'Kiosk 5',5,'Santo19',1,'FullTime',2,'DHOSA 100%','Reginald','LEGER','M','0000-00-00','+5093470-8508',NULL,'','Single','No','Haitian',NULL,'Saintard',NULL,NULL,NULL,'2014-09-22','',15,26,NULL,'HTG',11000.00,0,'','',599.99000,1.85998,0,0.00000,0.00000,0.00000,1589.99000,0.00000,0.00000,9410.01000,1211.85998,0.00000,0.00000),(112,1,'Dlo Haiti Operations S.A.','177, Rue Faubert','addres453','Petionville','99','3054071346','1239877896','alexandra@dlohaiti.com','1.50',4,'December-2014','2014-12-01','2014-12-31',21,'01-01-99-1984-08-00746',16,'Kiosk Manager',5,'Operations',1,'KIOSK 1',2,'Saintard',1,'FullTime',2,'DHOSA 100%','Maudeline','THOMAS','F','1984-08-11','+5093743-1849',NULL,'saintard1@dlo.ht','Single','No','Haitian',NULL,'Saintard',NULL,NULL,NULL,'2014-05-01','',15,26,NULL,'HTG',22000.00,0,'','',1799.98000,4.91996,0,0.00000,0.00000,0.00000,3779.98000,0.00000,0.00000,18220.02000,2424.91996,0.00000,0.00000),(113,1,'Dlo Haiti Operations S.A.','177, Rue Faubert','addres453','Petionville','99','3054071346','1239877896','alexandra@dlohaiti.com','1.50',4,'December-2014','2014-12-01','2014-12-31',50,'01-01-99-1984-12-00738',16,'Kiosk Manager',5,'Operations',8,'Kiosk 5',5,'Santo19',1,'FullTime',2,'DHOSA 100%','Ronald','VOLMAR','M','1984-12-03','+5093796-1488',NULL,'santo5@dlo.ht','Single','No','Haitian',NULL,'Santo',NULL,NULL,NULL,'2014-09-22','',15,26,NULL,'HTG',22000.00,0,'','',1799.98000,4.91996,0,0.00000,0.00000,0.00000,3779.98000,0.00000,0.00000,18220.02000,2424.91996,0.00000,0.00000),(114,1,'Dlo Haiti Operations S.A.','177, Rue Faubert','addres453','Petionville','99','3054071346','1239877896','alexandra@dlohaiti.com','1.50',4,'December-2014','2014-12-01','2014-12-31',7,'01-01-99-1988-07-00659',9,'Community Marketing Manager',8,'Marketing',5,'HQ_O',1,'HQ',1,'FullTime',2,'DHOSA 100%','Romeus','LEONE','M','1988-07-13','(+509) 4890 0744',NULL,'leone@dlo.ht','Single','No','Haitian',NULL,'',NULL,NULL,NULL,'2013-11-01','',15,22,NULL,'HTG',67950.00,0,'','',11487.46000,27.05192,0,0.00000,0.00000,0.00000,17602.96000,0.00000,0.00000,50347.04000,7501.55192,0.00000,0.00000),(115,1,'Dlo Haiti Operations S.A.','177, Rue Faubert','addres453','Petionville','99','3054071346','1239877896','alexandra@dlohaiti.com','1.50',4,'December-2014','2014-12-01','2014-12-31',6,'01-01-99-1988-12-00886',8,'Operations Coordinator',5,'Operations',6,'HQ_S',1,'HQ',1,'FullTime',2,'DHOSA 100%','Raoul Moliere','AMISIAL','M','1988-12-30','(+509) 3855 7702',NULL,'raoul@dlo.ht','Single','No','Haitian',NULL,'',NULL,NULL,NULL,'2014-07-01','',15,22,NULL,'HTG',90000.00,0,'','',17333.27000,40.06654,0,0.00000,0.00000,0.00000,25433.27000,0.00000,0.00000,64566.73000,9940.06654,0.00000,0.00000),(116,1,'Dlo Haiti Operations S.A.','177, Rue Faubert','addres453','Petionville','99','3054071346','1239877896','alexandra@dlohaiti.com','1.50',2,'October-2014','2014-10-01','2014-10-30',14,'004-256-238-1',14,'Technical Support Manager',3,'Construction',6,'HQ_S',1,'HQ',1,'FullTime',2,'DHOSA 100%','Wolfson Fedler','CAZEAU','M','1978-01-09','(+509) 4894-0158',NULL,'','Single','','Haitian',NULL,'',NULL,NULL,NULL,'2014-07-01','',15,22,NULL,'HTG',41175.00,0,'','',4793.71000,12.05792,0,0.00000,0.00000,0.00000,8499.46000,0.00000,0.00000,32675.54000,4541.30792,0.00000,0.00000),(117,1,'Dlo Haiti Operations S.A.','177, Rue Faubert','addres453','Petionville','99','3054071346','1239877896','alexandra@dlohaiti.com','1.50',2,'October-2014','2014-10-01','2014-10-30',15,'004-263-573-6',15,'Plumber',4,'Technical',6,'HQ_S',1,'HQ',1,'FullTime',2,'DHOSA 100%','Pascale','MERSAN','F','1980-10-04','(+509) 4894-0158',NULL,'pascale@dlohaiti.com','Married','No','Haitian',NULL,'',NULL,NULL,NULL,'2014-01-13','',0,22,NULL,'HTG',132975.00,0,'','',30225.77000,68.43004,0,0.00000,0.00000,0.00000,42193.52000,0.00000,0.00000,90781.48000,14695.68004,0.00000,0.00000),(118,1,'Dlo Haiti Operations S.A.','177, Rue Faubert','addres453','Petionville','99','3054071346','1239877896','alexandra@dlohaiti.com','1.50',2,'October-2014','2014-10-01','2014-10-30',39,'004-327-161-2',24,'Regional Technician',4,'Technical',7,'REGION 1 ',0,NULL,1,'FullTime',2,'DHOSA 100%','Marc-philippe','ESTIVERNE','M','1980-11-09','+5094894-0157',NULL,'','Single','No','Haitian',NULL,'#29, Saintard Arcahaie',NULL,NULL,NULL,'2014-06-16','',15,26,NULL,'HTG',17600.00,0,'','',1259.99000,3.57598,0,0.00000,0.00000,0.00000,2843.99000,0.00000,0.00000,14756.01000,1939.57598,0.00000,0.00000),(119,1,'Dlo Haiti Operations S.A.','177, Rue Faubert','addres453','Petionville','99','3054071346','1239877896','alexandra@dlohaiti.com','1.50',2,'October-2014','2014-10-01','2014-10-30',1,'004-345-943-2',1,'Finance Assistant',1,'Finance',6,'HQ_S',1,'HQ',1,'FullTime',2,'DHOSA 100%','Karl Olivier','MEDE','M','1989-03-04','(+509)4846 5887',NULL,'medekarl@gmail.com','Single','No','Haitian',NULL,'',NULL,NULL,NULL,'2012-07-01','',15,26,NULL,'HTG',65000.00,0,'','',10749.96000,25.39992,0,0.00000,0.00000,0.00000,16599.96000,0.00000,0.00000,48400.04000,7175.39992,0.00000,0.00000),(120,1,'Dlo Haiti Operations S.A.','177, Rue Faubert','addres453','Petionville','99','3054071346','1239877896','alexandra@dlohaiti.com','1.50',2,'October-2014','2014-10-01','2014-10-30',25,'004-494-531-5',12,'Kiosk Assistant',5,'Operations',2,'KIOSK 2',4,'Corail',1,'FullTime',2,'DHOSA 100%','Luckson','IMBERT','M','1984-08-21','+5093485-5175',NULL,'','Single','No','Haitian',NULL,'Corail',NULL,NULL,NULL,'2014-05-01','',15,26,NULL,'HTG',11000.00,0,'','',599.99000,1.85998,0,0.00000,0.00000,0.00000,1589.99000,0.00000,0.00000,9410.01000,1211.85998,0.00000,0.00000),(121,1,'Dlo Haiti Operations S.A.','177, Rue Faubert','addres453','Petionville','99','3054071346','1239877896','alexandra@dlohaiti.com','1.50',2,'October-2014','2014-10-01','2014-10-30',23,'004-504-598-5',12,'Kiosk Assistant',5,'Operations',2,'KIOSK 2',4,'Corail',1,'FullTime',2,'DHOSA 100%','Rouby','MARCELLUS','M','1988-02-18','+5093102-2349',NULL,'','Single','No','Haitian',NULL,'Corail',NULL,NULL,NULL,'2014-05-01','',15,26,NULL,'HTG',17600.00,0,'','',1259.99000,3.57598,0,0.00000,0.00000,0.00000,2843.99000,0.00000,0.00000,14756.01000,1939.57598,0.00000,0.00000),(122,1,'Dlo Haiti Operations S.A.','177, Rue Faubert','addres453','Petionville','99','3054071346','1239877896','alexandra@dlohaiti.com','1.50',2,'October-2014','2014-10-01','2014-10-30',51,'004-653-162-8',11,'Kiosk Operator',5,'Operations',8,'Kiosk 5',5,'Santo19',1,'FullTime',2,'DHOSA 100%','Eder Frantz','CLEMENT','M','1987-11-23','+5094472-8174 ',NULL,'','Single','No','Haitian',NULL,'SANTO',NULL,NULL,NULL,'2014-09-22','',15,26,NULL,'HTG',17600.00,0,'','',1259.99000,3.57598,0,0.00000,0.00000,0.00000,2843.99000,0.00000,0.00000,14756.01000,1939.57598,0.00000,0.00000),(123,1,'Dlo Haiti Operations S.A.','177, Rue Faubert','addres453','Petionville','99','3054071346','1239877896','alexandra@dlohaiti.com','1.50',2,'October-2014','2014-10-01','2014-10-30',60,'004-709-190-3',9,'Community Marketing Manager',5,'Operations',14,'Region 3',11,'Cite Soleil',1,'FullTime',2,'DHOSA 100%','Mackenson','POLIFRANC','M','1983-12-11','+5094890-7447',NULL,'polifranc.mackenson@','Married','No','Haitian',NULL,'316, Soleil 19b, Port-au-prince',NULL,NULL,NULL,'2013-02-14','',15,26,NULL,'HTG',22000.00,0,'','',1799.98000,4.91996,0,0.00000,0.00000,0.00000,3779.98000,0.00000,0.00000,18220.02000,2424.91996,0.00000,0.00000),(124,1,'Dlo Haiti Operations S.A.','177, Rue Faubert','addres453','Petionville','99','3054071346','1239877896','alexandra@dlohaiti.com','1.50',2,'October-2014','2014-10-01','2014-10-30',33,'004-730-031-2',12,'Kiosk Assistant',5,'Operations',3,'KIOSK 3',6,'Courjolle',1,'FullTime',2,'DHOSA 100%','Marc Fedner','RAPHAEL','M','1984-08-18','+5093664-0974 ',NULL,'','Single','No','Haitian',NULL,'Courjolles',NULL,NULL,NULL,'2014-05-01','',15,26,NULL,'HTG',11000.00,0,'','',599.99000,1.85998,0,0.00000,0.00000,0.00000,1589.99000,0.00000,0.00000,9410.01000,1211.85998,0.00000,0.00000),(125,1,'Dlo Haiti Operations S.A.','177, Rue Faubert','addres453','Petionville','99','3054071346','1239877896','alexandra@dlohaiti.com','1.50',2,'October-2014','2014-10-01','2014-10-30',49,'004-996-954-6',6,'Trike Driver',5,'Operations',4,'KIOSK 4',12,'Terre Chaude',1,'FullTime',2,'DHOSA 100%','Ronald','DOMINGUE','M','1989-07-07','',NULL,'','Single','No','Haitian','Terre Chaude','Cabaret','',NULL,'Haïti','2014-10-01','',15,26,NULL,'HTG',10000.00,0,'','',374.99000,1.34998,0,0.00000,0.00000,0.00000,1274.99000,0.00000,0.00000,8725.01000,1101.34998,0.00000,0.00000),(126,1,'Dlo Haiti Operations S.A.','177, Rue Faubert','addres453','Petionville','99','3054071346','1239877896','alexandra@dlohaiti.com','1.50',2,'October-2014','2014-10-01','2014-10-30',56,'005-598-260-0',25,'Human Ressources Manager',2,'HR',6,'HQ_S',1,'HQ',1,'FullTime',2,'DHOSA 100%','Guerdy Saint Louis','FAUSTIN','F','1980-07-12','+5094891-5570',NULL,'guerdy@dlohaiti.com','Married','No','Haitian',NULL,'Vivi Mitchel',NULL,NULL,NULL,'2014-08-11','',0,22,NULL,'HTG',157500.00,0,'','',37583.27000,84.61654,0,0.00000,0.00000,0.00000,51758.27000,0.00000,0.00000,105741.73000,17409.61654,0.00000,0.00000),(127,1,'Dlo Haiti Operations S.A.','177, Rue Faubert','addres453','Petionville','99','3054071346','1239877896','alexandra@dlohaiti.com','1.50',2,'October-2014','2014-10-01','2014-10-30',34,'006-993-310-4',6,'Trike Driver',5,'Operations',3,'KIOSK 3',6,'Courjolle',1,'FullTime',2,'DHOSA 100%','Jean Frantz','LOUIS JEUNE','M','1976-06-10','+5093895-2665',NULL,'','Married','No','Haitian',NULL,'Courjolles',NULL,NULL,NULL,'2014-10-01','',15,26,NULL,'HTG',10000.00,0,'','',374.99000,1.34998,0,0.00000,0.00000,0.00000,1274.99000,0.00000,0.00000,8725.01000,1101.34998,0.00000,0.00000),(128,1,'Dlo Haiti Operations S.A.','177, Rue Faubert','addres453','Petionville','99','3054071346','1239877896','alexandra@dlohaiti.com','1.50',2,'October-2014','2014-10-01','2014-10-30',5,'007-851-146-3',3,'Procurement Assistant',1,'Finance',6,'HQ_S',1,'HQ',1,'FullTime',2,'DHOSA 100%','Nicolas','ANTONIO','M','1984-11-07','(+509) 4890 0754',NULL,'antonio@dlo.ht','Single','No','Haitian',NULL,'',NULL,NULL,NULL,'2014-07-27','',5,22,NULL,'HTG',41795.00,0,'','',4948.71000,12.40512,0,0.00000,0.00000,0.00000,8710.26000,0.00000,0.00000,33084.74000,4609.85512,0.00000,0.00000),(129,1,'Dlo Haiti Operations S.A.','177, Rue Faubert','addres453','Petionville','99','3054071346','1239877896','alexandra@dlohaiti.com','1.50',2,'October-2014','2014-10-01','2014-10-30',29,'008-748-475-3',16,'Kiosk Manager',5,'Operations',3,'KIOSK 3',6,'Courjolle',1,'FullTime',2,'DHOSA 100%','Pierre Ronald','DEROSIERS','M','1978-05-10','+5093609-8731',NULL,'courjolles3@dlo.ht','Married','No','Haitian',NULL,'COURJOLLES',NULL,NULL,NULL,'2014-05-01','',15,26,NULL,'HTG',22000.00,0,'','',1799.98000,4.91996,0,0.00000,0.00000,0.00000,3779.98000,0.00000,0.00000,18220.02000,2424.91996,0.00000,0.00000),(130,1,'Dlo Haiti Operations S.A.','177, Rue Faubert','addres453','Petionville','99','3054071346','1239877896','alexandra@dlohaiti.com','1.50',2,'October-2014','2014-10-01','2014-10-30',52,'01-01-99-1982-10-00931',12,'Kiosk Assistant',5,'Operations',8,'Kiosk 5',5,'Santo19',1,'FullTime',2,'DHOSA 100%','Reginald','LEGER','M','0000-00-00','+5093470-8508',NULL,'','Single','No','Haitian',NULL,'Saintard',NULL,NULL,NULL,'2014-09-22','',15,26,NULL,'HTG',11000.00,0,'','',599.99000,1.85998,0,0.00000,0.00000,0.00000,1589.99000,0.00000,0.00000,9410.01000,1211.85998,0.00000,0.00000),(131,1,'Dlo Haiti Operations S.A.','177, Rue Faubert','addres453','Petionville','99','3054071346','1239877896','alexandra@dlohaiti.com','1.50',2,'October-2014','2014-10-01','2014-10-30',21,'01-01-99-1984-08-00746',16,'Kiosk Manager',5,'Operations',1,'KIOSK 1',2,'Saintard',1,'FullTime',2,'DHOSA 100%','Maudeline','THOMAS','F','1984-08-11','+5093743-1849',NULL,'saintard1@dlo.ht','Single','No','Haitian',NULL,'Saintard',NULL,NULL,NULL,'2014-05-01','',15,26,NULL,'HTG',22000.00,0,'','',1799.98000,4.91996,0,0.00000,0.00000,0.00000,3779.98000,0.00000,0.00000,18220.02000,2424.91996,0.00000,0.00000),(132,1,'Dlo Haiti Operations S.A.','177, Rue Faubert','addres453','Petionville','99','3054071346','1239877896','alexandra@dlohaiti.com','1.50',2,'October-2014','2014-10-01','2014-10-30',50,'01-01-99-1984-12-00738',16,'Kiosk Manager',5,'Operations',8,'Kiosk 5',5,'Santo19',1,'FullTime',2,'DHOSA 100%','Ronald','VOLMAR','M','1984-12-03','+5093796-1488',NULL,'santo5@dlo.ht','Single','No','Haitian',NULL,'Santo',NULL,NULL,NULL,'2014-09-22','',15,26,NULL,'HTG',22000.00,0,'','',1799.98000,4.91996,0,0.00000,0.00000,0.00000,3779.98000,0.00000,0.00000,18220.02000,2424.91996,0.00000,0.00000),(133,1,'Dlo Haiti Operations S.A.','177, Rue Faubert','addres453','Petionville','99','3054071346','1239877896','alexandra@dlohaiti.com','1.50',2,'October-2014','2014-10-01','2014-10-30',7,'01-01-99-1988-07-00659',9,'Community Marketing Manager',8,'Marketing',5,'HQ_O',1,'HQ',1,'FullTime',2,'DHOSA 100%','Romeus','LEONE','M','1988-07-13','(+509) 4890 0744',NULL,'leone@dlo.ht','Single','No','Haitian',NULL,'',NULL,NULL,NULL,'2013-11-01','',15,22,NULL,'HTG',67950.00,0,'','',11487.46000,27.05192,0,0.00000,0.00000,0.00000,17602.96000,0.00000,0.00000,50347.04000,7501.55192,0.00000,0.00000),(134,1,'Dlo Haiti Operations S.A.','177, Rue Faubert','addres453','Petionville','99','3054071346','1239877896','alexandra@dlohaiti.com','1.50',2,'October-2014','2014-10-01','2014-10-30',6,'01-01-99-1988-12-00886',8,'Operations Coordinator',5,'Operations',6,'HQ_S',1,'HQ',1,'FullTime',2,'DHOSA 100%','Raoul Moliere','AMISIAL','M','1988-12-30','(+509) 3855 7702',NULL,'raoul@dlo.ht','Single','No','Haitian',NULL,'',NULL,NULL,NULL,'2014-07-01','',15,22,NULL,'HTG',90000.00,0,'','',17333.27000,40.06654,0,0.00000,0.00000,0.00000,25433.27000,0.00000,0.00000,64566.73000,9940.06654,0.00000,0.00000),(135,1,'Dlo Haiti Operations S.A.','177, Rue Faubert','addres453','Petionville','99','3054071346','1239877896','alexandra@dlohaiti.com','1.50',2,'October-2014','2014-10-01','2014-10-30',38,'01-01-99-1992-05-00165',27,'Community Marketing Assistant',5,'Operations',7,'REGION 1 ',0,NULL,1,'FullTime',2,'DHOSA 100%','Oradma','ROBERT','F','1992-05-31','+5094475-3205',NULL,'','Single','No','Haitian',NULL,'',NULL,NULL,NULL,'2014-09-22','',15,26,NULL,'HTG',22000.00,0,'','',1799.98000,4.91996,0,0.00000,0.00000,0.00000,3779.98000,0.00000,0.00000,18220.02000,2424.91996,0.00000,0.00000),(136,1,'Dlo Haiti Operations S.A.','177, Rue Faubert','addres453','Petionville','99','3054071346','1239877896','alexandra@dlohaiti.com','1.50',2,'October-2014','2014-10-01','2014-10-30',30,'01-02-99-1984-10-00131',11,'Kiosk Operator',5,'Operations',3,'KIOSK 3',6,'Courjolle',1,'FullTime',2,'DHOSA 100%','Stive','DELIUS','M','1984-10-17','+5093749-6039',NULL,'','Single','No','Haitian',NULL,'Courjolles',NULL,NULL,NULL,'2014-05-01','',15,26,NULL,'HTG',17600.00,0,'','',1259.99000,3.57598,0,0.00000,0.00000,0.00000,2843.99000,0.00000,0.00000,14756.01000,1939.57598,0.00000,0.00000),(137,1,'Dlo Haiti Operations S.A.','177, Rue Faubert','addres453','Petionville','99','3054071346','1239877896','alexandra@dlohaiti.com','1.50',2,'October-2014','2014-10-01','2014-10-30',53,'01-02-99-1987-12-00163',12,'Kiosk Assistant',5,'Operations',8,'Kiosk 5',5,'Santo19',1,'FullTime',2,'DHOSA 100%','Marvens','RENFORT','M','1987-12-29','+5093710-2938',NULL,'','Single','No','Haitian',NULL,'Santo',NULL,NULL,NULL,'2014-09-22','',15,26,NULL,'HTG',11000.00,0,'','',599.99000,1.85998,0,0.00000,0.00000,0.00000,1589.99000,0.00000,0.00000,9410.01000,1211.85998,0.00000,0.00000),(138,1,'Dlo Haiti Operations S.A.','177, Rue Faubert','addres453','Petionville','99','3054071346','1239877896','alexandra@dlohaiti.com','1.50',2,'October-2014','2014-10-01','2014-10-30',54,'01-10-99-1974-56-00011',12,'Kiosk Assistant',5,'Operations',8,'Kiosk 5',5,'Santo19',1,'FullTime',2,'DHOSA 100%','Marie Myrtha','DENAU','F','1974-06-06','',NULL,'','Single','No','Haitian',NULL,'Saintard',NULL,NULL,NULL,'2014-09-22','',15,26,NULL,'HTG',11000.00,0,'','',599.99000,1.85998,0,0.00000,0.00000,0.00000,1589.99000,0.00000,0.00000,9410.01000,1211.85998,0.00000,0.00000),(139,1,'Dlo Haiti Operations S.A.','177, Rue Faubert','addres453','Petionville','99','3054071346','1239877896','alexandra@dlohaiti.com','1.50',2,'October-2014','2014-10-01','2014-10-30',22,'01-15-99-1968-05-00021',16,'Kiosk Manager',5,'Operations',2,'KIOSK 2',4,'Corail',1,'FullTime',2,'DHOSA 100%','Miranda','SAINT LOUIS','M','1968-05-15','+5093687-3898',NULL,'corail2@dlo.ht','Married','No','Haitian',NULL,'Corail',NULL,NULL,NULL,'2014-05-01','',15,26,NULL,'HTG',22000.00,0,'','',1799.98000,4.91996,0,0.00000,0.00000,0.00000,3779.98000,0.00000,0.00000,18220.02000,2424.91996,0.00000,0.00000),(140,1,'Dlo Haiti Operations S.A.','177, Rue Faubert','addres453','Petionville','99','3054071346','1239877896','alexandra@dlohaiti.com','1.50',2,'October-2014','2014-10-01','2014-10-30',43,'01-15-99-1970-09-00062',28,'Guardian',5,'Operations',7,'REGION 1 ',0,NULL,1,'FullTime',2,'DHOSA 100%','Pierre Jenks Levelt','LAMARRE','M','1970-09-01','',NULL,'','Single','No','Haitian',NULL,'Courjolles',NULL,NULL,NULL,'2014-09-01','',15,26,NULL,'HTG',10000.00,0,'','',499.99000,1.59998,0,0.00000,0.00000,0.00000,1399.99000,0.00000,0.00000,8600.01000,1101.59998,0.00000,0.00000),(141,1,'Dlo Haiti Operations S.A.','177, Rue Faubert','addres453','Petionville','99','3054071346','1239877896','alexandra@dlohaiti.com','1.50',2,'October-2014','2014-10-01','2014-10-30',31,'01-15-99-1973-03-00063',12,'Kiosk Assistant',5,'Operations',3,'KIOSK 3',6,'Courjolle',1,'FullTime',2,'DHOSA 100%','Pierre Widens','LAMARRE','M','1973-03-29','+5093651-1671',NULL,'','Married','No','Haitian',NULL,'Courjolles',NULL,NULL,NULL,'2014-05-01','',15,26,NULL,'HTG',11000.00,0,'','',599.99000,1.85998,0,0.00000,0.00000,0.00000,1589.99000,0.00000,0.00000,9410.01000,1211.85998,0.00000,0.00000),(142,1,'Dlo Haiti Operations S.A.','177, Rue Faubert','addres453','Petionville','99','3054071346','1239877896','alexandra@dlohaiti.com','1.50',2,'October-2014','2014-10-01','2014-10-30',3,'01-15-99-1973-03-00105',7,'Regionl Manager',5,'Operations',7,'REGION 1 ',0,NULL,1,'FullTime',2,'DHOSA 100%','Dorsainville','PIERRE SAINVIL','M','0000-00-00','(+509) 3862 7939',NULL,'regional1@dlo.ht','Married','No','Haitian',NULL,'SAINTARD',NULL,NULL,NULL,'2013-10-01','',15,26,NULL,'HTG',47750.00,0,'','',6437.46000,15.73992,0,0.00000,0.00000,0.00000,10734.96000,0.00000,0.00000,37015.04000,5268.23992,0.00000,0.00000),(143,1,'Dlo Haiti Operations S.A.','177, Rue Faubert','addres453','Petionville','99','3054071346','1239877896','alexandra@dlohaiti.com','1.50',2,'October-2014','2014-10-01','2014-10-30',11,'01-15-99-1981-07-00029',12,'Kiosk Assistant',5,'Operations',1,'KIOSK 1',2,'Saintard',1,'FullTime',2,'DHOSA 100%','Solail','JEAN BAPTISTE','M','1981-07-10','',NULL,'','Single','No','Haitian',NULL,'',NULL,NULL,NULL,'2013-10-01','',15,26,NULL,'HTG',11000.00,0,'','',599.99000,1.85998,0,0.00000,0.00000,0.00000,1589.99000,0.00000,0.00000,9410.01000,1211.85998,0.00000,0.00000),(144,1,'Dlo Haiti Operations S.A.','177, Rue Faubert','addres453','Petionville','99','3054071346','1239877896','alexandra@dlohaiti.com','1.50',2,'October-2014','2014-10-01','2014-10-30',41,'01-15-99-1981-11-00041',12,'Kiosk Assistant',5,'Operations',7,'REGION 1 ',0,NULL,1,'FullTime',2,'DHOSA 100%','Jean Junior','TOUSSAINT','M','0000-00-00','',NULL,'','Married','No','Haitian',NULL,'',NULL,NULL,NULL,'2014-05-01','',15,26,NULL,'HTG',11000.00,0,'','',0.00000,NULL,0,0.00000,0.00000,0.00000,0.00000,0.00000,0.00000,0.00000,0.00000,0.00000,0.00000),(145,1,'Dlo Haiti Operations S.A.','177, Rue Faubert','addres453','Petionville','99','3054071346','1239877896','alexandra@dlohaiti.com','1.50',2,'October-2014','2014-10-01','2014-10-30',48,'002-265-030-2',11,'Kiosk Operator',5,'Operations',2,'KIOSK 2',4,'Corail',1,'FullTime',2,'DHOSA 100%','Diphimar','MINISTRE','M','1985-08-31','',NULL,'','Single','No','Haitian',NULL,'Cabaret',NULL,NULL,NULL,'2014-10-01','',15,26,NULL,'HTG',22000.00,0,'','',1349.98000,4.01996,0,0.00000,0.00000,0.00000,3329.98000,0.00000,0.00000,18670.02000,2424.01996,0.00000,0.00000),(146,1,'Dlo Haiti Operations S.A.','177, Rue Faubert','addres453','Petionville','99','3054071346','1239877896','alexandra@dlohaiti.com','1.50',2,'October-2014','2014-10-01','2014-10-30',2,'002-862-095-3',2,'Finance Manager',1,'Finance',6,'HQ_S',1,'HQ',1,'FullTime',4,'DHI 60% DHOSA 40%','Alexandra Moise','SAINT ELIEN','F','1984-11-08','(+509) 48907862',NULL,'alexandra@dlohaiti.c','Married','No','American',NULL,'',NULL,NULL,NULL,'2014-06-01','',15,22,NULL,'HTG',202500.00,0,'','',14749.96000,34.35992,0,0.00000,0.00000,0.00000,22039.96000,0.00000,6255.00000,174205.04000,8944.35992,0.00000,0.00000),(147,1,'Dlo Haiti Operations S.A.','177, Rue Faubert','addres453','Petionville','99','3054071346','1239877896','alexandra@dlohaiti.com','1.50',2,'October-2014','2014-10-01','2014-10-30',13,'003-438-453-3',23,'Manager Adjoint de Construction ',3,'Construction',6,'HQ_S',1,'HQ',1,'FullTime',2,'DHOSA 100%','Augustin','CENE','M','1972-07-18','(+509) 4894-2711',NULL,'procurement@dlo.ht','Single','No','Haitian',NULL,'',NULL,NULL,NULL,'2014-01-05','',0,22,NULL,'HTG',112500.00,0,'','',24083.27000,54.91654,0,0.00000,0.00000,0.00000,34208.27000,0.00000,0.00000,78291.73000,12429.91654,0.00000,0.00000),(148,1,'Dlo Haiti Operations S.A.','177, Rue Faubert','addres453','Petionville','99','3054071346','1239877896','alexandra@dlohaiti.com','1.50',2,'October-2014','2014-10-01','2014-10-30',58,'003-529-420-7',20,'HQ Driver',6,'Administrative',5,'HQ_O',1,'HQ',0,NULL,2,'DHOSA 100%','Marco Mirvil','SAJUSTE','M','1969-07-16','+5094890-0778','','mirvil2227@gmail.com','Married','No','Haitian',NULL,'',NULL,NULL,NULL,'2013-04-01','',15,26,NULL,'HTG',21563.00,0,'','',1734.43000,4.76264,0,0.00000,0.00000,0.00000,3675.10000,0.00000,285.40000,17602.50000,2376.69264,285.40000,0.00000),(149,1,'Dlo Haiti Operations S.A.','177, Rue Faubert','addres453','Petionville','99','3054071346','1239877896','alexandra@dlohaiti.com','1.50',2,'October-2014','2014-10-01','2014-10-30',18,'003-585-766-0',6,'Trike Driver',5,'Operations',1,'KIOSK 1',2,'Saintard',1,'FullTime',2,'DHOSA 100%','Alierist','WILMINSE','M','1992-07-25','+5093411-5263 ',NULL,'','Single','No','Haitian',NULL,'Saintard',NULL,NULL,NULL,'2013-10-01','',15,26,NULL,'HTG',11000.00,0,'','',599.99000,1.85998,0,0.00000,0.00000,0.00000,1589.99000,0.00000,0.00000,9410.01000,1211.85998,0.00000,0.00000),(150,1,'Dlo Haiti Operations S.A.','177, Rue Faubert','addres453','Petionville','99','3054071346','1239877896','alexandra@dlohaiti.com','1.50',2,'October-2014','2014-10-01','2014-10-30',59,'003-664-705-9',20,'HQ Driver',6,'Administrative',5,'HQ_O',1,'HQ',1,'FullTime',2,'DHOSA 100%','Fritz','JEAN PIERRE','M','1968-09-07','+5094891-5580',NULL,'fritzjp68@gmail.com','Married','No','Haitian',NULL,'47, Impasse Fraicheur, Sarthe 45',NULL,NULL,NULL,'2014-08-05','',15,26,NULL,'HTG',23976.00,0,'','',2096.38000,5.63132,0,0.00000,0.00000,0.00000,4254.22000,0.00000,0.00000,19721.78000,2642.99132,0.00000,0.00000),(151,1,'Dlo Haiti Operations S.A.','177, Rue Faubert','addres453','Petionville','99','3054071346','1239877896','alexandra@dlohaiti.com','1.50',2,'October-2014','2014-10-01','2014-10-30',19,'003-818-949-6',6,'Trike Driver',5,'Operations',1,'KIOSK 1',2,'Saintard',1,'FullTime',2,'DHOSA 100%','Pierre Louis','LAROCHELLE','M','1968-08-23','+5093697-1701',NULL,'','Married','No','Haitian',NULL,'SAINTARD',NULL,NULL,NULL,'2014-03-01','',15,26,NULL,'HTG',10000.00,0,'','',499.99000,1.59998,0,0.00000,0.00000,0.00000,1399.99000,0.00000,23700.00000,-15099.99000,1101.59998,10200.00000,0.00000),(152,1,'Dlo Haiti Operations S.A.','177, Rue Faubert','addres453','Petionville','99','3054071346','1239877896','alexandra@dlohaiti.com','1.50',2,'October-2014','2014-10-01','2014-10-30',8,'003-974-239-9',10,'Administrative Manager',6,'Administrative',6,'HQ_S',1,'HQ',1,'FullTime',2,'DHOSA 100%','Nanoucheka','OLIS','F','1982-02-08','(+509) 4890 0740',NULL,'nolis@dlohaiti.com','Married','No','Haitian',NULL,'',NULL,NULL,NULL,'2012-04-08','',15,22,NULL,'HTG',112500.00,0,'','',24083.27000,54.91654,0,0.00000,0.00000,0.00000,34208.27000,0.00000,0.00000,78291.73000,12429.91654,0.00000,0.00000),(153,1,'Dlo Haiti Operations S.A.','177, Rue Faubert','addres453','Petionville','99','3054071346','1239877896','alexandra@dlohaiti.com','1.50',2,'October-2014','2014-10-01','2014-10-30',26,'01-15-99-1983-06-00164',12,'Kiosk Assistant',5,'Operations',2,'KIOSK 2',4,'Corail',1,'FullTime',2,'DHOSA 100%','Jean Remy','PIERRE','M','1983-06-16','+5093632-0845',NULL,'','Single','No','Haitian',NULL,'Corail',NULL,NULL,NULL,'2014-05-01','',15,26,NULL,'HTG',11000.00,0,'','',599.99000,1.85998,0,0.00000,0.00000,0.00000,1589.99000,0.00000,0.00000,9410.01000,1211.85998,0.00000,0.00000),(154,1,'Dlo Haiti Operations S.A.','177, Rue Faubert','addres453','Petionville','99','3054071346','1239877896','alexandra@dlohaiti.com','1.50',2,'October-2014','2014-10-01','2014-10-30',12,'01-15-99-1985-03-00093',12,'Kiosk Assistant',5,'Operations',1,'KIOSK 1',2,'Saintard',1,'FullTime',2,'DHOSA 100%','Jeune','VALENTIN','M','1985-03-15','',NULL,'saintard1@dlo.ht','Married','No','Haitian',NULL,'',NULL,NULL,NULL,'2013-10-01','',15,26,NULL,'HTG',11000.00,0,'','',599.99000,1.85998,0,0.00000,0.00000,0.00000,1589.99000,0.00000,0.00000,9410.01000,1211.85998,0.00000,0.00000),(155,1,'Dlo Haiti Operations S.A.','177, Rue Faubert','addres453','Petionville','99','3054071346','1239877896','alexandra@dlohaiti.com','1.50',2,'October-2014','2014-10-01','2014-10-30',27,'01-15-99-1988-01-00072',6,'Trike Driver',5,'Operations',2,'KIOSK 2',4,'Corail',1,'FullTime',2,'DHOSA 100%','Frandy','DORVIL','M','1988-01-06','+5093723-9488',NULL,'','Single','No','Haitian',NULL,'Corail',NULL,NULL,NULL,'2014-07-16','',15,26,NULL,'HTG',10000.00,0,'','',499.99000,1.59998,0,0.00000,0.00000,0.00000,1399.99000,0.00000,0.00000,8600.01000,1101.59998,0.00000,0.00000),(156,1,'Dlo Haiti Operations S.A.','177, Rue Faubert','addres453','Petionville','99','3054071346','1239877896','alexandra@dlohaiti.com','1.50',2,'October-2014','2014-10-01','2014-10-30',10,'01-15-99-1989-01-00009',11,'Kiosk Operator',5,'Operations',1,'KIOSK 1',2,'Saintard',1,'FullTime',2,'DHOSA 100%','Daphmar','ARMAND','F','1989-01-24','',NULL,'','Married','No','Haitian',NULL,'',NULL,NULL,NULL,'2013-10-01','',15,26,NULL,'HTG',17600.00,0,'','',1259.99000,3.57598,0,0.00000,0.00000,0.00000,2843.99000,0.00000,0.00000,14756.01000,1939.57598,0.00000,0.00000),(157,1,'Dlo Haiti Operations S.A.','177, Rue Faubert','addres453','Petionville','99','3054071346','1239877896','alexandra@dlohaiti.com','1.50',2,'October-2014','2014-10-01','2014-10-30',40,'01-15-99-1989-10-00051',0,NULL,0,NULL,0,NULL,0,NULL,0,NULL,0,NULL,'Farah','EUCHER','F','1989-10-27','+5093617-3463',NULL,'','Single','No','Haitian',NULL,'#11, Mitan, Arcahaie',NULL,NULL,NULL,'2014-02-15','',15,26,NULL,'HTG',17600.00,0,'','',0.00000,0.00000,0,0.00000,0.00000,0.00000,0.00000,0.00000,0.00000,17600.00000,0.00000,0.00000,0.00000),(158,1,'Dlo Haiti Operations S.A.','177, Rue Faubert','addres453','Petionville','99','3054071346','1239877896','alexandra@dlohaiti.com','1.50',2,'October-2014','2014-10-01','2014-10-30',20,'01-15-99-1990-03-00144',16,'Kiosk Manager',5,'Operations',1,'KIOSK 1',0,NULL,1,'FullTime',2,'DHOSA 100%','Carlos','JOSEPH','M','1990-03-03','+5093439-8768',NULL,'','Single','No','Haitian',NULL,'Saintard',NULL,NULL,NULL,'2014-03-01','',15,26,NULL,'HTG',10000.00,0,'','',499.99000,1.59998,0,0.00000,0.00000,0.00000,1399.99000,0.00000,0.00000,8600.01000,1101.59998,0.00000,0.00000),(159,1,'Dlo Haiti Operations S.A.','177, Rue Faubert','addres453','Petionville','99','3054071346','1239877896','alexandra@dlohaiti.com','1.50',2,'October-2014','2014-10-01','2014-10-30',28,'01-15-99-1991-02-00026',12,'Kiosk Assistant',5,'Operations',2,'KIOSK 2',0,NULL,1,'FullTime',2,'DHOSA 100%','Wisler','PIERRE LOUIS','M','1991-02-17','+5094646-7906 ',NULL,'','Single','No','Haitian',NULL,'Corail',NULL,NULL,NULL,'2014-07-15','',15,26,NULL,'HTG',10000.00,0,'','',499.99000,1.59998,0,0.00000,0.00000,0.00000,1399.99000,0.00000,0.00000,8600.01000,1101.59998,0.00000,0.00000),(160,1,'Dlo Haiti Operations S.A.','177, Rue Faubert','addres453','Petionville','99','3054071346','1239877896','alexandra@dlohaiti.com','1.50',10,'February - 2015','2015-02-01','2015-02-28',18,'003-585-766-0',6,'Trike Driver',5,'Operations',1,'KIOSK 1',2,'Saintard',1,'FullTime',2,'DHOSA 100%','Alierist','WILMINSE','M','1992-07-25','+5093411-5263 ',NULL,'','Single','No','Haitian',NULL,'Saintard',NULL,NULL,NULL,'2013-10-01','',15,26,NULL,'HTG',11000.00,0,'','',599.99000,1.85998,0,0.00000,0.00000,0.00000,1589.99000,0.00000,0.00000,9410.01000,1211.85998,0.00000,0.00000),(161,1,'Dlo Haiti Operations S.A.','177, Rue Faubert','addres453','Petionville','99','3054071346','1239877896','alexandra@dlohaiti.com','1.50',10,'February - 2015','2015-02-01','2015-02-28',59,'003-664-705-9',20,'HQ Driver',6,'Administrative',5,'HQ_O',1,'HQ',1,'FullTime',2,'DHOSA 100%','Fritz','JEAN PIERRE','M','1968-09-07','+5094891-5580',NULL,'fritzjp68@gmail.com','Married','No','Haitian',NULL,'47, Impasse Fraicheur, Sarthe 45',NULL,NULL,NULL,'2014-08-05','',15,26,NULL,'HTG',23976.00,0,'','',2096.38000,5.63132,0,0.00000,0.00000,0.00000,4254.22000,0.00000,0.00000,19721.78000,2642.99132,0.00000,0.00000),(162,1,'Dlo Haiti Operations S.A.','177, Rue Faubert','addres453','Petionville','99','3054071346','1239877896','alexandra@dlohaiti.com','1.50',10,'February - 2015','2015-02-01','2015-02-28',19,'003-818-949-6',6,'Trike Driver',5,'Operations',1,'KIOSK 1',2,'Saintard',1,'FullTime',2,'DHOSA 100%','Pierre Louis','LAROCHELLE','M','1968-08-23','+5093697-1701',NULL,'','Married','No','Haitian',NULL,'SAINTARD',NULL,NULL,NULL,'2014-03-01','',15,26,NULL,'HTG',10000.00,0,'','',499.99000,1.59998,0,0.00000,0.00000,0.00000,1399.99000,0.00000,23700.00000,-15099.99000,1101.59998,10200.00000,0.00000),(163,1,'Dlo Haiti Operations S.A.','177, Rue Faubert','addres453','Petionville','99','3054071346','1239877896','alexandra@dlohaiti.com','1.50',10,'February - 2015','2015-02-01','2015-02-28',8,'003-974-239-9',10,'Administrative Manager',6,'Administrative',6,'HQ_S',1,'HQ',1,'FullTime',2,'DHOSA 100%','Nanoucheka','OLIS','F','1982-02-08','(+509) 4890 0740',NULL,'nolis@dlohaiti.com','Married','No','Haitian',NULL,'',NULL,NULL,NULL,'2012-04-08','',15,22,NULL,'HTG',112500.00,0,'','',24083.27000,54.91654,0,0.00000,0.00000,0.00000,34208.27000,0.00000,0.00000,78291.73000,12429.91654,0.00000,0.00000),(164,1,'Dlo Haiti Operations S.A.','177, Rue Faubert','addres453','Petionville','99','3054071346','1239877896','alexandra@dlohaiti.com','1.50',10,'February - 2015','2015-02-01','2015-02-28',14,'004-256-238-1',14,'Technical Support Manager',3,'Construction',6,'HQ_S',1,'HQ',1,'FullTime',2,'DHOSA 100%','Wolfson Fedler','CAZEAU','M','1978-01-09','(+509) 4894-0158',NULL,'','Single','','Haitian',NULL,'',NULL,NULL,NULL,'2014-07-01','',15,22,NULL,'HTG',41175.00,0,'','',4793.71000,12.05792,0,0.00000,0.00000,0.00000,8499.46000,0.00000,0.00000,32675.54000,4541.30792,0.00000,0.00000),(165,1,'Dlo Haiti Operations S.A.','177, Rue Faubert','addres453','Petionville','99','3054071346','1239877896','alexandra@dlohaiti.com','1.50',10,'February - 2015','2015-02-01','2015-02-28',15,'004-263-573-6',15,'Plumber',4,'Technical',6,'HQ_S',1,'HQ',1,'FullTime',2,'DHOSA 100%','Pascale','MERSAN','F','1980-10-04','(+509) 4894-0158',NULL,'pascale@dlohaiti.com','Married','No','Haitian',NULL,'',NULL,NULL,NULL,'2014-01-13','',0,22,NULL,'HTG',132975.00,0,'','',30225.77000,68.43004,0,0.00000,0.00000,0.00000,42193.52000,0.00000,0.00000,90781.48000,14695.68004,0.00000,0.00000),(166,1,'Dlo Haiti Operations S.A.','177, Rue Faubert','addres453','Petionville','99','3054071346','1239877896','alexandra@dlohaiti.com','1.50',10,'February - 2015','2015-02-01','2015-02-28',39,'004-327-161-2',24,'Regional Technician',4,'Technical',7,'REGION 1 ',0,NULL,1,'FullTime',2,'DHOSA 100%','Marc-philippe','ESTIVERNE','M','1980-11-09','+5094894-0157',NULL,'','Single','No','Haitian',NULL,'#29, Saintard Arcahaie',NULL,NULL,NULL,'2014-06-16','',15,26,NULL,'HTG',17600.00,0,'','',1259.99000,3.57598,0,0.00000,0.00000,0.00000,2843.99000,0.00000,0.00000,14756.01000,1939.57598,0.00000,0.00000),(167,1,'Dlo Haiti Operations S.A.','177, Rue Faubert','addres453','Petionville','99','3054071346','1239877896','alexandra@dlohaiti.com','1.50',10,'February - 2015','2015-02-01','2015-02-28',1,'004-345-943-2',1,'Finance Assistant',1,'Finance',6,'HQ_S',1,'HQ',1,'FullTime',2,'DHOSA 100%','Karl Olivier','MEDE','M','1989-03-04','(+509)4846 5887',NULL,'medekarl@gmail.com','Single','No','Haitian',NULL,'',NULL,NULL,NULL,'2012-07-01','',15,26,NULL,'HTG',65000.00,0,'','',10749.96000,25.39992,0,0.00000,0.00000,0.00000,16599.96000,0.00000,0.00000,48400.04000,7175.39992,0.00000,0.00000),(168,1,'Dlo Haiti Operations S.A.','177, Rue Faubert','addres453','Petionville','99','3054071346','1239877896','alexandra@dlohaiti.com','1.50',10,'February - 2015','2015-02-01','2015-02-28',36,'004-409-452-2',0,NULL,5,'Operations',5,'HQ_O',1,'HQ',0,NULL,0,NULL,'Woodlee','ABELARD','M','2014-05-03','+5094890-0746',NULL,'wqt_region1@dlo.ht','Single','No','Haitian',NULL,'',NULL,NULL,NULL,'2014-10-16','',15,26,NULL,'HTG',69125.00,0,'','',0.00000,0.00000,0,0.00000,0.00000,0.00000,0.00000,0.00000,0.00000,69125.00000,0.00000,0.00000,0.00000),(169,1,'Dlo Haiti Operations S.A.','177, Rue Faubert','addres453','Petionville','99','3054071346','1239877896','alexandra@dlohaiti.com','1.50',10,'February - 2015','2015-02-01','2015-02-28',25,'004-494-531-5',12,'Kiosk Assistant',5,'Operations',2,'KIOSK 2',4,'Corail',1,'FullTime',2,'DHOSA 100%','Luckson','IMBERT','M','1984-08-21','+5093485-5175',NULL,'','Single','No','Haitian',NULL,'Corail',NULL,NULL,NULL,'2014-05-01','',15,26,NULL,'HTG',11000.00,0,'','',599.99000,1.85998,0,0.00000,0.00000,0.00000,1589.99000,0.00000,0.00000,9410.01000,1211.85998,0.00000,0.00000),(170,1,'Dlo Haiti Operations S.A.','177, Rue Faubert','addres453','Petionville','99','3054071346','1239877896','alexandra@dlohaiti.com','1.50',10,'February - 2015','2015-02-01','2015-02-28',23,'004-504-598-5',12,'Kiosk Assistant',5,'Operations',2,'KIOSK 2',4,'Corail',1,'FullTime',2,'DHOSA 100%','Rouby','MARCELLUS','M','1988-02-18','+5093102-2349',NULL,'','Single','No','Haitian',NULL,'Corail',NULL,NULL,NULL,'2014-05-01','',15,26,NULL,'HTG',17600.00,0,'','',1259.99000,3.57598,0,0.00000,0.00000,0.00000,2843.99000,0.00000,0.00000,14756.01000,1939.57598,0.00000,0.00000),(171,1,'Dlo Haiti Operations S.A.','177, Rue Faubert','addres453','Petionville','99','3054071346','1239877896','alexandra@dlohaiti.com','1.50',10,'February - 2015','2015-02-01','2015-02-28',51,'004-653-162-8',11,'Kiosk Operator',5,'Operations',8,'Kiosk 5',5,'Santo19',1,'FullTime',2,'DHOSA 100%','Eder Frantz','CLEMENT','M','1987-11-23','+5094472-8174 ',NULL,'','Single','No','Haitian',NULL,'SANTO',NULL,NULL,NULL,'2014-09-22','',15,26,NULL,'HTG',17600.00,0,'','',1259.99000,3.57598,0,0.00000,0.00000,0.00000,2843.99000,0.00000,0.00000,14756.01000,1939.57598,0.00000,0.00000),(172,1,'Dlo Haiti Operations S.A.','177, Rue Faubert','addres453','Petionville','99','3054071346','1239877896','alexandra@dlohaiti.com','1.50',10,'February - 2015','2015-02-01','2015-02-28',60,'004-709-190-3',9,'Community Marketing Manager',5,'Operations',14,'Region 3',11,'Cite Soleil',1,'FullTime',2,'DHOSA 100%','Mackenson','POLIFRANC','M','1983-12-11','+5094890-7447',NULL,'polifranc.mackenson@','Married','No','Haitian',NULL,'316, Soleil 19b, Port-au-prince',NULL,NULL,NULL,'2013-02-14','',15,26,NULL,'HTG',22000.00,0,'','',1799.98000,4.91996,0,0.00000,0.00000,0.00000,3779.98000,0.00000,0.00000,18220.02000,2424.91996,0.00000,0.00000),(173,1,'Dlo Haiti Operations S.A.','177, Rue Faubert','addres453','Petionville','99','3054071346','1239877896','alexandra@dlohaiti.com','1.50',10,'February - 2015','2015-02-01','2015-02-28',33,'004-730-031-2',12,'Kiosk Assistant',5,'Operations',3,'KIOSK 3',6,'Courjolle',1,'FullTime',2,'DHOSA 100%','Marc Fedner','RAPHAEL','M','1984-08-18','+5093664-0974 ',NULL,'','Single','No','Haitian',NULL,'Courjolles',NULL,NULL,NULL,'2014-05-01','',15,26,NULL,'HTG',11000.00,0,'','',599.99000,1.85998,0,0.00000,0.00000,0.00000,1589.99000,0.00000,0.00000,9410.01000,1211.85998,0.00000,0.00000),(174,1,'Dlo Haiti Operations S.A.','177, Rue Faubert','addres453','Petionville','99','3054071346','1239877896','alexandra@dlohaiti.com','1.50',10,'February - 2015','2015-02-01','2015-02-28',49,'004-996-954-6',6,'Trike Driver',5,'Operations',4,'KIOSK 4',12,'Terre Chaude',1,'FullTime',2,'DHOSA 100%','Ronald','DOMINGUE','M','1989-07-07','',NULL,'','Single','No','Haitian','Terre Chaude','Cabaret','',NULL,'Haïti','2014-10-01','',15,26,NULL,'HTG',10000.00,0,'','',374.99000,1.34998,0,0.00000,0.00000,0.00000,1274.99000,0.00000,0.00000,8725.01000,1101.34998,0.00000,0.00000),(175,1,'Dlo Haiti Operations S.A.','177, Rue Faubert','addres453','Petionville','99','3054071346','1239877896','alexandra@dlohaiti.com','1.50',10,'February - 2015','2015-02-01','2015-02-28',56,'005-598-260-0',25,'Human Ressources Manager',2,'HR',6,'HQ_S',1,'HQ',1,'FullTime',2,'DHOSA 100%','Guerdy Saint Louis','FAUSTIN','F','1980-07-12','+5094891-5570',NULL,'guerdy@dlohaiti.com','Married','No','Haitian',NULL,'Vivi Mitchel',NULL,NULL,NULL,'2014-08-11','',0,22,NULL,'HTG',157500.00,0,'','',37583.27000,84.61654,0,0.00000,0.00000,0.00000,51758.27000,0.00000,0.00000,105741.73000,17409.61654,0.00000,0.00000),(176,1,'Dlo Haiti Operations S.A.','177, Rue Faubert','addres453','Petionville','99','3054071346','1239877896','alexandra@dlohaiti.com','1.50',10,'February - 2015','2015-02-01','2015-02-28',34,'006-993-310-4',6,'Trike Driver',5,'Operations',3,'KIOSK 3',6,'Courjolle',1,'FullTime',2,'DHOSA 100%','Jean Frantz','LOUIS JEUNE','M','1976-06-10','+5093895-2665',NULL,'','Married','No','Haitian',NULL,'Courjolles',NULL,NULL,NULL,'2014-10-01','',15,26,NULL,'HTG',10000.00,0,'','',374.99000,1.34998,0,0.00000,0.00000,0.00000,1274.99000,0.00000,0.00000,8725.01000,1101.34998,0.00000,0.00000),(177,1,'Dlo Haiti Operations S.A.','177, Rue Faubert','addres453','Petionville','99','3054071346','1239877896','alexandra@dlohaiti.com','1.50',10,'February - 2015','2015-02-01','2015-02-28',5,'007-851-146-3',3,'Procurement Assistant',1,'Finance',6,'HQ_S',1,'HQ',1,'FullTime',2,'DHOSA 100%','Nicolas','ANTONIO','M','1984-11-07','(+509) 4890 0754',NULL,'antonio@dlo.ht','Single','No','Haitian',NULL,'',NULL,NULL,NULL,'2014-07-27','',5,22,NULL,'HTG',41795.00,0,'','',4948.71000,12.40512,0,0.00000,0.00000,0.00000,8710.26000,0.00000,0.00000,33084.74000,4609.85512,0.00000,0.00000),(178,1,'Dlo Haiti Operations S.A.','177, Rue Faubert','addres453','Petionville','99','3054071346','1239877896','alexandra@dlohaiti.com','1.50',10,'February - 2015','2015-02-01','2015-02-28',29,'008-748-475-3',16,'Kiosk Manager',5,'Operations',3,'KIOSK 3',6,'Courjolle',1,'FullTime',2,'DHOSA 100%','Pierre Ronald','DEROSIERS','M','1978-05-10','+5093609-8731',NULL,'courjolles3@dlo.ht','Married','No','Haitian',NULL,'COURJOLLES',NULL,NULL,NULL,'2014-05-01','',15,26,NULL,'HTG',22000.00,0,'','',1799.98000,4.91996,0,0.00000,0.00000,0.00000,3779.98000,0.00000,0.00000,18220.02000,2424.91996,0.00000,0.00000),(179,1,'Dlo Haiti Operations S.A.','177, Rue Faubert','addres453','Petionville','99','3054071346','1239877896','alexandra@dlohaiti.com','1.50',10,'February - 2015','2015-02-01','2015-02-28',52,'01-01-99-1982-10-00931',12,'Kiosk Assistant',5,'Operations',8,'Kiosk 5',5,'Santo19',1,'FullTime',2,'DHOSA 100%','Reginald','LEGER','M','0000-00-00','+5093470-8508',NULL,'','Single','No','Haitian',NULL,'Saintard',NULL,NULL,NULL,'2014-09-22','',15,26,NULL,'HTG',11000.00,0,'','',599.99000,1.85998,0,0.00000,0.00000,0.00000,1589.99000,0.00000,0.00000,9410.01000,1211.85998,0.00000,0.00000),(180,1,'Dlo Haiti Operations S.A.','177, Rue Faubert','addres453','Petionville','99','3054071346','1239877896','alexandra@dlohaiti.com','1.50',10,'February - 2015','2015-02-01','2015-02-28',21,'01-01-99-1984-08-00746',16,'Kiosk Manager',5,'Operations',1,'KIOSK 1',2,'Saintard',1,'FullTime',2,'DHOSA 100%','Maudeline','THOMAS','F','1984-08-11','+5093743-1849',NULL,'saintard1@dlo.ht','Single','No','Haitian',NULL,'Saintard',NULL,NULL,NULL,'2014-05-01','',15,26,NULL,'HTG',22000.00,0,'','',1799.98000,4.91996,0,0.00000,0.00000,0.00000,3779.98000,0.00000,0.00000,18220.02000,2424.91996,0.00000,0.00000),(181,1,'Dlo Haiti Operations S.A.','177, Rue Faubert','addres453','Petionville','99','3054071346','1239877896','alexandra@dlohaiti.com','1.50',10,'February - 2015','2015-02-01','2015-02-28',50,'01-01-99-1984-12-00738',16,'Kiosk Manager',5,'Operations',8,'Kiosk 5',5,'Santo19',1,'FullTime',2,'DHOSA 100%','Ronald','VOLMAR','M','1984-12-03','+5093796-1488',NULL,'santo5@dlo.ht','Single','No','Haitian',NULL,'Santo',NULL,NULL,NULL,'2014-09-22','',15,26,NULL,'HTG',22000.00,0,'','',1799.98000,4.91996,0,0.00000,0.00000,0.00000,3779.98000,0.00000,0.00000,18220.02000,2424.91996,0.00000,0.00000),(182,1,'Dlo Haiti Operations S.A.','177, Rue Faubert','addres453','Petionville','99','3054071346','1239877896','alexandra@dlohaiti.com','1.50',10,'February - 2015','2015-02-01','2015-02-28',7,'01-01-99-1988-07-00659',9,'Community Marketing Manager',8,'Marketing',5,'HQ_O',1,'HQ',1,'FullTime',2,'DHOSA 100%','Romeus','LEONE','M','1988-07-13','(+509) 4890 0744',NULL,'leone@dlo.ht','Single','No','Haitian',NULL,'',NULL,NULL,NULL,'2013-11-01','',15,22,NULL,'HTG',67950.00,0,'','',11487.46000,27.05192,0,0.00000,0.00000,0.00000,17602.96000,0.00000,0.00000,50347.04000,7501.55192,0.00000,0.00000),(183,1,'Dlo Haiti Operations S.A.','177, Rue Faubert','addres453','Petionville','99','3054071346','1239877896','alexandra@dlohaiti.com','1.50',10,'February - 2015','2015-02-01','2015-02-28',6,'01-01-99-1988-12-00886',8,'Operations Coordinator',5,'Operations',6,'HQ_S',1,'HQ',1,'FullTime',2,'DHOSA 100%','Raoul Moliere','AMISIAL','M','1988-12-30','(+509) 3855 7702',NULL,'raoul@dlo.ht','Single','No','Haitian',NULL,'',NULL,NULL,NULL,'2014-07-01','',15,22,NULL,'HTG',90000.00,0,'','',17333.27000,40.06654,0,0.00000,0.00000,0.00000,25433.27000,0.00000,0.00000,64566.73000,9940.06654,0.00000,0.00000),(184,1,'Dlo Haiti Operations S.A.','177, Rue Faubert','addres453','Petionville','99','3054071346','1239877896','alexandra@dlohaiti.com','1.50',10,'February - 2015','2015-02-01','2015-02-28',38,'01-01-99-1992-05-00165',27,'Community Marketing Assistant',5,'Operations',7,'REGION 1 ',0,NULL,1,'FullTime',2,'DHOSA 100%','Oradma','ROBERT','F','1992-05-31','+5094475-3205',NULL,'','Single','No','Haitian',NULL,'',NULL,NULL,NULL,'2014-09-22','',15,26,NULL,'HTG',22000.00,0,'','',1799.98000,4.91996,0,0.00000,0.00000,0.00000,3779.98000,0.00000,0.00000,18220.02000,2424.91996,0.00000,0.00000),(185,1,'Dlo Haiti Operations S.A.','177, Rue Faubert','addres453','Petionville','99','3054071346','1239877896','alexandra@dlohaiti.com','1.50',10,'February - 2015','2015-02-01','2015-02-28',30,'01-02-99-1984-10-00131',11,'Kiosk Operator',5,'Operations',3,'KIOSK 3',6,'Courjolle',1,'FullTime',2,'DHOSA 100%','Stive','DELIUS','M','1984-10-17','+5093749-6039',NULL,'','Single','No','Haitian',NULL,'Courjolles',NULL,NULL,NULL,'2014-05-01','',15,26,NULL,'HTG',17600.00,0,'','',1259.99000,3.57598,0,0.00000,0.00000,0.00000,2843.99000,0.00000,0.00000,14756.01000,1939.57598,0.00000,0.00000),(186,1,'Dlo Haiti Operations S.A.','177, Rue Faubert','addres453','Petionville','99','3054071346','1239877896','alexandra@dlohaiti.com','1.50',10,'February - 2015','2015-02-01','2015-02-28',53,'01-02-99-1987-12-00163',12,'Kiosk Assistant',5,'Operations',8,'Kiosk 5',5,'Santo19',1,'FullTime',2,'DHOSA 100%','Marvens','RENFORT','M','1987-12-29','+5093710-2938',NULL,'','Single','No','Haitian',NULL,'Santo',NULL,NULL,NULL,'2014-09-22','',15,26,NULL,'HTG',11000.00,0,'','',599.99000,1.85998,0,0.00000,0.00000,0.00000,1589.99000,0.00000,0.00000,9410.01000,1211.85998,0.00000,0.00000),(187,1,'Dlo Haiti Operations S.A.','177, Rue Faubert','addres453','Petionville','99','3054071346','1239877896','alexandra@dlohaiti.com','1.50',10,'February - 2015','2015-02-01','2015-02-28',17,'01-04-99-1981-01-00057',15,'Plumber',4,'Technical',5,'HQ_O',1,'HQ',1,'FullTime',2,'DHOSA 100%','Sorel','MASSILON','M','1981-01-17','',NULL,'','Married','No','Haitian',NULL,'',NULL,NULL,NULL,'2014-11-17','',15,26,NULL,'HTG',29247.00,0,'','',1680.96000,5.11674,0,0.00000,0.00000,0.00000,4313.19000,0.00000,0.00000,24933.81000,3222.28674,0.00000,0.00000),(188,1,'Dlo Haiti Operations S.A.','177, Rue Faubert','addres453','Petionville','99','3054071346','1239877896','alexandra@dlohaiti.com','1.50',10,'February - 2015','2015-02-01','2015-02-28',54,'01-10-99-1974-56-00011',12,'Kiosk Assistant',5,'Operations',8,'Kiosk 5',5,'Santo19',1,'FullTime',2,'DHOSA 100%','Marie Myrtha','DENAU','F','1974-06-06','',NULL,'','Single','No','Haitian',NULL,'Saintard',NULL,NULL,NULL,'2014-09-22','',15,26,NULL,'HTG',11000.00,0,'','',599.99000,1.85998,0,0.00000,0.00000,0.00000,1589.99000,0.00000,0.00000,9410.01000,1211.85998,0.00000,0.00000),(189,1,'Dlo Haiti Operations S.A.','177, Rue Faubert','addres453','Petionville','99','3054071346','1239877896','alexandra@dlohaiti.com','1.50',10,'February - 2015','2015-02-01','2015-02-28',22,'01-15-99-1968-05-00021',16,'Kiosk Manager',5,'Operations',2,'KIOSK 2',4,'Corail',1,'FullTime',2,'DHOSA 100%','Miranda','SAINT LOUIS','M','1968-05-15','+5093687-3898',NULL,'corail2@dlo.ht','Married','No','Haitian',NULL,'Corail',NULL,NULL,NULL,'2014-05-01','',15,26,NULL,'HTG',22000.00,0,'','',1799.98000,4.91996,0,0.00000,0.00000,0.00000,3779.98000,0.00000,0.00000,18220.02000,2424.91996,0.00000,0.00000),(190,1,'Dlo Haiti Operations S.A.','177, Rue Faubert','addres453','Petionville','99','3054071346','1239877896','alexandra@dlohaiti.com','1.50',10,'February - 2015','2015-02-01','2015-02-28',43,'01-15-99-1970-09-00062',28,'Guardian',5,'Operations',7,'REGION 1 ',0,NULL,1,'FullTime',2,'DHOSA 100%','Pierre Jenks Levelt','LAMARRE','M','1970-09-01','',NULL,'','Single','No','Haitian',NULL,'Courjolles',NULL,NULL,NULL,'2014-09-01','',15,26,NULL,'HTG',10000.00,0,'','',499.99000,1.59998,0,0.00000,0.00000,0.00000,1399.99000,0.00000,0.00000,8600.01000,1101.59998,0.00000,0.00000),(191,1,'Dlo Haiti Operations S.A.','177, Rue Faubert','addres453','Petionville','99','3054071346','1239877896','alexandra@dlohaiti.com','1.50',10,'February - 2015','2015-02-01','2015-02-28',31,'01-15-99-1973-03-00063',12,'Kiosk Assistant',5,'Operations',3,'KIOSK 3',6,'Courjolle',1,'FullTime',2,'DHOSA 100%','Pierre Widens','LAMARRE','M','1973-03-29','+5093651-1671',NULL,'','Married','No','Haitian',NULL,'Courjolles',NULL,NULL,NULL,'2014-05-01','',15,26,NULL,'HTG',11000.00,0,'','',599.99000,1.85998,0,0.00000,0.00000,0.00000,1589.99000,0.00000,0.00000,9410.01000,1211.85998,0.00000,0.00000),(192,1,'Dlo Haiti Operations S.A.','177, Rue Faubert','addres453','Petionville','99','3054071346','1239877896','alexandra@dlohaiti.com','1.50',10,'February - 2015','2015-02-01','2015-02-28',3,'01-15-99-1973-03-00105',7,'Regionl Manager',5,'Operations',7,'REGION 1 ',0,NULL,1,'FullTime',2,'DHOSA 100%','Dorsainville','PIERRE SAINVIL','M','0000-00-00','(+509) 3862 7939',NULL,'regional1@dlo.ht','Married','No','Haitian',NULL,'SAINTARD',NULL,NULL,NULL,'2013-10-01','',15,26,NULL,'HTG',47750.00,0,'','',6437.46000,15.73992,0,0.00000,0.00000,0.00000,10734.96000,0.00000,0.00000,37015.04000,5268.23992,0.00000,0.00000),(193,1,'Dlo Haiti Operations S.A.','177, Rue Faubert','addres453','Petionville','99','3054071346','1239877896','alexandra@dlohaiti.com','1.50',10,'February - 2015','2015-02-01','2015-02-28',11,'01-15-99-1981-07-00029',12,'Kiosk Assistant',5,'Operations',1,'KIOSK 1',2,'Saintard',1,'FullTime',2,'DHOSA 100%','Solail','JEAN BAPTISTE','M','1981-07-10','',NULL,'','Single','No','Haitian',NULL,'',NULL,NULL,NULL,'2013-10-01','',15,26,NULL,'HTG',11000.00,0,'','',599.99000,1.85998,0,0.00000,0.00000,0.00000,1589.99000,0.00000,0.00000,9410.01000,1211.85998,0.00000,0.00000),(194,1,'Dlo Haiti Operations S.A.','177, Rue Faubert','addres453','Petionville','99','3054071346','1239877896','alexandra@dlohaiti.com','1.50',10,'February - 2015','2015-02-01','2015-02-28',41,'01-15-99-1981-11-00041',12,'Kiosk Assistant',5,'Operations',7,'REGION 1 ',0,NULL,1,'FullTime',2,'DHOSA 100%','Jean Junior','TOUSSAINT','M','0000-00-00','',NULL,'','Married','No','Haitian',NULL,'',NULL,NULL,NULL,'2014-05-01','',15,26,NULL,'HTG',11000.00,0,'','',599.99000,1.85998,0,0.00000,0.00000,0.00000,1589.99000,0.00000,0.00000,9410.01000,1211.85998,0.00000,0.00000),(195,1,'Dlo Haiti Operations S.A.','177, Rue Faubert','addres453','Petionville','99','3054071346','1239877896','alexandra@dlohaiti.com','1.50',10,'February - 2015','2015-02-01','2015-02-28',26,'01-15-99-1983-06-00164',12,'Kiosk Assistant',5,'Operations',2,'KIOSK 2',4,'Corail',1,'FullTime',2,'DHOSA 100%','Jean Remy','PIERRE','M','1983-06-16','+5093632-0845',NULL,'','Single','No','Haitian',NULL,'Corail',NULL,NULL,NULL,'2014-05-01','',15,26,NULL,'HTG',11000.00,0,'','',599.99000,1.85998,0,0.00000,0.00000,0.00000,1589.99000,0.00000,0.00000,9410.01000,1211.85998,0.00000,0.00000),(196,1,'Dlo Haiti Operations S.A.','177, Rue Faubert','addres453','Petionville','99','3054071346','1239877896','alexandra@dlohaiti.com','1.50',10,'February - 2015','2015-02-01','2015-02-28',12,'01-15-99-1985-03-00093',12,'Kiosk Assistant',5,'Operations',1,'KIOSK 1',2,'Saintard',1,'FullTime',2,'DHOSA 100%','Jeune','VALENTIN','M','1985-03-15','',NULL,'saintard1@dlo.ht','Married','No','Haitian',NULL,'',NULL,NULL,NULL,'2013-10-01','',15,26,NULL,'HTG',11000.00,0,'','',599.99000,1.85998,0,0.00000,0.00000,0.00000,1589.99000,0.00000,0.00000,9410.01000,1211.85998,0.00000,0.00000),(197,1,'Dlo Haiti Operations S.A.','177, Rue Faubert','addres453','Petionville','99','3054071346','1239877896','alexandra@dlohaiti.com','1.50',10,'February - 2015','2015-02-01','2015-02-28',27,'01-15-99-1988-01-00072',6,'Trike Driver',5,'Operations',2,'KIOSK 2',4,'Corail',1,'FullTime',2,'DHOSA 100%','Frandy','DORVIL','M','1988-01-06','+5093723-9488',NULL,'','Single','No','Haitian',NULL,'Corail',NULL,NULL,NULL,'2014-07-16','',15,26,NULL,'HTG',10000.00,0,'','',499.99000,1.59998,0,0.00000,0.00000,0.00000,1399.99000,0.00000,0.00000,8600.01000,1101.59998,0.00000,0.00000),(198,1,'Dlo Haiti Operations S.A.','177, Rue Faubert','addres453','Petionville','99','3054071346','1239877896','alexandra@dlohaiti.com','1.50',10,'February - 2015','2015-02-01','2015-02-28',10,'01-15-99-1989-01-00009',11,'Kiosk Operator',5,'Operations',1,'KIOSK 1',2,'Saintard',1,'FullTime',2,'DHOSA 100%','Daphmar','ARMAND','F','1989-01-24','',NULL,'','Married','No','Haitian',NULL,'',NULL,NULL,NULL,'2013-10-01','',15,26,NULL,'HTG',17600.00,0,'','',1259.99000,3.57598,0,0.00000,0.00000,0.00000,2843.99000,0.00000,0.00000,14756.01000,1939.57598,0.00000,0.00000),(199,1,'Dlo Haiti Operations S.A.','177, Rue Faubert','addres453','Petionville','99','3054071346','1239877896','alexandra@dlohaiti.com','1.50',10,'February - 2015','2015-02-01','2015-02-28',40,'01-15-99-1989-10-00051',0,NULL,0,NULL,0,NULL,0,NULL,0,NULL,0,NULL,'Farah','EUCHER','F','1989-10-27','+5093617-3463',NULL,'','Single','No','Haitian',NULL,'#11, Mitan, Arcahaie',NULL,NULL,NULL,'2014-02-15','',15,26,NULL,'HTG',17600.00,0,'','',0.00000,0.00000,0,0.00000,0.00000,0.00000,0.00000,0.00000,0.00000,17600.00000,0.00000,0.00000,0.00000),(200,1,'Dlo Haiti Operations S.A.','177, Rue Faubert','addres453','Petionville','99','3054071346','1239877896','alexandra@dlohaiti.com','1.50',10,'February - 2015','2015-02-01','2015-02-28',20,'01-15-99-1990-03-00144',16,'Kiosk Manager',5,'Operations',1,'KIOSK 1',0,NULL,1,'FullTime',2,'DHOSA 100%','Carlos','JOSEPH','M','1990-03-03','+5093439-8768',NULL,'','Single','No','Haitian',NULL,'Saintard',NULL,NULL,NULL,'2014-03-01','',15,26,NULL,'HTG',10000.00,0,'','',499.99000,1.59998,0,0.00000,0.00000,0.00000,1399.99000,0.00000,0.00000,8600.01000,1101.59998,0.00000,0.00000),(201,1,'Dlo Haiti Operations S.A.','177, Rue Faubert','addres453','Petionville','99','3054071346','1239877896','alexandra@dlohaiti.com','1.50',10,'February - 2015','2015-02-01','2015-02-28',28,'01-15-99-1991-02-00026',12,'Kiosk Assistant',5,'Operations',2,'KIOSK 2',0,NULL,1,'FullTime',2,'DHOSA 100%','Wisler','PIERRE LOUIS','M','1991-02-17','+5094646-7906 ',NULL,'','Single','No','Haitian',NULL,'Corail',NULL,NULL,NULL,'2014-07-15','',15,26,NULL,'HTG',10000.00,0,'','',499.99000,1.59998,0,0.00000,0.00000,0.00000,1399.99000,0.00000,0.00000,8600.01000,1101.59998,0.00000,0.00000),(202,1,'Dlo Haiti Operations S.A.','177, Rue Faubert','addres453','Petionville','99','3054071346','1239877896','alexandra@dlohaiti.com','1.50',10,'February - 2015','2015-02-01','2015-02-28',24,'01-15-99-1993-03-00040',12,'Kiosk Assistant',5,'Operations',2,'KIOSK 2',0,NULL,1,'FullTime',2,'DHOSA 100%','Dossous','ROSE-BERLINE','F','1993-03-06','+5093629-7450',NULL,'','Single','No','Haitian',NULL,'Corail',NULL,NULL,NULL,'2014-05-01','',15,26,NULL,'HTG',11000.00,0,'','',599.99000,1.85998,0,0.00000,0.00000,0.00000,1589.99000,0.00000,0.00000,9410.01000,1211.85998,0.00000,0.00000),(203,1,'Dlo Haiti Operations S.A.','177, Rue Faubert','addres453','Petionville','99','3054071346','1239877896','alexandra@dlohaiti.com','1.50',10,'February - 2015','2015-02-01','2015-02-28',47,'01-16-99-1984-02-00065',0,NULL,0,NULL,0,NULL,0,NULL,0,NULL,0,NULL,'Wilson','PAYOUTE','M','1984-02-14','+5093314-6343',NULL,'','Single','No','Haitian',NULL,'Cabaret',NULL,NULL,NULL,'2014-09-22','',15,26,NULL,'HTG',11000.00,0,'','',0.00000,0.00000,0,0.00000,0.00000,0.00000,0.00000,0.00000,0.00000,11000.00000,0.00000,0.00000,0.00000),(204,1,'Dlo Haiti Operations S.A.','177, Rue Faubert','addres453','Petionville','99','3054071346','1239877896','alexandra@dlohaiti.com','1.50',10,'February - 2015','2015-02-01','2015-02-28',44,'01-16-99-1988-09-00025',0,NULL,0,NULL,0,NULL,0,NULL,0,NULL,0,NULL,'Sainte Helene','JEAN','F','1988-09-07','+5093336-3392 ',NULL,'','Single','No','Haitian',NULL,'Cabaret',NULL,NULL,NULL,'2014-09-22','',15,26,NULL,'HTG',22000.00,0,'','',0.00000,0.00000,0,0.00000,0.00000,0.00000,0.00000,0.00000,0.00000,22000.00000,0.00000,0.00000,0.00000),(205,1,'Dlo Haiti Operations S.A.','177, Rue Faubert','addres453','Petionville','99','3054071346','1239877896','alexandra@dlohaiti.com','1.50',10,'February - 2015','2015-02-01','2015-02-28',4,'01-16-99-1989-09-00012',12,'Kiosk Assistant',5,'Operations',4,'KIOSK 4',0,NULL,1,'FullTime',2,'DHOSA 100%','Daniel','MICHAUD','F','1989-09-17','',NULL,'','Married','No','Haitian',NULL,'',NULL,NULL,NULL,'2014-12-01','',15,26,NULL,'HTG',11000.00,0,'','',243.05000,NULL,0,0.00000,0.00000,0.00000,243.05000,0.00000,0.00000,10756.95000,0.00000,0.00000,0.00000),(206,1,'Dlo Haiti Operations S.A.','177, Rue Faubert','addres453','Petionville','99','3054071346','1239877896','alexandra@dlohaiti.com','1.50',11,'March - 2015','2015-03-02','2015-03-31',36,'004-409-452-2',0,NULL,5,'Operations',5,'HQ_O',1,'HQ',0,NULL,0,NULL,'Woodlee','ABELARD','M','2014-05-03','+5094890-0746',NULL,'wqt_region1@dlo.ht','Single','No','Haitian',NULL,'',NULL,NULL,NULL,'2014-10-16','',15,26,NULL,'HTG',69125.00,0,'','',0.00000,0.00000,0,0.00000,0.00000,0.00000,0.00000,0.00000,0.00000,69125.00000,0.00000,0.00000,0.00000),(207,1,'Dlo Haiti Operations S.A.','177, Rue Faubert','addres453','Petionville','99','3054071346','1239877896','alexandra@dlohaiti.com','1.50',11,'March - 2015','2015-03-02','2015-03-31',42,'004-474-026-3',12,'Kiosk Assistant',5,'Operations',7,'REGION 1 ',0,NULL,1,'FullTime',2,'DHOSA 100%','Wilkien','THOMAS','M','1980-08-01','',NULL,'','Single','No','Haitian',NULL,'567, Carrefour Damier, Cabaret',NULL,NULL,NULL,'2015-02-02','',15,26,NULL,'HTG',11000.00,0,'','',97.22000,0.85444,0,0.00000,0.00000,0.00000,1087.22000,0.00000,0.00000,9912.78000,1210.85444,0.00000,0.00000),(208,1,'Dlo Haiti Operations S.A.','177, Rue Faubert','addres453','Petionville','99','3054071346','1239877896','alexandra@dlohaiti.com','1.50',11,'March - 2015','2015-03-02','2015-03-31',25,'004-494-531-5',12,'Kiosk Assistant',5,'Operations',2,'KIOSK 2',4,'Corail',1,'FullTime',2,'DHOSA 100%','Luckson','IMBERT','M','1984-08-21','+5093485-5175',NULL,'','Single','No','Haitian',NULL,'Corail',NULL,NULL,NULL,'2014-05-01','',15,26,NULL,'HTG',11000.00,0,'','',599.99000,1.85998,0,0.00000,0.00000,0.00000,1589.99000,0.00000,0.00000,9410.01000,1211.85998,0.00000,0.00000),(209,1,'Dlo Haiti Operations S.A.','177, Rue Faubert','addres453','Petionville','99','3054071346','1239877896','alexandra@dlohaiti.com','1.50',11,'March - 2015','2015-03-02','2015-03-31',23,'004-504-598-5',12,'Kiosk Assistant',5,'Operations',2,'KIOSK 2',4,'Corail',1,'FullTime',2,'DHOSA 100%','Rouby','MARCELLUS','M','1988-02-18','+5093102-2349',NULL,'','Single','No','Haitian',NULL,'Corail',NULL,NULL,NULL,'2014-05-01','',15,26,NULL,'HTG',17600.00,0,'','',1259.99000,3.57598,0,0.00000,0.00000,0.00000,2843.99000,0.00000,0.00000,14756.01000,1939.57598,0.00000,0.00000),(210,1,'Dlo Haiti Operations S.A.','177, Rue Faubert','addres453','Petionville','99','3054071346','1239877896','alexandra@dlohaiti.com','1.50',11,'March - 2015','2015-03-02','2015-03-31',51,'004-653-162-8',11,'Kiosk Operator',5,'Operations',8,'Kiosk 5',5,'Santo19',1,'FullTime',2,'DHOSA 100%','Eder Frantz','CLEMENT','M','1987-11-23','+5094472-8174 ',NULL,'','Single','No','Haitian',NULL,'SANTO',NULL,NULL,NULL,'2014-09-22','',15,26,NULL,'HTG',17600.00,0,'','',1259.99000,3.57598,0,0.00000,0.00000,0.00000,2843.99000,0.00000,0.00000,14756.01000,1939.57598,0.00000,0.00000),(211,1,'Dlo Haiti Operations S.A.','177, Rue Faubert','addres453','Petionville','99','3054071346','1239877896','alexandra@dlohaiti.com','1.50',11,'March - 2015','2015-03-02','2015-03-31',60,'004-709-190-3',9,'Community Marketing Manager',5,'Operations',14,'Region 3',11,'Cite Soleil',1,'FullTime',2,'DHOSA 100%','Mackenson','POLIFRANC','M','1983-12-11','+5094890-7447',NULL,'polifranc.mackenson@','Married','No','Haitian',NULL,'316, Soleil 19b, Port-au-prince',NULL,NULL,NULL,'2013-02-14','',15,26,NULL,'HTG',22000.00,0,'','',1799.98000,4.91996,0,0.00000,0.00000,0.00000,3779.98000,0.00000,0.00000,18220.02000,2424.91996,0.00000,0.00000),(212,1,'Dlo Haiti Operations S.A.','177, Rue Faubert','addres453','Petionville','99','3054071346','1239877896','alexandra@dlohaiti.com','1.50',11,'March - 2015','2015-03-02','2015-03-31',33,'004-730-031-2',12,'Kiosk Assistant',5,'Operations',3,'KIOSK 3',6,'Courjolle',1,'FullTime',2,'DHOSA 100%','Marc Fedner','RAPHAEL','M','1984-08-18','+5093664-0974 ',NULL,'','Single','No','Haitian',NULL,'Courjolles',NULL,NULL,NULL,'2014-05-01','',15,26,NULL,'HTG',11000.00,0,'','',599.99000,1.85998,0,0.00000,0.00000,0.00000,1589.99000,0.00000,0.00000,9410.01000,1211.85998,0.00000,0.00000),(213,1,'Dlo Haiti Operations S.A.','177, Rue Faubert','addres453','Petionville','99','3054071346','1239877896','alexandra@dlohaiti.com','1.50',11,'March - 2015','2015-03-02','2015-03-31',49,'004-996-954-6',6,'Trike Driver',5,'Operations',4,'KIOSK 4',12,'Terre Chaude',1,'FullTime',2,'DHOSA 100%','Ronald','DOMINGUE','M','1989-07-07','',NULL,'','Single','No','Haitian','Terre Chaude','Cabaret','',NULL,'Haïti','2014-10-01','',15,26,NULL,'HTG',10000.00,0,'','',374.99000,1.34998,0,0.00000,0.00000,0.00000,1274.99000,0.00000,0.00000,8725.01000,1101.34998,0.00000,0.00000),(214,1,'Dlo Haiti Operations S.A.','177, Rue Faubert','addres453','Petionville','99','3054071346','1239877896','alexandra@dlohaiti.com','1.50',11,'March - 2015','2015-03-02','2015-03-31',56,'005-598-260-0',25,'Human Ressources Manager',2,'HR',6,'HQ_S',1,'HQ',1,'FullTime',2,'DHOSA 100%','Guerdy Saint Louis','FAUSTIN','F','1980-07-12','+5094891-5570',NULL,'guerdy@dlohaiti.com','Married','No','Haitian',NULL,'Vivi Mitchel',NULL,NULL,NULL,'2014-08-11','',0,22,NULL,'HTG',157500.00,0,'','',37583.27000,84.61654,0,0.00000,0.00000,0.00000,51758.27000,0.00000,0.00000,105741.73000,17409.61654,0.00000,0.00000),(215,1,'Dlo Haiti Operations S.A.','177, Rue Faubert','addres453','Petionville','99','3054071346','1239877896','alexandra@dlohaiti.com','1.50',11,'March - 2015','2015-03-02','2015-03-31',34,'006-993-310-4',6,'Trike Driver',5,'Operations',3,'KIOSK 3',6,'Courjolle',1,'FullTime',2,'DHOSA 100%','Jean Frantz','LOUIS JEUNE','M','1976-06-10','+5093895-2665',NULL,'','Married','No','Haitian',NULL,'Courjolles',NULL,NULL,NULL,'2014-10-01','',15,26,NULL,'HTG',10000.00,0,'','',374.99000,1.34998,0,0.00000,0.00000,0.00000,1274.99000,0.00000,0.00000,8725.01000,1101.34998,0.00000,0.00000),(216,1,'Dlo Haiti Operations S.A.','177, Rue Faubert','addres453','Petionville','99','3054071346','1239877896','alexandra@dlohaiti.com','1.50',11,'March - 2015','2015-03-02','2015-03-31',5,'007-851-146-3',3,'Procurement Assistant',1,'Finance',6,'HQ_S',1,'HQ',1,'FullTime',2,'DHOSA 100%','Nicolas','ANTONIO','M','1984-11-07','(+509) 4890 0754',NULL,'antonio@dlo.ht','Single','No','Haitian',NULL,'',NULL,NULL,NULL,'2014-07-27','',5,22,NULL,'HTG',41795.00,0,'','',4948.71000,12.40512,0,0.00000,0.00000,0.00000,8710.26000,0.00000,0.00000,33084.74000,4609.85512,0.00000,0.00000),(217,1,'Dlo Haiti Operations S.A.','177, Rue Faubert','addres453','Petionville','99','3054071346','1239877896','alexandra@dlohaiti.com','1.50',11,'March - 2015','2015-03-02','2015-03-31',29,'008-748-475-3',16,'Kiosk Manager',5,'Operations',3,'KIOSK 3',6,'Courjolle',1,'FullTime',2,'DHOSA 100%','Pierre Ronald','DEROSIERS','M','1978-05-10','+5093609-8731',NULL,'courjolles3@dlo.ht','Married','No','Haitian',NULL,'COURJOLLES',NULL,NULL,NULL,'2014-05-01','',15,26,NULL,'HTG',22000.00,0,'','',1799.98000,4.91996,0,0.00000,0.00000,0.00000,3779.98000,0.00000,0.00000,18220.02000,2424.91996,0.00000,0.00000),(218,1,'Dlo Haiti Operations S.A.','177, Rue Faubert','addres453','Petionville','99','3054071346','1239877896','alexandra@dlohaiti.com','1.50',11,'March - 2015','2015-03-02','2015-03-31',52,'01-01-99-1982-10-00931',12,'Kiosk Assistant',5,'Operations',8,'Kiosk 5',5,'Santo19',1,'FullTime',2,'DHOSA 100%','Reginald','LEGER','M','0000-00-00','+5093470-8508',NULL,'','Single','No','Haitian',NULL,'Saintard',NULL,NULL,NULL,'2014-09-22','',15,26,NULL,'HTG',11000.00,0,'','',599.99000,1.85998,0,0.00000,0.00000,0.00000,1589.99000,0.00000,0.00000,9410.01000,1211.85998,0.00000,0.00000),(219,1,'Dlo Haiti Operations S.A.','177, Rue Faubert','addres453','Petionville','99','3054071346','1239877896','alexandra@dlohaiti.com','1.50',11,'March - 2015','2015-03-02','2015-03-31',21,'01-01-99-1984-08-00746',16,'Kiosk Manager',5,'Operations',1,'KIOSK 1',2,'Saintard',1,'FullTime',2,'DHOSA 100%','Maudeline','THOMAS','F','1984-08-11','+5093743-1849',NULL,'saintard1@dlo.ht','Single','No','Haitian',NULL,'Saintard',NULL,NULL,NULL,'2014-05-01','',15,26,NULL,'HTG',22000.00,0,'','',1799.98000,4.91996,0,0.00000,0.00000,0.00000,3779.98000,0.00000,0.00000,18220.02000,2424.91996,0.00000,0.00000),(220,1,'Dlo Haiti Operations S.A.','177, Rue Faubert','addres453','Petionville','99','3054071346','1239877896','alexandra@dlohaiti.com','1.50',11,'March - 2015','2015-03-02','2015-03-31',50,'01-01-99-1984-12-00738',16,'Kiosk Manager',5,'Operations',8,'Kiosk 5',5,'Santo19',1,'FullTime',2,'DHOSA 100%','Ronald','VOLMAR','M','1984-12-03','+5093796-1488',NULL,'santo5@dlo.ht','Single','No','Haitian',NULL,'Santo',NULL,NULL,NULL,'2014-09-22','',15,26,NULL,'HTG',22000.00,0,'','',1799.98000,4.91996,0,0.00000,0.00000,0.00000,3779.98000,0.00000,0.00000,18220.02000,2424.91996,0.00000,0.00000),(221,1,'Dlo Haiti Operations S.A.','177, Rue Faubert','addres453','Petionville','99','3054071346','1239877896','alexandra@dlohaiti.com','1.50',11,'March - 2015','2015-03-02','2015-03-31',7,'01-01-99-1988-07-00659',9,'Community Marketing Manager',8,'Marketing',5,'HQ_O',1,'HQ',1,'FullTime',2,'DHOSA 100%','Romeus','LEONE','M','1988-07-13','(+509) 4890 0744',NULL,'leone@dlo.ht','Single','No','Haitian',NULL,'',NULL,NULL,NULL,'2013-11-01','',15,22,NULL,'HTG',67950.00,0,'','',11487.46000,27.05192,0,0.00000,0.00000,0.00000,17602.96000,0.00000,0.00000,50347.04000,7501.55192,0.00000,0.00000),(222,1,'Dlo Haiti Operations S.A.','177, Rue Faubert','addres453','Petionville','99','3054071346','1239877896','alexandra@dlohaiti.com','1.50',11,'March - 2015','2015-03-02','2015-03-31',6,'01-01-99-1988-12-00886',8,'Operations Coordinator',5,'Operations',6,'HQ_S',1,'HQ',1,'FullTime',2,'DHOSA 100%','Raoul Moliere','AMISIAL','M','1988-12-30','(+509) 3855 7702',NULL,'raoul@dlo.ht','Single','No','Haitian',NULL,'',NULL,NULL,NULL,'2014-07-01','',15,22,NULL,'HTG',90000.00,0,'','',17333.27000,40.06654,0,0.00000,0.00000,0.00000,25433.27000,0.00000,0.00000,64566.73000,9940.06654,0.00000,0.00000),(223,1,'Dlo Haiti Operations S.A.','177, Rue Faubert','addres453','Petionville','99','3054071346','1239877896','alexandra@dlohaiti.com','1.50',11,'March - 2015','2015-03-02','2015-03-31',38,'01-01-99-1992-05-00165',27,'Community Marketing Assistant',5,'Operations',7,'REGION 1 ',0,NULL,1,'FullTime',2,'DHOSA 100%','Oradma','ROBERT','F','1992-05-31','+5094475-3205',NULL,'','Single','No','Haitian',NULL,'',NULL,NULL,NULL,'2014-09-22','',15,26,NULL,'HTG',22000.00,0,'','',1799.98000,4.91996,0,0.00000,0.00000,0.00000,3779.98000,0.00000,0.00000,18220.02000,2424.91996,0.00000,0.00000),(224,1,'Dlo Haiti Operations S.A.','177, Rue Faubert','addres453','Petionville','99','3054071346','1239877896','alexandra@dlohaiti.com','1.50',11,'March - 2015','2015-03-02','2015-03-31',30,'01-02-99-1984-10-00131',11,'Kiosk Operator',5,'Operations',3,'KIOSK 3',6,'Courjolle',1,'FullTime',2,'DHOSA 100%','Stive','DELIUS','M','1984-10-17','+5093749-6039',NULL,'','Single','No','Haitian',NULL,'Courjolles',NULL,NULL,NULL,'2014-05-01','',15,26,NULL,'HTG',17600.00,0,'','',1259.99000,3.57598,0,0.00000,0.00000,0.00000,2843.99000,0.00000,0.00000,14756.01000,1939.57598,0.00000,0.00000),(225,1,'Dlo Haiti Operations S.A.','177, Rue Faubert','addres453','Petionville','99','3054071346','1239877896','alexandra@dlohaiti.com','1.50',11,'March - 2015','2015-03-02','2015-03-31',53,'01-02-99-1987-12-00163',12,'Kiosk Assistant',5,'Operations',8,'Kiosk 5',5,'Santo19',1,'FullTime',2,'DHOSA 100%','Marvens','RENFORT','M','1987-12-29','+5093710-2938',NULL,'','Single','No','Haitian',NULL,'Santo',NULL,NULL,NULL,'2014-09-22','',15,26,NULL,'HTG',11000.00,0,'','',599.99000,1.85998,0,0.00000,0.00000,0.00000,1589.99000,0.00000,0.00000,9410.01000,1211.85998,0.00000,0.00000),(226,1,'Dlo Haiti Operations S.A.','177, Rue Faubert','addres453','Petionville','99','3054071346','1239877896','alexandra@dlohaiti.com','1.50',11,'March - 2015','2015-03-02','2015-03-31',17,'01-04-99-1981-01-00057',15,'Plumber',4,'Technical',5,'HQ_O',1,'HQ',1,'FullTime',2,'DHOSA 100%','Sorel','MASSILON','M','1981-01-17','',NULL,'','Married','No','Haitian',NULL,'',NULL,NULL,NULL,'2014-11-17','',15,26,NULL,'HTG',29247.00,0,'','',1680.96000,5.11674,0,0.00000,0.00000,0.00000,4313.19000,0.00000,0.00000,24933.81000,3222.28674,0.00000,0.00000),(227,1,'Dlo Haiti Operations S.A.','177, Rue Faubert','addres453','Petionville','99','3054071346','1239877896','alexandra@dlohaiti.com','1.50',11,'March - 2015','2015-03-02','2015-03-31',54,'01-10-99-1974-56-00011',12,'Kiosk Assistant',5,'Operations',8,'Kiosk 5',5,'Santo19',1,'FullTime',2,'DHOSA 100%','Marie Myrtha','DENAU','F','1974-06-06','',NULL,'','Single','No','Haitian',NULL,'Saintard',NULL,NULL,NULL,'2014-09-22','',15,26,NULL,'HTG',11000.00,0,'','',599.99000,1.85998,0,0.00000,0.00000,0.00000,1589.99000,0.00000,0.00000,9410.01000,1211.85998,0.00000,0.00000),(228,1,'Dlo Haiti Operations S.A.','177, Rue Faubert','addres453','Petionville','99','3054071346','1239877896','alexandra@dlohaiti.com','1.50',11,'March - 2015','2015-03-02','2015-03-31',22,'01-15-99-1968-05-00021',16,'Kiosk Manager',5,'Operations',2,'KIOSK 2',4,'Corail',1,'FullTime',2,'DHOSA 100%','Miranda','SAINT LOUIS','M','1968-05-15','+5093687-3898',NULL,'corail2@dlo.ht','Married','No','Haitian',NULL,'Corail',NULL,NULL,NULL,'2014-05-01','',15,26,NULL,'HTG',22000.00,0,'','',1799.98000,4.91996,0,0.00000,0.00000,0.00000,3779.98000,0.00000,0.00000,18220.02000,2424.91996,0.00000,0.00000),(229,1,'Dlo Haiti Operations S.A.','177, Rue Faubert','addres453','Petionville','99','3054071346','1239877896','alexandra@dlohaiti.com','1.50',11,'March - 2015','2015-03-02','2015-03-31',43,'01-15-99-1970-09-00062',28,'Guardian',5,'Operations',7,'REGION 1 ',0,NULL,1,'FullTime',2,'DHOSA 100%','Pierre Jenks Levelt','LAMARRE','M','1970-09-01','',NULL,'','Single','No','Haitian',NULL,'Courjolles',NULL,NULL,NULL,'2014-09-01','',15,26,NULL,'HTG',10000.00,0,'','',499.99000,1.59998,0,0.00000,0.00000,0.00000,1399.99000,0.00000,0.00000,8600.01000,1101.59998,0.00000,0.00000),(230,1,'Dlo Haiti Operations S.A.','177, Rue Faubert','addres453','Petionville','99','3054071346','1239877896','alexandra@dlohaiti.com','1.50',11,'March - 2015','2015-03-02','2015-03-31',31,'01-15-99-1973-03-00063',12,'Kiosk Assistant',5,'Operations',3,'KIOSK 3',6,'Courjolle',1,'FullTime',2,'DHOSA 100%','Pierre Widens','LAMARRE','M','1973-03-29','+5093651-1671',NULL,'','Married','No','Haitian',NULL,'Courjolles',NULL,NULL,NULL,'2014-05-01','',15,26,NULL,'HTG',11000.00,0,'','',599.99000,1.85998,0,0.00000,0.00000,0.00000,1589.99000,0.00000,0.00000,9410.01000,1211.85998,0.00000,0.00000),(231,1,'Dlo Haiti Operations S.A.','177, Rue Faubert','addres453','Petionville','99','3054071346','1239877896','alexandra@dlohaiti.com','1.50',11,'March - 2015','2015-03-02','2015-03-31',3,'01-15-99-1973-03-00105',7,'Regionl Manager',5,'Operations',7,'REGION 1 ',0,NULL,1,'FullTime',2,'DHOSA 100%','Dorsainville','PIERRE SAINVIL','M','0000-00-00','(+509) 3862 7939',NULL,'regional1@dlo.ht','Married','No','Haitian',NULL,'SAINTARD',NULL,NULL,NULL,'2013-10-01','',15,26,NULL,'HTG',47750.00,0,'','',6437.46000,15.73992,0,0.00000,0.00000,0.00000,10734.96000,0.00000,0.00000,37015.04000,5268.23992,0.00000,0.00000),(232,1,'Dlo Haiti Operations S.A.','177, Rue Faubert','addres453','Petionville','99','3054071346','1239877896','alexandra@dlohaiti.com','1.50',11,'March - 2015','2015-03-02','2015-03-31',11,'01-15-99-1981-07-00029',12,'Kiosk Assistant',5,'Operations',1,'KIOSK 1',2,'Saintard',1,'FullTime',2,'DHOSA 100%','Solail','JEAN BAPTISTE','M','1981-07-10','',NULL,'','Single','No','Haitian',NULL,'',NULL,NULL,NULL,'2013-10-01','',15,26,NULL,'HTG',11000.00,0,'','',599.99000,1.85998,0,0.00000,0.00000,0.00000,1589.99000,0.00000,0.00000,9410.01000,1211.85998,0.00000,0.00000),(233,1,'Dlo Haiti Operations S.A.','177, Rue Faubert','addres453','Petionville','99','3054071346','1239877896','alexandra@dlohaiti.com','1.50',11,'March - 2015','2015-03-02','2015-03-31',41,'01-15-99-1981-11-00041',12,'Kiosk Assistant',5,'Operations',7,'REGION 1 ',0,NULL,1,'FullTime',2,'DHOSA 100%','Jean Junior','TOUSSAINT','M','0000-00-00','',NULL,'','Married','No','Haitian',NULL,'',NULL,NULL,NULL,'2014-05-01','',15,26,NULL,'HTG',11000.00,0,'','',599.99000,1.85998,0,0.00000,0.00000,0.00000,1589.99000,0.00000,0.00000,9410.01000,1211.85998,0.00000,0.00000),(234,1,'Dlo Haiti Operations S.A.','177, Rue Faubert','addres453','Petionville','99','3054071346','1239877896','alexandra@dlohaiti.com','1.50',11,'March - 2015','2015-03-02','2015-03-31',26,'01-15-99-1983-06-00164',12,'Kiosk Assistant',5,'Operations',2,'KIOSK 2',4,'Corail',1,'FullTime',2,'DHOSA 100%','Jean Remy','PIERRE','M','1983-06-16','+5093632-0845',NULL,'','Single','No','Haitian',NULL,'Corail',NULL,NULL,NULL,'2014-05-01','',15,26,NULL,'HTG',11000.00,0,'','',599.99000,1.85998,0,0.00000,0.00000,0.00000,1589.99000,0.00000,0.00000,9410.01000,1211.85998,0.00000,0.00000),(235,1,'Dlo Haiti Operations S.A.','177, Rue Faubert','addres453','Petionville','99','3054071346','1239877896','alexandra@dlohaiti.com','1.50',11,'March - 2015','2015-03-02','2015-03-31',12,'01-15-99-1985-03-00093',12,'Kiosk Assistant',5,'Operations',1,'KIOSK 1',2,'Saintard',1,'FullTime',2,'DHOSA 100%','Jeune','VALENTIN','M','1985-03-15','',NULL,'saintard1@dlo.ht','Married','No','Haitian',NULL,'',NULL,NULL,NULL,'2013-10-01','',15,26,NULL,'HTG',11000.00,0,'','',599.99000,1.85998,0,0.00000,0.00000,0.00000,1589.99000,0.00000,0.00000,9410.01000,1211.85998,0.00000,0.00000),(236,1,'Dlo Haiti Operations S.A.','177, Rue Faubert','addres453','Petionville','99','3054071346','1239877896','alexandra@dlohaiti.com','1.50',11,'March - 2015','2015-03-02','2015-03-31',27,'01-15-99-1988-01-00072',6,'Trike Driver',5,'Operations',2,'KIOSK 2',4,'Corail',1,'FullTime',2,'DHOSA 100%','Frandy','DORVIL','M','1988-01-06','+5093723-9488',NULL,'','Single','No','Haitian',NULL,'Corail',NULL,NULL,NULL,'2014-07-16','',15,26,NULL,'HTG',10000.00,0,'','',499.99000,1.59998,0,0.00000,0.00000,0.00000,1399.99000,0.00000,0.00000,8600.01000,1101.59998,0.00000,0.00000),(237,1,'Dlo Haiti Operations S.A.','177, Rue Faubert','addres453','Petionville','99','3054071346','1239877896','alexandra@dlohaiti.com','1.50',11,'March - 2015','2015-03-02','2015-03-31',10,'01-15-99-1989-01-00009',11,'Kiosk Operator',5,'Operations',1,'KIOSK 1',2,'Saintard',1,'FullTime',2,'DHOSA 100%','Daphmar','ARMAND','F','1989-01-24','',NULL,'','Married','No','Haitian',NULL,'',NULL,NULL,NULL,'2013-10-01','',15,26,NULL,'HTG',17600.00,0,'','',1259.99000,3.57598,0,0.00000,0.00000,0.00000,2843.99000,0.00000,0.00000,14756.01000,1939.57598,0.00000,0.00000),(238,1,'Dlo Haiti Operations S.A.','177, Rue Faubert','addres453','Petionville','99','3054071346','1239877896','alexandra@dlohaiti.com','1.50',11,'March - 2015','2015-03-02','2015-03-31',40,'01-15-99-1989-10-00051',0,NULL,0,NULL,0,NULL,0,NULL,0,NULL,0,NULL,'Farah','EUCHER','F','1989-10-27','+5093617-3463',NULL,'','Single','No','Haitian',NULL,'#11, Mitan, Arcahaie',NULL,NULL,NULL,'2014-02-15','',15,26,NULL,'HTG',17600.00,0,'','',0.00000,0.00000,0,0.00000,0.00000,0.00000,0.00000,0.00000,0.00000,17600.00000,0.00000,0.00000,0.00000),(239,1,'Dlo Haiti Operations S.A.','177, Rue Faubert','addres453','Petionville','99','3054071346','1239877896','alexandra@dlohaiti.com','1.50',11,'March - 2015','2015-03-02','2015-03-31',20,'01-15-99-1990-03-00144',16,'Kiosk Manager',5,'Operations',1,'KIOSK 1',0,NULL,1,'FullTime',2,'DHOSA 100%','Carlos','JOSEPH','M','1990-03-03','+5093439-8768',NULL,'','Single','No','Haitian',NULL,'Saintard',NULL,NULL,NULL,'2014-03-01','',15,26,NULL,'HTG',10000.00,0,'','',499.99000,1.59998,0,0.00000,0.00000,0.00000,1399.99000,0.00000,0.00000,8600.01000,1101.59998,0.00000,0.00000),(240,1,'Dlo Haiti Operations S.A.','177, Rue Faubert','addres453','Petionville','99','3054071346','1239877896','alexandra@dlohaiti.com','1.50',11,'March - 2015','2015-03-02','2015-03-31',28,'01-15-99-1991-02-00026',12,'Kiosk Assistant',5,'Operations',2,'KIOSK 2',0,NULL,1,'FullTime',2,'DHOSA 100%','Wisler','PIERRE LOUIS','M','1991-02-17','+5094646-7906 ',NULL,'','Single','No','Haitian',NULL,'Corail',NULL,NULL,NULL,'2014-07-15','',15,26,NULL,'HTG',10000.00,0,'','',499.99000,1.59998,0,0.00000,0.00000,0.00000,1399.99000,0.00000,0.00000,8600.01000,1101.59998,0.00000,0.00000),(241,1,'Dlo Haiti Operations S.A.','177, Rue Faubert','addres453','Petionville','99','3054071346','1239877896','alexandra@dlohaiti.com','1.50',11,'March - 2015','2015-03-02','2015-03-31',24,'01-15-99-1993-03-00040',12,'Kiosk Assistant',5,'Operations',2,'KIOSK 2',0,NULL,1,'FullTime',2,'DHOSA 100%','Dossous','ROSE-BERLINE','F','1993-03-06','+5093629-7450',NULL,'','Single','No','Haitian',NULL,'Corail',NULL,NULL,NULL,'2014-05-01','',15,26,NULL,'HTG',11000.00,0,'','',599.99000,1.85998,0,0.00000,0.00000,0.00000,1589.99000,0.00000,0.00000,9410.01000,1211.85998,0.00000,0.00000),(242,1,'Dlo Haiti Operations S.A.','177, Rue Faubert','addres453','Petionville','99','3054071346','1239877896','alexandra@dlohaiti.com','1.50',11,'March - 2015','2015-03-02','2015-03-31',47,'01-16-99-1984-02-00065',0,NULL,0,NULL,0,NULL,0,NULL,0,NULL,0,NULL,'Wilson','PAYOUTE','M','1984-02-14','+5093314-6343',NULL,'','Single','No','Haitian',NULL,'Cabaret',NULL,NULL,NULL,'2014-09-22','',15,26,NULL,'HTG',11000.00,0,'','',0.00000,0.00000,0,0.00000,0.00000,0.00000,0.00000,0.00000,0.00000,11000.00000,0.00000,0.00000,0.00000),(243,1,'Dlo Haiti Operations S.A.','177, Rue Faubert','addres453','Petionville','99','3054071346','1239877896','alexandra@dlohaiti.com','1.50',11,'March - 2015','2015-03-02','2015-03-31',44,'01-16-99-1988-09-00025',0,NULL,0,NULL,0,NULL,0,NULL,0,NULL,0,NULL,'Sainte Helene','JEAN','F','1988-09-07','+5093336-3392 ',NULL,'','Single','No','Haitian',NULL,'Cabaret',NULL,NULL,NULL,'2014-09-22','',15,26,NULL,'HTG',22000.00,0,'','',0.00000,0.00000,0,0.00000,0.00000,0.00000,0.00000,0.00000,0.00000,22000.00000,0.00000,0.00000,0.00000),(244,1,'Dlo Haiti Operations S.A.','177, Rue Faubert','addres453','Petionville','99','3054071346','1239877896','alexandra@dlohaiti.com','1.50',11,'March - 2015','2015-03-02','2015-03-31',4,'01-16-99-1989-09-00012',12,'Kiosk Assistant',5,'Operations',4,'KIOSK 4',0,NULL,1,'FullTime',2,'DHOSA 100%','Daniel','MICHAUD','F','1989-09-17','',NULL,'','Married','No','Haitian',NULL,'',NULL,NULL,NULL,'2014-12-01','',15,26,NULL,'HTG',11000.00,0,'','',243.05000,1.14610,0,0.00000,0.00000,0.00000,1233.05000,0.00000,0.00000,9766.95000,1211.14610,0.00000,0.00000),(245,1,'Dlo Haiti Operations S.A.','177, Rue Faubert','addres453','Petionville','99','3054071346','1239877896','alexandra@dlohaiti.com','1.50',11,'March - 2015','2015-03-02','2015-03-31',45,'01-16-99-1990-05-00016',0,NULL,0,NULL,0,NULL,0,NULL,0,NULL,0,NULL,'Michel Ader','LAURORE','M','1990-05-17','+50938184269',NULL,'','Single','No','Haitian',NULL,'Cabaret',NULL,NULL,NULL,'2014-09-22','',15,26,NULL,'HTG',17600.00,0,'','',0.00000,0.00000,0,0.00000,0.00000,0.00000,0.00000,0.00000,0.00000,17600.00000,0.00000,0.00000,0.00000),(246,1,'Dlo Haiti Operations S.A.','177, Rue Faubert','addres453','Petionville','99','3054071346','1239877896','alexandra@dlohaiti.com','1.50',11,'March - 2015','2015-03-02','2015-03-31',46,'01-16-99-1990-08-00009',0,NULL,0,NULL,0,NULL,0,NULL,0,NULL,0,NULL,'Juliette','FRANCOIS','F','1990-08-17','+5094331-5629',NULL,'','Single','No','Haitian',NULL,'Cabaret',NULL,NULL,NULL,'2014-09-22','',15,26,NULL,'HTG',11000.00,0,'','',0.00000,0.00000,0,0.00000,0.00000,0.00000,0.00000,0.00000,0.00000,11000.00000,0.00000,0.00000,0.00000),(247,1,'Dlo Haiti Operations S.A.','177, Rue Faubert','addres453','Petionville','99','3054071346','1239877896','alexandra@dlohaiti.com','1.50',7,'July 2015','2015-07-01','2015-07-30',48,'002-265-030-2',11,'Kiosk Operator',5,'Operations',2,'KIOSK 2',4,'Corail',1,'FullTime',2,'DHOSA 100%','Diphimar','MINISTRE','M','1985-08-31','',NULL,'','Single','No','Haitian',NULL,'Cabaret',NULL,NULL,NULL,'2014-10-01','',15,26,NULL,'HTG',22000.00,0,'','',1349.98000,4.01996,0,0.00000,0.00000,0.00000,3329.98000,0.00000,0.00000,18670.02000,2424.01996,0.00000,0.00000),(248,1,'Dlo Haiti Operations S.A.','177, Rue Faubert','addres453','Petionville','99','3054071346','1239877896','alexandra@dlohaiti.com','1.50',7,'July 2015','2015-07-01','2015-07-30',2,'002-862-095-3',2,'Finance Manager',1,'Finance',6,'HQ_S',1,'HQ',1,'FullTime',4,'DHI 60% DHOSA 40%','Alexandra Moise','SAINT ELIEN','F','1984-11-08','(+509) 48907862',NULL,'alexandra@dlohaiti.c','Married','No','American',NULL,'',NULL,NULL,NULL,'2014-06-01','',15,22,NULL,'HTG',225000.00,0,'','',17333.27000,39.52654,0,0.00000,0.00000,0.00000,24623.27000,0.00000,6950.00000,193426.73000,8949.52654,0.00000,0.00000),(249,1,'Dlo Haiti Operations S.A.','177, Rue Faubert','addres453','Petionville','99','3054071346','1239877896','alexandra@dlohaiti.com','1.50',7,'July 2015','2015-07-01','2015-07-30',13,'003-438-453-3',23,'Manager Adjoint de Construction ',3,'Construction',6,'HQ_S',1,'HQ',1,'FullTime',2,'DHOSA 100%','Augustin','CENE','M','1972-07-18','(+509) 4894-2711',NULL,'procurement@dlo.ht','Single','No','Haitian',NULL,'',NULL,NULL,NULL,'2014-01-05','',0,22,NULL,'HTG',125000.00,0,'','',27833.27000,62.41654,0,0.00000,0.00000,0.00000,37958.27000,0.00000,0.00000,87041.73000,12437.41654,0.00000,0.00000),(250,1,'Dlo Haiti Operations S.A.','177, Rue Faubert','addres453','Petionville','99','3054071346','1239877896','alexandra@dlohaiti.com','1.50',7,'July 2015','2015-07-01','2015-07-30',58,'003-529-420-7',20,'HQ Driver',6,'Administrative',5,'HQ_O',1,'HQ',0,NULL,2,'DHOSA 100%','Marco Mirvil','SAJUSTE','M','1969-07-16','+5094890-0778','','mirvil2227@gmail.com','Married','No','Haitian',NULL,'',NULL,NULL,NULL,'2013-04-01','',15,26,NULL,'HTG',21563.00,0,'','',1734.43000,4.76264,0,0.00000,0.00000,0.00000,3675.10000,0.00000,285.40000,17602.50000,2376.69264,285.40000,0.00000),(251,1,'Dlo Haiti Operations S.A.','177, Rue Faubert','addres453','Petionville','99','3054071346','1239877896','alexandra@dlohaiti.com','1.50',7,'July 2015','2015-07-01','2015-07-30',16,'003-545-542-8',15,'Plumber',4,'Technical',6,'HQ_S',1,'HQ',1,'FullTime',2,'DHOSA 100%','Jean Rene','LAMOUR','M','1972-01-10','(+509) 3872-3912',NULL,'','Married','No','Haitian',NULL,'',NULL,NULL,NULL,'2014-11-17','',15,26,NULL,'HTG',29247.00,0,'','',1680.96000,5.11674,0,0.00000,0.00000,0.00000,4313.19000,0.00000,0.00000,24933.81000,3222.28674,0.00000,0.00000),(252,1,'Dlo Haiti Operations S.A.','177, Rue Faubert','addres453','Petionville','99','3054071346','1239877896','alexandra@dlohaiti.com','1.50',7,'July 2015','2015-07-01','2015-07-30',18,'003-585-766-0',6,'Trike Driver',5,'Operations',1,'KIOSK 1',2,'Saintard',1,'FullTime',2,'DHOSA 100%','Alierist','WILMINSE','M','1992-07-25','+5093411-5263 ',NULL,'','Single','No','Haitian',NULL,'Saintard',NULL,NULL,NULL,'2013-10-01','',15,26,NULL,'HTG',11000.00,0,'','',599.99000,1.85998,0,0.00000,0.00000,0.00000,1589.99000,0.00000,0.00000,9410.01000,1211.85998,0.00000,0.00000),(253,1,'Dlo Haiti Operations S.A.','177, Rue Faubert','addres453','Petionville','99','3054071346','1239877896','alexandra@dlohaiti.com','1.50',7,'July 2015','2015-07-01','2015-07-30',59,'003-664-705-9',20,'HQ Driver',6,'Administrative',5,'HQ_O',1,'HQ',1,'FullTime',2,'DHOSA 100%','Fritz','JEAN PIERRE','M','1968-09-07','+5094891-5580',NULL,'fritzjp68@gmail.com','Married','No','Haitian',NULL,'47, Impasse Fraicheur, Sarthe 45',NULL,NULL,NULL,'2014-08-05','',15,26,NULL,'HTG',23976.00,0,'','',2096.38000,5.63132,0,0.00000,0.00000,0.00000,4254.22000,0.00000,0.00000,19721.78000,2642.99132,0.00000,0.00000),(254,1,'Dlo Haiti Operations S.A.','177, Rue Faubert','addres453','Petionville','99','3054071346','1239877896','alexandra@dlohaiti.com','1.50',7,'July 2015','2015-07-01','2015-07-30',19,'003-818-949-6',6,'Trike Driver',5,'Operations',1,'KIOSK 1',2,'Saintard',1,'FullTime',2,'DHOSA 100%','Pierre Louis','LAROCHELLE','M','1968-08-23','+5093697-1701',NULL,'','Married','No','Haitian',NULL,'SAINTARD',NULL,NULL,NULL,'2014-03-01','',15,26,NULL,'HTG',10000.00,0,'','',499.99000,1.59998,0,0.00000,0.00000,0.00000,1399.99000,0.00000,26200.00000,-17599.99000,1101.59998,11200.00000,0.00000),(255,1,'Dlo Haiti Operations S.A.','177, Rue Faubert','addres453','Petionville','99','3054071346','1239877896','alexandra@dlohaiti.com','1.50',7,'July 2015','2015-07-01','2015-07-30',8,'003-974-239-9',10,'Administrative Manager',6,'Administrative',6,'HQ_S',1,'HQ',1,'FullTime',2,'DHOSA 100%','Nanoucheka','OLIS','F','1982-02-08','(+509) 4890 0740',NULL,'nolis@dlohaiti.com','Married','No','Haitian',NULL,'',NULL,NULL,NULL,'2012-04-08','',15,22,NULL,'HTG',125000.00,0,'','',27833.27000,62.41654,0,0.00000,0.00000,0.00000,37958.27000,0.00000,0.00000,87041.73000,12437.41654,0.00000,0.00000),(256,1,'Dlo Haiti Operations S.A.','177, Rue Faubert','addres453','Petionville','99','3054071346','1239877896','alexandra@dlohaiti.com','1.50',7,'July 2015','2015-07-01','2015-07-30',61,'004-151-196-6',4,'Operations Director',5,'Operations',6,'HQ_S',1,'HQ',1,'FullTime',4,'DHI 60% DHOSA 40%','Pierre Luigi','ROY','M','1975-03-14','+5093111-3111',NULL,'gino@dlohaiti.com','Married','No','French',NULL,'',NULL,NULL,NULL,'2015-03-01','',0,22,NULL,'HTG',315000.00,0,'','',4291.65000,16.14330,0,0.00000,0.00000,0.00000,15631.65000,0.00000,0.00000,299368.35000,13876.14330,0.00000,0.00000),(257,1,'Dlo Haiti Operations S.A.','177, Rue Faubert','addres453','Petionville','99','3054071346','1239877896','alexandra@dlohaiti.com','1.50',7,'July 2015','2015-07-01','2015-07-30',14,'004-256-238-1',14,'Technical Support Manager',3,'Construction',6,'HQ_S',1,'HQ',1,'FullTime',2,'DHOSA 100%','Wolfson Fedler','CAZEAU','M','1978-01-09','(+509) 4894-0158',NULL,'','Single','','Haitian',NULL,'',NULL,NULL,NULL,'2014-07-01','',15,22,NULL,'HTG',41175.00,0,'','',4793.71000,12.05792,0,0.00000,0.00000,0.00000,8499.46000,0.00000,0.00000,32675.54000,4541.30792,0.00000,0.00000),(258,1,'Dlo Haiti Operations S.A.','177, Rue Faubert','addres453','Petionville','99','3054071346','1239877896','alexandra@dlohaiti.com','1.50',7,'July 2015','2015-07-01','2015-07-30',15,'004-263-573-6',15,'Plumber',4,'Technical',6,'HQ_S',1,'HQ',1,'FullTime',2,'DHOSA 100%','Pascale','MERSAN','F','1980-10-04','(+509) 4894-0158',NULL,'pascale@dlohaiti.com','Married','No','Haitian',NULL,'',NULL,NULL,NULL,'2014-01-13','',0,22,NULL,'HTG',147750.00,0,'','',34658.27000,77.29504,0,0.00000,0.00000,0.00000,46626.02000,0.00000,0.00000,101123.98000,14704.54504,0.00000,0.00000),(259,1,'Dlo Haiti Operations S.A.','177, Rue Faubert','addres453','Petionville','99','3054071346','1239877896','alexandra@dlohaiti.com','1.50',7,'July 2015','2015-07-01','2015-07-30',39,'004-327-161-2',24,'Regional Technician',4,'Technical',7,'REGION 1 ',0,NULL,1,'FullTime',2,'DHOSA 100%','Marc-philippe','ESTIVERNE','M','1980-11-09','+5094894-0157',NULL,'','Single','No','Haitian',NULL,'#29, Saintard Arcahaie',NULL,NULL,NULL,'2014-06-16','',15,26,NULL,'HTG',17600.00,0,'','',1259.99000,3.57598,0,0.00000,0.00000,0.00000,2843.99000,0.00000,0.00000,14756.01000,1939.57598,0.00000,0.00000),(260,1,'Dlo Haiti Operations S.A.','177, Rue Faubert','addres453','Petionville','99','3054071346','1239877896','alexandra@dlohaiti.com','1.50',7,'July 2015','2015-07-01','2015-07-30',1,'004-345-943-2',1,'Finance Assistant',1,'Finance',6,'HQ_S',1,'HQ',1,'FullTime',2,'DHOSA 100%','Karl Olivier','MEDE','M','1989-03-04','(+509)4846 5887',NULL,'medekarl@gmail.com','Single','No','Haitian',NULL,'',NULL,NULL,NULL,'2012-07-01','',15,26,NULL,'HTG',65000.00,0,'','',10749.96000,25.39992,0,0.00000,0.00000,0.00000,16599.96000,0.00000,0.00000,48400.04000,7175.39992,0.00000,0.00000),(261,1,'Dlo Haiti Operations S.A.','177, Rue Faubert','addres453','Petionville','99','3054071346','1239877896','alexandra@dlohaiti.com','1.50',7,'July 2015','2015-07-01','2015-07-30',36,'004-409-452-2',0,NULL,5,'Operations',5,'HQ_O',1,'HQ',0,NULL,0,NULL,'Woodlee','ABELARD','M','2014-05-03','+5094890-0746',NULL,'wqt_region1@dlo.ht','Single','No','Haitian',NULL,'',NULL,NULL,NULL,'2014-10-16','',15,26,NULL,'HTG',69125.00,0,'','',0.00000,0.00000,0,0.00000,0.00000,0.00000,0.00000,0.00000,0.00000,69125.00000,0.00000,0.00000,0.00000),(262,1,'Dlo Haiti Operations S.A.','177, Rue Faubert','addres453','Petionville','99','3054071346','1239877896','alexandra@dlohaiti.com','1.50',7,'July 2015','2015-07-01','2015-07-30',42,'004-474-026-3',12,'Kiosk Assistant',5,'Operations',7,'REGION 1 ',0,NULL,1,'FullTime',2,'DHOSA 100%','Wilkien','THOMAS','M','1980-08-01','',NULL,'','Single','No','Haitian',NULL,'567, Carrefour Damier, Cabaret',NULL,NULL,NULL,'2015-02-02','',15,26,NULL,'HTG',11000.00,0,'','',97.22000,0.85444,0,0.00000,0.00000,0.00000,1087.22000,0.00000,0.00000,9912.78000,1210.85444,0.00000,0.00000),(263,1,'Dlo Haiti Operations S.A.','177, Rue Faubert','addres453','Petionville','99','3054071346','1239877896','alexandra@dlohaiti.com','1.50',7,'July 2015','2015-07-01','2015-07-30',25,'004-494-531-5',12,'Kiosk Assistant',5,'Operations',2,'KIOSK 2',4,'Corail',1,'FullTime',2,'DHOSA 100%','Luckson','IMBERT','M','1984-08-21','+5093485-5175',NULL,'','Single','No','Haitian',NULL,'Corail',NULL,NULL,NULL,'2014-05-01','',15,26,NULL,'HTG',11000.00,0,'','',599.99000,1.85998,0,0.00000,0.00000,0.00000,1589.99000,0.00000,0.00000,9410.01000,1211.85998,0.00000,0.00000),(264,1,'Dlo Haiti Operations S.A.','177, Rue Faubert','addres453','Petionville','99','3054071346','1239877896','alexandra@dlohaiti.com','1.50',7,'July 2015','2015-07-01','2015-07-30',23,'004-504-598-5',12,'Kiosk Assistant',5,'Operations',2,'KIOSK 2',4,'Corail',1,'FullTime',2,'DHOSA 100%','Rouby','MARCELLUS','M','1988-02-18','+5093102-2349',NULL,'','Single','No','Haitian',NULL,'Corail',NULL,NULL,NULL,'2014-05-01','',15,26,NULL,'HTG',17600.00,0,'','',1259.99000,3.57598,0,0.00000,0.00000,0.00000,2843.99000,0.00000,0.00000,14756.01000,1939.57598,0.00000,0.00000),(265,1,'Dlo Haiti Operations S.A.','177, Rue Faubert','addres453','Petionville','99','3054071346','1239877896','alexandra@dlohaiti.com','1.50',7,'July 2015','2015-07-01','2015-07-30',51,'004-653-162-8',11,'Kiosk Operator',5,'Operations',8,'Kiosk 5',5,'Santo19',1,'FullTime',2,'DHOSA 100%','Eder Frantz','CLEMENT','M','1987-11-23','+5094472-8174 ',NULL,'','Single','No','Haitian',NULL,'SANTO',NULL,NULL,NULL,'2014-09-22','',15,26,NULL,'HTG',17600.00,0,'','',1259.99000,3.57598,0,0.00000,0.00000,0.00000,2843.99000,0.00000,0.00000,14756.01000,1939.57598,0.00000,0.00000),(266,1,'Dlo Haiti Operations S.A.','177, Rue Faubert','addres453','Petionville','99','3054071346','1239877896','alexandra@dlohaiti.com','1.50',7,'July 2015','2015-07-01','2015-07-30',60,'004-709-190-3',9,'Community Marketing Manager',5,'Operations',14,'Region 3',11,'Cite Soleil',1,'FullTime',2,'DHOSA 100%','Mackenson','POLIFRANC','M','1983-12-11','+5094890-7447',NULL,'polifranc.mackenson@','Married','No','Haitian',NULL,'316, Soleil 19b, Port-au-prince',NULL,NULL,NULL,'2013-02-14','',15,26,NULL,'HTG',22000.00,0,'','',1799.98000,4.91996,0,0.00000,0.00000,0.00000,3779.98000,0.00000,0.00000,18220.02000,2424.91996,0.00000,0.00000),(267,1,'Dlo Haiti Operations S.A.','177, Rue Faubert','addres453','Petionville','99','3054071346','1239877896','alexandra@dlohaiti.com','1.50',7,'July 2015','2015-07-01','2015-07-30',33,'004-730-031-2',12,'Kiosk Assistant',5,'Operations',3,'KIOSK 3',6,'Courjolle',1,'FullTime',2,'DHOSA 100%','Marc Fedner','RAPHAEL','M','1984-08-18','+5093664-0974 ',NULL,'','Single','No','Haitian',NULL,'Courjolles',NULL,NULL,NULL,'2014-05-01','',15,26,NULL,'HTG',11000.00,0,'','',599.99000,1.85998,0,0.00000,0.00000,0.00000,1589.99000,0.00000,0.00000,9410.01000,1211.85998,0.00000,0.00000),(268,1,'Dlo Haiti Operations S.A.','177, Rue Faubert','addres453','Petionville','99','3054071346','1239877896','alexandra@dlohaiti.com','1.50',7,'July 2015','2015-07-01','2015-07-30',49,'004-996-954-6',6,'Trike Driver',5,'Operations',4,'KIOSK 4',12,'Terre Chaude',1,'FullTime',2,'DHOSA 100%','Ronald','DOMINGUE','M','1989-07-07','',NULL,'','Single','No','Haitian','Terre Chaude','Cabaret','',NULL,'Haïti','2014-10-01','',15,26,NULL,'HTG',10000.00,0,'','',374.99000,1.34998,0,0.00000,0.00000,0.00000,1274.99000,0.00000,0.00000,8725.01000,1101.34998,0.00000,0.00000),(269,1,'Dlo Haiti Operations S.A.','177, Rue Faubert','addres453','Petionville','99','3054071346','1239877896','alexandra@dlohaiti.com','1.50',7,'July 2015','2015-07-01','2015-07-30',56,'005-598-260-0',25,'Human Ressources Manager',2,'HR',6,'HQ_S',1,'HQ',1,'FullTime',2,'DHOSA 100%','Guerdy Saint Louis','FAUSTIN','F','1980-07-12','+5094891-5570',NULL,'guerdy@dlohaiti.com','Married','No','Haitian',NULL,'Vivi Mitchel',NULL,NULL,NULL,'2014-08-11','',0,22,NULL,'HTG',175000.00,0,'','',42833.27000,95.11654,0,0.00000,0.00000,0.00000,57008.27000,0.00000,0.00000,117991.73000,17420.11654,0.00000,0.00000),(270,1,'Dlo Haiti Operations S.A.','177, Rue Faubert','addres453','Petionville','99','3054071346','1239877896','alexandra@dlohaiti.com','1.50',7,'July 2015','2015-07-01','2015-07-30',34,'006-993-310-4',6,'Trike Driver',5,'Operations',3,'KIOSK 3',6,'Courjolle',1,'FullTime',2,'DHOSA 100%','Jean Frantz','LOUIS JEUNE','M','1976-06-10','+5093895-2665',NULL,'','Married','No','Haitian',NULL,'Courjolles',NULL,NULL,NULL,'2014-10-01','',15,26,NULL,'HTG',10000.00,0,'','',374.99000,1.34998,0,0.00000,0.00000,0.00000,1274.99000,0.00000,0.00000,8725.01000,1101.34998,0.00000,0.00000),(271,1,'Dlo Haiti Operations S.A.','177, Rue Faubert','addres453','Petionville','99','3054071346','1239877896','alexandra@dlohaiti.com','1.50',7,'July 2015','2015-07-01','2015-07-30',5,'007-851-146-3',3,'Procurement Assistant',1,'Finance',6,'HQ_S',1,'HQ',1,'FullTime',2,'DHOSA 100%','Nicolas','ANTONIO','M','1984-11-07','(+509) 4890 0754',NULL,'antonio@dlo.ht','Single','No','Haitian',NULL,'',NULL,NULL,NULL,'2014-07-27','',5,22,NULL,'HTG',41795.00,0,'','',4948.71000,12.40512,0,0.00000,0.00000,0.00000,8710.26000,0.00000,0.00000,33084.74000,4609.85512,0.00000,0.00000),(272,1,'Dlo Haiti Operations S.A.','177, Rue Faubert','addres453','Petionville','99','3054071346','1239877896','alexandra@dlohaiti.com','1.50',7,'July 2015','2015-07-01','2015-07-30',55,'008-747-081-7',6,'Trike Driver',5,'Operations',8,'Kiosk 5',5,'Santo19',1,'FullTime',2,'DHOSA 100%','Aristilde','MICLAUDE','M','1983-03-02','',NULL,'','Single','No','Haitian',NULL,'',NULL,NULL,NULL,'2015-03-23','',15,26,NULL,'HTG',10000.00,0,'','',27.78000,0.65556,0,0.00000,0.00000,0.00000,927.78000,0.00000,0.00000,9072.22000,1100.65556,0.00000,0.00000),(273,1,'Dlo Haiti Operations S.A.','177, Rue Faubert','addres453','Petionville','99','3054071346','1239877896','alexandra@dlohaiti.com','1.50',7,'July 2015','2015-07-01','2015-07-30',29,'008-748-475-3',16,'Kiosk Manager',5,'Operations',3,'KIOSK 3',6,'Courjolle',1,'FullTime',2,'DHOSA 100%','Pierre Ronald','DEROSIERS','M','1978-05-10','+5093609-8731',NULL,'courjolles3@dlo.ht','Married','No','Haitian',NULL,'COURJOLLES',NULL,NULL,NULL,'2014-05-01','',15,26,NULL,'HTG',22000.00,0,'','',1799.98000,4.91996,0,0.00000,0.00000,0.00000,3779.98000,0.00000,0.00000,18220.02000,2424.91996,0.00000,0.00000),(274,1,'Dlo Haiti Operations S.A.','177, Rue Faubert','addres453','Petionville','99','3054071346','1239877896','alexandra@dlohaiti.com','1.50',7,'July 2015','2015-07-01','2015-07-30',64,'01-01-99-1977-12-00743',26,'Finance Intern',1,'Finance',6,'HQ_S',1,'HQ',2,'Internship-Trainee',2,'DHOSA 100%','Jean Nickenson','ANTOINE','M','1990-03-30','+5094060-0141',NULL,'','Single','No','Haitian',NULL,'Cite Soleil',NULL,NULL,NULL,'2015-03-30','',15,26,NULL,'HTG',10000.00,0,'','',0.00000,0.00000,0,0.00000,0.00000,0.00000,0.00000,0.00000,0.00000,10000.00000,0.00000,0.00000,0.00000),(275,1,'Dlo Haiti Operations S.A.','177, Rue Faubert','addres453','Petionville','99','3054071346','1239877896','alexandra@dlohaiti.com','1.50',7,'July 2015','2015-07-01','2015-07-30',52,'01-01-99-1982-10-00931',12,'Kiosk Assistant',5,'Operations',8,'Kiosk 5',5,'Santo19',1,'FullTime',2,'DHOSA 100%','Reginald','LEGER','M','0000-00-00','+5093470-8508',NULL,'','Single','No','Haitian',NULL,'Saintard',NULL,NULL,NULL,'2014-09-22','',15,26,NULL,'HTG',11000.00,0,'','',599.99000,1.85998,0,0.00000,0.00000,0.00000,1589.99000,0.00000,0.00000,9410.01000,1211.85998,0.00000,0.00000),(276,1,'Dlo Haiti Operations S.A.','177, Rue Faubert','addres453','Petionville','99','3054071346','1239877896','alexandra@dlohaiti.com','1.50',7,'July 2015','2015-07-01','2015-07-30',21,'01-01-99-1984-08-00746',16,'Kiosk Manager',5,'Operations',1,'KIOSK 1',2,'Saintard',1,'FullTime',2,'DHOSA 100%','Maudeline','THOMAS','F','1984-08-11','+5093743-1849',NULL,'saintard1@dlo.ht','Single','No','Haitian',NULL,'Saintard',NULL,NULL,NULL,'2014-05-01','',15,26,NULL,'HTG',22000.00,0,'','',1799.98000,4.91996,0,0.00000,0.00000,0.00000,3779.98000,0.00000,0.00000,18220.02000,2424.91996,0.00000,0.00000),(277,1,'Dlo Haiti Operations S.A.','177, Rue Faubert','addres453','Petionville','99','3054071346','1239877896','alexandra@dlohaiti.com','1.50',7,'July 2015','2015-07-01','2015-07-30',50,'01-01-99-1984-12-00738',16,'Kiosk Manager',5,'Operations',8,'Kiosk 5',5,'Santo19',1,'FullTime',2,'DHOSA 100%','Ronald','VOLMAR','M','1984-12-03','+5093796-1488',NULL,'santo5@dlo.ht','Single','No','Haitian',NULL,'Santo',NULL,NULL,NULL,'2014-09-22','',15,26,NULL,'HTG',22000.00,0,'','',1799.98000,4.91996,0,0.00000,0.00000,0.00000,3779.98000,0.00000,0.00000,18220.02000,2424.91996,0.00000,0.00000),(278,1,'Dlo Haiti Operations S.A.','177, Rue Faubert','addres453','Petionville','99','3054071346','1239877896','alexandra@dlohaiti.com','1.50',7,'July 2015','2015-07-01','2015-07-30',7,'01-01-99-1988-07-00659',9,'Community Marketing Manager',8,'Marketing',5,'HQ_O',1,'HQ',1,'FullTime',2,'DHOSA 100%','Romeus','LEONE','M','1988-07-13','(+509) 4890 0744',NULL,'leone@dlo.ht','Single','No','Haitian',NULL,'',NULL,NULL,NULL,'2013-11-01','',15,22,NULL,'HTG',67950.00,0,'','',11487.46000,27.05192,0,0.00000,0.00000,0.00000,17602.96000,0.00000,0.00000,50347.04000,7501.55192,0.00000,0.00000),(279,1,'Dlo Haiti Operations S.A.','177, Rue Faubert','addres453','Petionville','99','3054071346','1239877896','alexandra@dlohaiti.com','1.50',7,'July 2015','2015-07-01','2015-07-30',6,'01-01-99-1988-12-00886',8,'Operations Coordinator',5,'Operations',6,'HQ_S',1,'HQ',1,'FullTime',2,'DHOSA 100%','Raoul Moliere','AMISIAL','M','1988-12-30','(+509) 3855 7702',NULL,'raoul@dlo.ht','Single','No','Haitian',NULL,'',NULL,NULL,NULL,'2014-07-01','',15,22,NULL,'HTG',90000.00,0,'','',17333.27000,40.06654,0,0.00000,0.00000,0.00000,25433.27000,0.00000,0.00000,64566.73000,9940.06654,0.00000,0.00000),(280,1,'Dlo Haiti Operations S.A.','177, Rue Faubert','addres453','Petionville','99','3054071346','1239877896','alexandra@dlohaiti.com','1.50',7,'July 2015','2015-07-01','2015-07-30',65,'01-01-99-1990-02-00567',12,'Kiosk Assistant',5,'Operations',9,'Kiosk 6',11,'Cite Soleil',1,'FullTime',2,'DHOSA 100%','Ronald','RENE','M','0000-00-00','+5094643-2317',NULL,'','Single','No','Haitian',NULL,'Cite Soleil',NULL,NULL,NULL,'2015-04-01','',15,26,NULL,'HTG',11000.00,0,'','',12.50000,0.68500,0,0.00000,0.00000,0.00000,1002.50000,0.00000,0.00000,9997.50000,1210.68500,0.00000,0.00000),(281,1,'Dlo Haiti Operations S.A.','177, Rue Faubert','addres453','Petionville','99','3054071346','1239877896','alexandra@dlohaiti.com','1.50',7,'July 2015','2015-07-01','2015-07-30',38,'01-01-99-1992-05-00165',27,'Community Marketing Assistant',5,'Operations',7,'REGION 1 ',0,NULL,1,'FullTime',2,'DHOSA 100%','Oradma','ROBERT','F','1992-05-31','+5094475-3205',NULL,'','Single','No','Haitian',NULL,'',NULL,NULL,NULL,'2014-09-22','',15,26,NULL,'HTG',22000.00,0,'','',1799.98000,4.91996,0,0.00000,0.00000,0.00000,3779.98000,0.00000,0.00000,18220.02000,2424.91996,0.00000,0.00000),(282,1,'Dlo Haiti Operations S.A.','177, Rue Faubert','addres453','Petionville','99','3054071346','1239877896','alexandra@dlohaiti.com','1.50',7,'July 2015','2015-07-01','2015-07-30',30,'01-02-99-1984-10-00131',11,'Kiosk Operator',5,'Operations',3,'KIOSK 3',6,'Courjolle',1,'FullTime',2,'DHOSA 100%','Stive','DELIUS','M','1984-10-17','+5093749-6039',NULL,'','Single','No','Haitian',NULL,'Courjolles',NULL,NULL,NULL,'2014-05-01','',15,26,NULL,'HTG',17600.00,0,'','',1259.99000,3.57598,0,0.00000,0.00000,0.00000,2843.99000,0.00000,0.00000,14756.01000,1939.57598,0.00000,0.00000),(283,1,'Dlo Haiti Operations S.A.','177, Rue Faubert','addres453','Petionville','99','3054071346','1239877896','alexandra@dlohaiti.com','1.50',7,'July 2015','2015-07-01','2015-07-30',53,'01-02-99-1987-12-00163',12,'Kiosk Assistant',5,'Operations',8,'Kiosk 5',5,'Santo19',1,'FullTime',2,'DHOSA 100%','Marvens','RENFORT','M','1987-12-29','+5093710-2938',NULL,'','Single','No','Haitian',NULL,'Santo',NULL,NULL,NULL,'2014-09-22','',15,26,NULL,'HTG',11000.00,0,'','',599.99000,1.85998,0,0.00000,0.00000,0.00000,1589.99000,0.00000,0.00000,9410.01000,1211.85998,0.00000,0.00000),(284,1,'Dlo Haiti Operations S.A.','177, Rue Faubert','addres453','Petionville','99','3054071346','1239877896','alexandra@dlohaiti.com','1.50',7,'July 2015','2015-07-01','2015-07-30',66,'01-02-99-1993-10-00625',12,'Kiosk Assistant',5,'Operations',9,'Kiosk 6',11,'Cite Soleil',1,'FullTime',2,'DHOSA 100%','Falone','JOACHIM','F','0000-00-00','+5093425-7265',NULL,'','Single','No','Haitian',NULL,'Cite Soleil',NULL,NULL,NULL,'2015-04-01','',15,26,NULL,'HTG',11000.00,0,'','',12.50000,0.68500,0,0.00000,0.00000,0.00000,1002.50000,0.00000,0.00000,9997.50000,1210.68500,0.00000,0.00000),(285,1,'Dlo Haiti Operations S.A.','177, Rue Faubert','addres453','Petionville','99','3054071346','1239877896','alexandra@dlohaiti.com','1.50',7,'July 2015','2015-07-01','2015-07-30',17,'01-04-99-1981-01-00057',15,'Plumber',4,'Technical',5,'HQ_O',1,'HQ',1,'FullTime',2,'DHOSA 100%','Sorel','MASSILON','M','1981-01-17','',NULL,'','Married','No','Haitian',NULL,'',NULL,NULL,NULL,'2014-11-17','',15,26,NULL,'HTG',29247.00,0,'','',1680.96000,NULL,0,0.00000,0.00000,0.00000,1680.96000,0.00000,0.00000,27566.04000,0.00000,0.00000,0.00000);

/*Table structure for table `subscription_plans` */

DROP TABLE IF EXISTS `subscription_plans`;

CREATE TABLE `subscription_plans` (
  `subscription_plan_id` int(11) NOT NULL AUTO_INCREMENT,
  `subscription_plan_name` varchar(100) DEFAULT NULL,
  `status` char(1) NOT NULL DEFAULT '1',
  PRIMARY KEY (`subscription_plan_id`)
) ENGINE=InnoDB AUTO_INCREMENT=2 DEFAULT CHARSET=latin1;

/*Data for the table `subscription_plans` */

insert  into `subscription_plans`(`subscription_plan_id`,`subscription_plan_name`,`status`) values (1,'Basic (Free)','1');

/*Table structure for table `user_groups` */

DROP TABLE IF EXISTS `user_groups`;

CREATE TABLE `user_groups` (
  `user_group_id` int(11) NOT NULL AUTO_INCREMENT,
  `user_group_name` varchar(100) NOT NULL,
  PRIMARY KEY (`user_group_id`)
) ENGINE=InnoDB AUTO_INCREMENT=4 DEFAULT CHARSET=latin1;

/*Data for the table `user_groups` */

insert  into `user_groups`(`user_group_id`,`user_group_name`) values (1,'Super Admin'),(2,'Clients'),(3,'Company Managers');

/*Table structure for table `users` */

DROP TABLE IF EXISTS `users`;

CREATE TABLE `users` (
  `user_id` int(11) NOT NULL AUTO_INCREMENT,
  `firstname` varchar(50) CHARACTER SET utf8 DEFAULT NULL,
  `lastname` varchar(50) CHARACTER SET utf8 DEFAULT NULL,
  `username` varchar(20) CHARACTER SET utf8 NOT NULL,
  `password` varchar(100) CHARACTER SET utf8 NOT NULL,
  `email` varbinary(100) NOT NULL,
  `user_group_id` int(11) NOT NULL DEFAULT '1',
  `company_id` int(11) DEFAULT NULL,
  `client_id` int(11) DEFAULT NULL,
  `status` char(1) CHARACTER SET utf8 DEFAULT '1',
  PRIMARY KEY (`user_id`),
  KEY `user_group_id` (`user_group_id`),
  CONSTRAINT `users_ibfk_1` FOREIGN KEY (`user_group_id`) REFERENCES `user_groups` (`user_group_id`)
) ENGINE=InnoDB AUTO_INCREMENT=8 DEFAULT CHARSET=latin1;

/*Data for the table `users` */

insert  into `users`(`user_id`,`firstname`,`lastname`,`username`,`password`,`email`,`user_group_id`,`company_id`,`client_id`,`status`) values (1,'Karl Oliviers','MEDE','karlO','d033e22ae348aeb5660fc2140aec35850c4da997','M',1,1,1,'1'),(2,'Alexandra Moise','SAINT ELIEN','alexandra','d033e22ae348aeb5660fc2140aec35850c4da997','F',1,1,1,'1'),(4,'Rh_2','RH_2','rh_2','d033e22ae348aeb5660fc2140aec35850c4da997','',2,1,1,'1'),(5,'Rh_1','RH_1','rh_1','d033e22ae348aeb5660fc2140aec35850c4da997','M',2,1,1,'1'),(6,'Nicolas','ANTONIO','nantonio','b5add45bcab63f2d170093f1edde66c0227c76af','M',1,0,0,'1'),(7,'Mansoor','Rana','mansoor','d033e22ae348aeb5660fc2140aec35850c4da997','mansoor@sutlej.net',1,1,1,'1');

/*!40101 SET SQL_MODE=@OLD_SQL_MODE */;
/*!40014 SET FOREIGN_KEY_CHECKS=@OLD_FOREIGN_KEY_CHECKS */;
/*!40014 SET UNIQUE_CHECKS=@OLD_UNIQUE_CHECKS */;
/*!40111 SET SQL_NOTES=@OLD_SQL_NOTES */;
