/*
SQLyog Ultimate v10.00 Beta1
MySQL - 5.6.15-log : Database - teamsutlej_talent
*********************************************************************
*/

/*!40101 SET NAMES utf8 */;

/*!40101 SET SQL_MODE=''*/;

/*!40014 SET @OLD_UNIQUE_CHECKS=@@UNIQUE_CHECKS, UNIQUE_CHECKS=0 */;
/*!40014 SET @OLD_FOREIGN_KEY_CHECKS=@@FOREIGN_KEY_CHECKS, FOREIGN_KEY_CHECKS=0 */;
/*!40101 SET @OLD_SQL_MODE=@@SQL_MODE, SQL_MODE='NO_AUTO_VALUE_ON_ZERO' */;
/*!40111 SET @OLD_SQL_NOTES=@@SQL_NOTES, SQL_NOTES=0 */;
/*Table structure for table `tams_client_comments` */

DROP TABLE IF EXISTS `tams_client_comments`;

CREATE TABLE `tams_client_comments` (
  `client_comment_id` int(11) NOT NULL AUTO_INCREMENT,
  `client_id` int(11) NOT NULL COMMENT 'Foreign Key',
  `comment` varchar(255) NOT NULL,
  `created_by` varchar(50) DEFAULT NULL,
  `created_on` datetime DEFAULT NULL,
  `last_modified_by` varchar(50) DEFAULT NULL,
  `last_modified_on` datetime DEFAULT NULL,
  PRIMARY KEY (`client_comment_id`)
) ENGINE=InnoDB AUTO_INCREMENT=2 DEFAULT CHARSET=latin1;

/*Data for the table `tams_client_comments` */

insert  into `tams_client_comments`(`client_comment_id`,`client_id`,`comment`,`created_by`,`created_on`,`last_modified_by`,`last_modified_on`) values (1,1,'Far far away, behind the word mountains far from the countries Vokalia and Consonantia,there live the blind texts. ',NULL,NULL,NULL,NULL);

/*Table structure for table `tams_clients` */

DROP TABLE IF EXISTS `tams_clients`;

CREATE TABLE `tams_clients` (
  `client_id` int(11) NOT NULL AUTO_INCREMENT,
  `company_name` varchar(255) NOT NULL,
  `logo_url` varchar(50) DEFAULT NULL,
  `client_name` varchar(255) NOT NULL,
  `client_title` varchar(100) DEFAULT NULL,
  `client_address` varchar(255) DEFAULT NULL,
  `client_city` varchar(100) NOT NULL,
  `client_country` varchar(100) NOT NULL,
  `client_phone_1` varchar(50) DEFAULT NULL,
  `client_phone_2` varchar(50) DEFAULT NULL,
  `client_fax` varchar(50) DEFAULT NULL,
  `client_email` varchar(100) NOT NULL,
  `client_status` varchar(50) NOT NULL,
  `client_account_manager` varchar(50) DEFAULT NULL,
  `created_by` varchar(50) DEFAULT NULL,
  `created_on` datetime DEFAULT NULL,
  `last_modified_by` varchar(50) DEFAULT NULL,
  `last_modified_on` datetime DEFAULT NULL,
  PRIMARY KEY (`client_id`)
) ENGINE=InnoDB AUTO_INCREMENT=8 DEFAULT CHARSET=latin1;

/*Data for the table `tams_clients` */

insert  into `tams_clients`(`client_id`,`company_name`,`logo_url`,`client_name`,`client_title`,`client_address`,`client_city`,`client_country`,`client_phone_1`,`client_phone_2`,`client_fax`,`client_email`,`client_status`,`client_account_manager`,`created_by`,`created_on`,`last_modified_by`,`last_modified_on`) values (1,'Angels Photography','/talent/uploads/clients/1_logo.jpg','Edward Doyle','Operation Manager','street # 403,main road,queens land																																																																												','Queens Land','Australia','6325453746842','0985093853','9023582958','edward@gmail.com','active','Ashley','1','2016-01-25 18:16:03','1','2016-02-02 10:41:09'),(2,'ABC productions','/talent/uploads/clients/2_logo.jpg','John Smith','Advertising sales executive','block # 34, main street, Qatar															','Qatar','Qatar','0989877875767','987856754564','878798780','john@gmail.com','active','John','1','2016-01-26 11:34:16','1','2016-02-02 10:14:04'),(3,'Start Films Productions','/talent/uploads/clients/3_logo.jpg','Alexandra Saint','Production Manager','block # 54, los angeles, united states								','Los Angeles','United States','8735893754','894366346','4893679834','saint@gmail.com','active','Scott','1','2016-01-26 11:45:01','1','2016-02-02 09:30:02'),(4,'XYZ Entertainment','/talent/uploads/clients/4_logo.jpg','Sanjay Kapoor','CEO','5-km main mumbai road, 												','Mumbai','India','8473894573','3457965354','3242376865','sanjay@gmail.com','active','Rohit Sharma','1','2016-02-02 18:06:16','1','2016-02-03 07:15:56'),(6,'Entwine Advertising agency','/talent/uploads/clients/6_logo.jpg','Mariah Desouza ','Marketing Manager','Cald Well Street 												','England','United Kingdom','876676990','576576456','341237512','mariah@agency.com','active','Nicole Arnold','1','2016-02-02 18:54:01','1','2016-02-03 07:15:04'),(7,'AVG Entertainment','/talent/uploads/clients/7_logo.jpg',' Abdullah','Producer','main street # 56 																						','Lahore','Pakistan','769878975','35465777','4353453','abdullah@avg.com','active','Huzaifa','1','2016-02-03 07:09:41','1','2016-02-04 05:49:59');

/*Table structure for table `tams_document_types` */

DROP TABLE IF EXISTS `tams_document_types`;

CREATE TABLE `tams_document_types` (
  `document_type_id` int(11) NOT NULL AUTO_INCREMENT,
  `document_type_name` varchar(50) DEFAULT NULL,
  `document_type_desc` varchar(255) DEFAULT NULL,
  `document_type_status` varchar(50) NOT NULL DEFAULT 'active',
  `created_by` varchar(50) DEFAULT NULL,
  `created_on` datetime DEFAULT NULL,
  `last_modified_by` varchar(50) DEFAULT NULL,
  `last_modified_on` datetime DEFAULT NULL,
  PRIMARY KEY (`document_type_id`)
) ENGINE=InnoDB AUTO_INCREMENT=9 DEFAULT CHARSET=latin1;

/*Data for the table `tams_document_types` */

insert  into `tams_document_types`(`document_type_id`,`document_type_name`,`document_type_desc`,`document_type_status`,`created_by`,`created_on`,`last_modified_by`,`last_modified_on`) values (3,'Qatari ID Copy','Qatari ID Copy','active','1','2016-02-14 21:13:02','1','2016-02-14 21:13:02'),(4,'Passport Copy ','Passport Copy ','active','1','2016-02-14 21:13:20','1','2016-02-14 21:13:20'),(5,'NOC Copy ','NOC Copy ','active','1','2016-02-14 21:13:39','1','2016-02-14 21:13:39'),(7,'Resume ( CV) ','Resume ( CV) ','active','1','2016-02-14 21:14:23','1','2016-02-14 21:14:23'),(8,'Other','Other','active','1','2016-02-14 21:14:52','1','2016-02-14 21:14:52');

/*Table structure for table `tams_experience_items` */

DROP TABLE IF EXISTS `tams_experience_items`;

CREATE TABLE `tams_experience_items` (
  `experience_item_id` int(11) NOT NULL AUTO_INCREMENT,
  `experience_item_name` varchar(50) DEFAULT NULL,
  `experience_item_desc` varchar(255) DEFAULT NULL,
  `experience_item_status` varchar(50) NOT NULL DEFAULT 'active',
  `created_by` varchar(50) DEFAULT NULL,
  `created_on` date DEFAULT NULL,
  `last_modified_by` varchar(50) DEFAULT NULL,
  `last_modified_on` date DEFAULT NULL,
  PRIMARY KEY (`experience_item_id`)
) ENGINE=InnoDB AUTO_INCREMENT=45 DEFAULT CHARSET=latin1;

/*Data for the table `tams_experience_items` */

insert  into `tams_experience_items`(`experience_item_id`,`experience_item_name`,`experience_item_desc`,`experience_item_status`,`created_by`,`created_on`,`last_modified_by`,`last_modified_on`) values (1,'Actor','Actor ( Female )','active','1','2016-01-24','1','2016-01-27'),(2,'Dancer','Dancer','active','1','2016-01-24','1','2016-01-27'),(23,'Presenter',' Presenter','active','1','2016-02-22','1','2016-02-22'),(24,'Model','Model','active','1','2016-02-22','1','2016-02-22'),(25,'DJ','Disc Jockey','active','1','2016-02-22','1','2016-02-22'),(26,'Wardrobe Asssistant','Stylist\'s Assistant ','active','1','2016-02-22','1','2016-02-22'),(27,'Make-Up Artist/Hair Stylist','Make-Up Artist/Hair Stylist','active','1','2016-02-22','1','2016-02-22'),(28,'Host/Hostess','Event Staff','active','1','2016-02-22','1','2016-02-22'),(29,'VIP Hostesses','Attractive Hostesses/Promoters','active','1','2016-02-22','1','2016-02-22'),(30,'Translator','Live translation/interpretation, corporate events','active','1','2016-02-22','1','2016-02-22'),(31,'Presenter/MC','Master of Ceremonies, Television Presenter','active','1','2016-02-22','1','2016-02-22'),(32,'Project Manager','Events Management','active','1','2016-02-22','1','2016-02-22'),(33,'Production Crew','Camera, sound, DoP etc','active','1','2016-02-22','1','2016-02-22'),(34,'Promoter','Event Staff','active','1','2016-02-22','1','2016-02-22'),(35,'Registration Staff','Event Staff','active','1','2016-02-22','1','2016-02-22'),(36,'Singer','Singer','active','1','2016-02-22','1','2016-02-22'),(37,'Show Caller','Sports Presentation','active','1','2016-02-22','1','2016-02-22'),(38,'Extra','Extra','active','1','2016-02-22','1','2016-02-22'),(39,'Singer','Singer','active','1','2016-02-22','1','2016-02-22'),(40,'Supervisor','Events Management','active','1','2016-02-22','1','2016-02-22'),(41,'Usher','Event Staff','active','1','2016-02-22','1','2016-02-22'),(42,'VO','Voice Over Artist','active','1','2016-02-22','1','2016-02-22'),(43,'Photographer','photographer','active','4','2016-02-28','4','2016-02-28'),(44,'Comedian','Comedy','active','3','2016-02-28','3','2016-02-28');

/*Table structure for table `tams_languages` */

DROP TABLE IF EXISTS `tams_languages`;

CREATE TABLE `tams_languages` (
  `language_id` int(11) NOT NULL AUTO_INCREMENT,
  `language_name` varchar(50) NOT NULL,
  `language_status` varchar(50) NOT NULL DEFAULT 'active',
  `created_by` varchar(50) DEFAULT NULL,
  `created_on` datetime DEFAULT NULL,
  `last_modified_by` varchar(50) DEFAULT NULL,
  `last_modified_on` datetime DEFAULT NULL,
  PRIMARY KEY (`language_id`)
) ENGINE=InnoDB AUTO_INCREMENT=23 DEFAULT CHARSET=latin1;

/*Data for the table `tams_languages` */

insert  into `tams_languages`(`language_id`,`language_name`,`language_status`,`created_by`,`created_on`,`last_modified_by`,`last_modified_on`) values (1,'English (United States)','active','1','2016-01-24 00:00:00','1','2016-01-27 11:45:07'),(2,'Arabic','active','1','2016-01-24 00:00:00','1','2016-01-26 17:26:21'),(5,'Urdu','active','1','2016-01-26 17:08:31','1','2016-01-27 11:44:30'),(7,'Sinhala','active','3','2016-02-22 14:23:49','3','2016-02-22 14:23:49'),(8,'Russian','active','4','2016-02-22 15:09:57','3','2016-02-23 08:59:05'),(9,'Hindi','active','3','2016-02-23 08:59:18','3','2016-02-23 08:59:18'),(10,'Malayalam','active','3','2016-02-23 08:59:33','3','2016-02-23 08:59:33'),(11,'Tamil','active','3','2016-02-23 08:59:41','3','2016-02-23 08:59:41'),(12,'Farsi','active','4','2016-02-23 12:40:02','4','2016-02-23 12:40:02'),(13,'German','active','4','2016-02-23 12:40:43','4','2016-02-23 12:40:43'),(14,'french','active','4','2016-02-23 12:59:49','4','2016-02-23 12:59:49'),(15,'Bengali','active','3','2016-02-24 11:19:40','3','2016-02-24 11:19:40'),(16,'Spanish','active','3','2016-02-24 13:58:49','3','2016-02-24 13:58:49'),(17,'Portuguese','active','3','2016-02-28 13:35:59','3','2016-02-28 13:35:59'),(18,'Swahili','active','3','2016-02-28 14:14:15','3','2016-02-28 14:14:15'),(19,'Thai','active','3','2016-02-28 14:31:26','3','2016-02-28 14:31:26'),(20,'Tagalog','active','3','2016-02-28 15:00:08','3','2016-02-28 15:00:08'),(21,'Finnish','active','3','2016-02-29 13:48:16','3','2016-02-29 13:48:16'),(22,'Afrikaans','active','3','2016-02-29 14:38:17','3','2016-02-29 14:38:17');

/*Table structure for table `tams_portfolio_items` */

DROP TABLE IF EXISTS `tams_portfolio_items`;

CREATE TABLE `tams_portfolio_items` (
  `portfolio_item_id` int(11) NOT NULL AUTO_INCREMENT,
  `portfolio_item_name` varchar(100) DEFAULT NULL,
  `portfolio_item_desc` varchar(255) DEFAULT NULL,
  `portfolio_item_status` varchar(50) NOT NULL DEFAULT 'active',
  `created_by` varchar(50) DEFAULT NULL,
  `created_on` datetime DEFAULT NULL,
  `last_modified_by` varchar(50) DEFAULT NULL,
  `last_modified_on` datetime DEFAULT NULL,
  PRIMARY KEY (`portfolio_item_id`)
) ENGINE=InnoDB AUTO_INCREMENT=8 DEFAULT CHARSET=latin1;

/*Data for the table `tams_portfolio_items` */

insert  into `tams_portfolio_items`(`portfolio_item_id`,`portfolio_item_name`,`portfolio_item_desc`,`portfolio_item_status`,`created_by`,`created_on`,`last_modified_by`,`last_modified_on`) values (1,'Showreel','Showreel','active','1','2016-01-24 21:53:25','1','2016-01-24 21:53:25'),(2,'Photos','Photos Gallary','active','1','2016-01-24 21:54:55','1','2016-01-26 18:40:50'),(3,'IMDB','IMDB Profile Link','active','1','2016-01-24 21:55:18','1','2016-01-24 21:55:18'),(4,'Spotlight','Spotlight Profile','active','1','2016-01-24 21:55:47','1','2016-01-24 21:55:47'),(5,'YouTube','YouTube Channel','active','1','2016-01-24 21:56:44','1','2016-01-24 21:56:44'),(6,'Vimeo','Vimeo Channel','active','1','2016-01-24 21:57:07','1','2016-01-24 21:57:07'),(7,'Other','Other URL','active','1','2016-01-24 21:57:30','1','2016-01-27 11:40:12');

/*Table structure for table `tams_talent` */

DROP TABLE IF EXISTS `tams_talent`;

CREATE TABLE `tams_talent` (
  `talent_id` int(11) NOT NULL AUTO_INCREMENT,
  `first_name` varchar(255) DEFAULT NULL,
  `last_name` varchar(255) DEFAULT NULL,
  `dob` date DEFAULT NULL,
  `sex` varchar(50) DEFAULT NULL,
  `Address` varchar(255) DEFAULT NULL,
  `mobile_no` varchar(50) DEFAULT NULL,
  `email_id` varchar(100) DEFAULT NULL,
  `twitter` varchar(100) DEFAULT NULL,
  `instagram` varchar(100) DEFAULT NULL,
  `brief` varchar(150) DEFAULT NULL,
  `events` tinyint(1) DEFAULT NULL,
  `nationality` varchar(100) DEFAULT NULL,
  `is_qatari` tinyint(1) DEFAULT NULL COMMENT 'Is belongs to Qatar',
  `qatari_id` varchar(100) DEFAULT NULL,
  `qatari_id_copy_attached` tinyint(1) DEFAULT NULL,
  `noc_required` tinyint(1) DEFAULT NULL,
  `noc_copy_attached` tinyint(1) DEFAULT '0',
  `passport_no` varchar(100) DEFAULT NULL,
  `passport_copy_attached` tinyint(1) DEFAULT NULL,
  `sponsors_id_copy_attached` tinyint(1) DEFAULT NULL,
  `height_cm` varchar(50) DEFAULT NULL,
  `weight_kg` varchar(50) DEFAULT NULL,
  `hair_color` varchar(50) DEFAULT NULL,
  `eye_color` varchar(50) DEFAULT NULL,
  `dress_size` varchar(50) DEFAULT NULL,
  `shoe_size` varchar(50) DEFAULT NULL,
  `waist_cm` varchar(50) DEFAULT NULL,
  `collar_cm` varchar(50) DEFAULT NULL,
  `chest_cm` varchar(50) DEFAULT NULL,
  `photo1_url` varchar(50) DEFAULT NULL,
  `photo1_caption` varchar(100) DEFAULT NULL,
  `photo2_url` varchar(50) DEFAULT NULL,
  `photo2_caption` varchar(100) DEFAULT NULL,
  `registration_date` varchar(50) DEFAULT NULL,
  `talent_status` varchar(50) NOT NULL DEFAULT 'active',
  `created_by` varchar(50) DEFAULT NULL,
  `created_on` datetime DEFAULT NULL,
  `last_modified_by` varchar(50) DEFAULT NULL,
  `last_modified_on` datetime DEFAULT NULL,
  PRIMARY KEY (`talent_id`)
) ENGINE=InnoDB AUTO_INCREMENT=131 DEFAULT CHARSET=latin1;

/*Data for the table `tams_talent` */

insert  into `tams_talent`(`talent_id`,`first_name`,`last_name`,`dob`,`sex`,`Address`,`mobile_no`,`email_id`,`twitter`,`instagram`,`brief`,`events`,`nationality`,`is_qatari`,`qatari_id`,`qatari_id_copy_attached`,`noc_required`,`noc_copy_attached`,`passport_no`,`passport_copy_attached`,`sponsors_id_copy_attached`,`height_cm`,`weight_kg`,`hair_color`,`eye_color`,`dress_size`,`shoe_size`,`waist_cm`,`collar_cm`,`chest_cm`,`photo1_url`,`photo1_caption`,`photo2_url`,`photo2_caption`,`registration_date`,`talent_status`,`created_by`,`created_on`,`last_modified_by`,`last_modified_on`) values (15,'Abdul','Halik','1994-12-07','Male','						','70520510','halik_h@hotmail.com',NULL,NULL,'Very hard working - excellent English 																										',NULL,'Sri Lanka',NULL,NULL,NULL,NULL,0,NULL,NULL,NULL,' ',' ','BROWN','BROWN',' ',' ',' ',' ',' ','/talent/uploads/talent_profiles/15_photo1.jpg','Abdul Halik 1','/talent/uploads/talent_profiles/15_photo2.jpg','Abdul Halik 2',NULL,'draft','1','2016-02-22 13:39:09','1','2016-02-22 13:39:09'),(16,'Said','Diab','1982-01-21','Male','na','33360846','said.d@qu.edu.qa',NULL,NULL,' 																								',0,'Lebanon',0,'28242201505',0,0,0,'',0,0,'171','67','black','brown','NA','42','31','NA','NA','/talent/uploads/talent_profiles/16_photo1.jpg',' ','/talent/uploads/talent_profiles/16_photo2.jpg',' ',NULL,'draft','1','2016-02-22 12:39:43','1','2016-02-22 13:09:45'),(17,'Ahmad','Hassan','1971-11-22','Male','PO Box 55356 - Doha	 ','66108776','scorpionqatar@gmail.com',NULL,NULL,'																											',NULL,'Egypt',NULL,NULL,NULL,NULL,0,NULL,NULL,NULL,'122','120','brown','brown',' ','39',' ',' ',' ','/talent/uploads/talent_profiles/17_photo1.jpg',' ','/talent/uploads/talent_profiles/17_photo2.jpg','',NULL,'draft','1','2016-02-22 12:55:49','1','2016-02-22 12:55:50'),(18,'Aneesh','Abdul Sathar','1981-07-25','Male','Pinnacle International PO BOX 207056 Doha									','33694522','aneesh.sathar@hotmail.com',NULL,NULL,'									',0,'India',0,'28135627306',0,0,0,'',0,0,'177','95','black','black',' ',' 10','36 ',' ',' ','/talent/uploads/talent_profiles/18_photo1.jpg',' ','/talent/uploads/talent_profiles/18_photo2.jpg','',NULL,'draft','1','2016-02-22 13:03:39','1','2016-02-22 13:07:43'),(19,'John','Uchenna Nwankwo','1986-05-05','Male','No 36 Najma back Crown Plaza Doha																	','55911386','johnwankwouchenna@gmail.com',NULL,NULL,'									',1,'Nigeria',0,' ',1,0,0,'A03696421',1,0,'175','61','black','black',' medium','45-46',' ',' ',' ','/talent/uploads/talent_profiles/19_photo1.jpg',' ','/talent/uploads/talent_profiles/19_photo2.jpg',' ',NULL,'draft','1','2016-02-22 13:17:38','1','2016-02-22 13:17:38'),(20,'Ibrahim','Tariq Rana','1995-05-30','Male','									','55362243','ibrahimtq@hotmail.com',NULL,NULL,'									',1,'Pakistan',0,'29558600104',1,0,0,'B3947450',1,0,'5 11 inches','78','black','black','medium','42 and half','34',' ',' ','/talent/uploads/talent_profiles/20_photo1.jpg',' ','/talent/uploads/talent_profiles/20_photo2.jpg',' ',NULL,'draft','1','2016-02-22 13:42:25','1','2016-02-22 13:42:25'),(21,'Jordi','Massenlik','2006-02-10','Male','Al Jazi gardens Compound, West Bay									','33793779','l.masselinkandreas@gmail.com',NULL,NULL,'Mother, Andrea									',0,'Netherlands',0,' ',0,0,0,'NY220F114',1,0,'134','25','brown','Light brown green',' ','34',' ',' ',' ','/talent/uploads/talent_profiles/21_photo1.jpg',' ','/talent/uploads/talent_profiles/21_photo2.jpg',' ',NULL,'draft','1','2016-02-22 13:56:36','1','2016-02-22 13:56:36'),(22,'Omar','Fayyad','1987-01-20','Male','Barwa City								','66215651','omar.fayyad@gmail.com','','','Sporty - Crossfit/Boxing/Running									',0,'Egypt',0,'',1,0,0,'',0,0,NULL,NULL,NULL,NULL,NULL,NULL,NULL,NULL,NULL,'/talent/uploads/talent_profiles/22_photo1.jpg','  ','/talent/uploads/talent_profiles/22_photo2.jpg',' ',NULL,'draft','3','2016-02-22 14:08:10','3','2016-02-22 14:11:09'),(23,'Ashfaq','Abdul Nasar','1990-03-10','Male','PO BOX no 37264									','66880047','ashfaqnassir@gmail.com',' ',' ','									',1,'India',0,'29035600029',1,0,0,'G7300112',1,0,'162','71','black','black',' ','42 43','32',' ','38 40','/talent/uploads/talent_profiles/23_photo1.jpg',' ','/talent/uploads/talent_profiles/23_photo2.jpg',' ',NULL,'draft','4','2016-02-22 14:14:49','4','2016-02-22 14:14:49'),(24,'Nadia','Hilaly','1997-08-12','Female','New Salata								','30011549','rinda_nadiya@hotmail.com',' ',' ','							',NULL,'Sri Lanka',NULL,NULL,NULL,NULL,0,NULL,NULL,NULL,'','58','BLACK','BLACK','12UK','39','','','','/talent/uploads/talent_profiles/24_photo1.jpg',' ','/talent/uploads/talent_profiles/24_photo2.jpg',' ',NULL,'draft','3','2016-02-22 14:21:03','3','2016-02-22 14:21:03'),(25,'Indigo','Wells','2003-04-05','Female','Villa 90, Village budidda, Doha								','66917775','samanthawensley@hotmail.com',' ',' ','									',0,'United Kingdom',0,' 30382600494',1,0,0,'508498027',1,0,' ','39','red','brown','11-12','5 and half UK',' ',' ',' ','/talent/uploads/talent_profiles/25_photo1.jpg',' ','/talent/uploads/talent_profiles/25_photo2.jpg',' ',NULL,'draft','4','2016-02-22 14:22:40','4','2016-02-22 14:23:34'),(26,'Darcey','Wells','0000-00-00','Female','villa 90, Village Busidda - Doha									','66917775','samanthawensley@hotmail.com',' ',' ','									',0,'United Kingdom',0,'30882600532',1,0,0,'517058820',1,0,'','19','Blond','brown','4-5 y','12 UK',' ',' ',' ','/talent/uploads/talent_profiles/26_photo1.jpg',' ','/talent/uploads/talent_profiles/26_photo2.jpg',' ',NULL,'draft','4','2016-02-22 14:34:14','4','2016-02-22 14:34:14'),(27,'Andrew ','Ritchie','2009-07-29','Male','								','55476869','bernie.ritchie@yahoo.co.uk','','','Mother called Bernie									',NULL,'United Kingdom',NULL,NULL,NULL,NULL,0,NULL,NULL,NULL,NULL,NULL,NULL,NULL,NULL,NULL,NULL,NULL,NULL,'/talent/uploads/talent_profiles/27_photo1.jpg',' ','/talent/uploads/talent_profiles/27_photo2.jpg',' ',NULL,'draft','3','2016-02-22 14:35:15','3','2016-02-22 14:35:15'),(28,'Bernie','Ritchie','1970-12-30','Female','Al Mamura								','55476869','bernie.ritchie@yahoo.co.uk','','','Mother of Andrew Ritchie						',NULL,'United Kingdom',NULL,NULL,NULL,NULL,0,NULL,NULL,NULL,'160','','BLONDE','BROWN','10','37','','','34','/talent/uploads/talent_profiles/28_photo1.jpg',' ','/talent/uploads/talent_profiles/28_photo2.jpg',' ',NULL,'draft','3','2016-02-22 14:47:36','3','2016-02-22 14:47:36'),(29,'Anna','Mikheeva','1985-11-26','Female','west Bay, Doha									','66684185','kolbasyatina@gmail.com',' ',' ','Facebook photos and snailed pictures - 7 years in Doha																											',1,'Russian Federation',0,'28564300002',1,0,0,'51N4711996',1,0,'178','62','blonde','brown','10 UK','41','64',' ','90','/talent/uploads/talent_profiles/29_photo1.jpg',' ','/talent/uploads/talent_profiles/29_photo2.jpg',' ',NULL,'draft','4','2016-02-22 15:11:04','4','2016-02-22 15:11:04'),(30,'Dana','Al Hasso','1991-01-01','Female','Ezghwa									','66171796','dana_alhasso@hotmail.com','','','Sister of Ghalia Al Hasso								',1,'Syrian Arab Republic',0,'',1,0,0,'',0,0,NULL,NULL,NULL,NULL,NULL,NULL,NULL,NULL,NULL,'/talent/uploads/talent_profiles/30_photo1.jpg',' ','/talent/uploads/talent_profiles/30_photo2.jpg',' ',NULL,'draft','3','2016-02-22 14:55:25','3','2016-02-22 15:01:38'),(31,'Sabeur','Ghodhbani','1995-01-01','Male','	al Waab- Beverlly hills 								','33983005','sabeurgh@live.com',' ',' ','									',1,'Tunisia',0,'29578800129',1,0,0,'W608170',1,0,'175','71','black','black',' ','43',' ',' ',' ','/talent/uploads/talent_profiles/31_photo1.jpg',' ','/talent/uploads/talent_profiles/31_photo2.jpg',' ',NULL,'draft','4','2016-02-22 15:19:41','4','2016-02-22 15:19:41'),(32,'Ghalia ','Al Hasso','1999-01-01','Female','Ezghwa','30569232','ghalia_alh2007@hotmail.com','','','							',1,'Syrian Arab Republic',0,'',1,0,0,'',0,0,'166','57','BROWN','BROWN','M','39','36','','','/talent/uploads/talent_profiles/32_photo1.jpg',' ','/talent/uploads/talent_profiles/32_photo2.jpg',' ',NULL,'draft','3','2016-02-23 07:58:17','3','2016-02-23 07:58:17'),(33,'Sadie','Derrig','2008-04-06','Female','									','55998908','sarahderrig@gmail.com','','','Mother called Sarah																	',NULL,'Australia',NULL,NULL,NULL,NULL,0,NULL,NULL,NULL,'122','23','BLONDE','blue','GIRLS AGE 7','US 12','','','','/talent/uploads/talent_profiles/33_photo1.jpg',' ','/talent/uploads/talent_profiles/33_photo2.jpg',' ',NULL,'draft','3','2016-02-23 08:06:28','3','2016-02-23 08:06:28'),(34,'Muhammed','Kovvaprath','1996-04-26','Male','Al Khor								 ','31033990','nufaisk@gmail.com','','',' 									',1,'India',0,'',1,0,0,'',0,0,'189','75','BLACK','BLACK','M','41','36','','','/talent/uploads/talent_profiles/34_photo1.jpg',' ','/talent/uploads/talent_profiles/34_photo2.jpg',' ',NULL,'draft','3','2016-02-23 08:56:12','3','2016-02-23 08:56:12'),(35,'Roufaida','Thabti','1985-01-22','Female','Sheikh khalid building 2									','66510170 or 33080520','roufaidat@yahoo.de',' ',' ','4 years in Doha  																	',1,'Germany',0,' ',0,1,0,'C4KOMG8TW',1,0,'166','54','brown','brown','s','38-39',' ',' ',' ','/talent/uploads/talent_profiles/35_photo1.jpg',' ','/talent/uploads/talent_profiles/35_photo2.jpg',' ',NULL,'draft','4','2016-02-23 11:54:25','4','2016-02-23 12:05:09'),(36,'Alireza','Ghamary','1995-10-14','Male','Najmeh, Al hilal bld 70									','77842477','ghamary.alireza@gmail.com',' ',' ','Available all the time\r\nSports guy: football, basketball, voleyball																		',1,'Iran, Islamic Republic of',0,'29536400322',1,1,0,'',0,0,'173','67','brown','brown','medium','44','32',' ',' ','/talent/uploads/talent_profiles/36_photo1.jpg',' ','/talent/uploads/talent_profiles/36_photo2.jpg',' ',NULL,'draft','4','2016-02-23 12:32:01','4','2016-02-23 12:32:01'),(37,'Ines','Harrah','1984-05-25','Female','al Saad									','33677018','ines.harrah@hotmail.com',' ',' ','Super host	- 9 years in doha																	',1,'Tunisia',0,'28478800070',0,0,0,'R151236',1,0,'173','66','brown','brown hazel','medium',' ','m',' ',' 34','/talent/uploads/talent_profiles/37_photo1.jpg',' ','/talent/uploads/talent_profiles/37_photo2.jpg',' ',NULL,'draft','4','2016-02-23 13:06:17','4','2016-02-23 13:06:17'),(38,'Angelique','De Lange','1993-08-20','Female','al jazeera compound 4 al gharafa									','55474353','angie.delange@gmail.com',' ',' ','Other contact Andre her father and sponsor: 55573928																		',1,'South Africa',0,'29371000054',0,0,0,' ',0,0,'173','49','brown','brown','s','38-39','63',' ','79','/talent/uploads/talent_profiles/38_photo1.jpg',' ','/talent/uploads/talent_profiles/38_photo2.jpg',' ',NULL,'draft','4','2016-02-23 13:19:23','4','2016-02-23 13:19:23'),(39,'Jane elizabeth','Williams','1966-10-28','Female','Al rabban tower, west bay									','70771810','jane.williams@uca.cabot.ac.uk',' ',' ','									',0,'United Kingdom',0,'26682600920',1,1,0,'800329590',1,0,'55',' ','blonde','blue','14','5','86','42','94','/talent/uploads/talent_profiles/39_photo1.jpg',' ','/talent/uploads/talent_profiles/39_photo2.jpg',' ',NULL,'draft','4','2016-02-23 13:34:09','4','2016-02-23 13:34:09'),(40,'Eliza mathilda','Bjorkhammer','2006-07-05','Female','al rabban tower, west bay									','70771810','jane.williams@uca.cabot.ac.uk',' ',' ','																		',0,'United Kingdom',0,'30682600508',1,0,0,'506122165',1,0,'130',' ','blonde','green blue','age 8','12 UK','56','28','63','/talent/uploads/talent_profiles/40_photo1.jpg',' ','/talent/uploads/talent_profiles/40_photo2.jpg',' ',NULL,'draft','4','2016-02-23 13:53:04','4','2016-02-23 13:53:04'),(41,'Ruby Rose','Bjorkhammer','2010-09-30','Female','al rabban tower, west bay									','70771810','jane.williams@uca.cabot.ac.uk',' ',' ','									',0,'United Kingdom',0,'31082600431',1,0,0,'501772462',1,0,'104',' ','Blond','blue','age 4','11','48','33','56','/talent/uploads/talent_profiles/41_photo1.jpg',' ','/talent/uploads/talent_profiles/41_photo2.jpg',' ',NULL,'draft','4','2016-02-29 15:11:34','4','2016-02-29 15:11:34'),(42,'Fawaz','Hadi','1992-07-04','Male','									','66011050','fawazhadipm@gmail.com',' ',' ','									',1,'India',0,'29235600953',1,0,0,' ',0,0,'169','65','black','black','medium','42','32',' ',' ','/talent/uploads/talent_profiles/42_photo1.jpg',' ','/talent/uploads/talent_profiles/42_photo2.jpg',' ',NULL,'draft','4','2016-02-23 14:17:03','4','2016-02-23 14:17:03'),(43,'Ahmed jassim','Rashid','1992-08-01','Male','									','66979162','ahmedjasim.rashid@gmail.com',' ',' ','									',0,'Bangladesh',0,'29205000006',1,0,0,' ',0,0,' ','90','black','brown',' ','45','38',' ',' ','/talent/uploads/talent_profiles/43_photo1.jpg',' ','/talent/uploads/talent_profiles/43_photo2.jpg',' ',NULL,'draft','4','2016-02-23 14:28:47','4','2016-02-23 14:28:47'),(44,'Muhammed ','Hameed','1997-05-27','Male','Abu Hamour','77880699','mohammed792@gmail.com','','','							',1,'India',0,'',0,0,0,'',0,0,'179','63','BLACK','BLACK','M','41','32','','','/talent/uploads/talent_profiles/44_photo1.jpg',' ','/talent/uploads/talent_profiles/44_photo2.jpg',' ',NULL,'draft','3','2016-02-24 11:04:58','3','2016-02-24 11:04:58'),(45,'Mita','Saha','1984-04-06','Female','Najma','74704241','coolmind8@yahoo.co.in','','','									',1,'India',0,'',0,0,0,'',0,0,'155','60','BLACK','BLACK','','40','32','','36','/talent/uploads/talent_profiles/45_photo1.jpg',' ','/talent/uploads/talent_profiles/45_photo2.jpg',' ',NULL,'draft','3','2016-02-24 11:17:09','3','2016-02-24 11:17:09'),(46,'Roberto ','Ramos','1984-12-18','Male',' ','66469229','ramos_bobby@hotmail.com','','','									',NULL,'Spain',NULL,NULL,NULL,NULL,0,NULL,NULL,NULL,'180','85','BROWN','BROWN','M','','','','','/talent/uploads/talent_profiles/46_photo1.jpg',' ','/talent/uploads/talent_profiles/46_photo2.jpg',' ',NULL,'draft','3','2016-02-24 13:56:41','3','2016-02-24 13:56:41'),(47,'Safdar ','Musthafa','1994-10-22','Male','							','77467042','safdar909@gmail.com','','','									',1,'India',0,'',0,0,0,'',0,0,'','66','BLACK','BROWN','M','','32','','','/talent/uploads/talent_profiles/47_photo1.jpg',' ','/talent/uploads/talent_profiles/47_photo2.jpg',' ',NULL,'draft','3','2016-02-24 14:02:10','3','2016-02-24 14:02:10'),(48,'Zivail','Kalathil','1992-04-21','Male',' ','3103391','kzivail@gmail.com','','','									',1,'India',0,'',0,0,0,'',0,0,'190','82','BLACK','BROWN','XL','42','34','','','/talent/uploads/talent_profiles/48_photo1.jpg',' ','/talent/uploads/talent_profiles/48_photo2.jpg',' ',NULL,'draft','3','2016-02-25 10:45:32','3','2016-02-25 10:45:32'),(49,'Walaa Yousri','Saleh','1990-08-18','Female','									 ','77866467','k_lolla@yahoo.com','','','									',1,'Sudan',0,'',0,0,0,'',0,0,'173','70','BLACK','BROWN','L','41','','','','/talent/uploads/talent_profiles/49_photo1.jpg',' ','/talent/uploads/talent_profiles/49_photo2.jpg',' ',NULL,'draft','3','2016-02-25 10:50:29','3','2016-02-25 10:50:29'),(50,'Saeed ','Salam','1996-01-04','Male','									','74006176','saeedabdulsalam@gmail.com','','','																		',1,'India',0,'',0,0,0,'',0,0,'179','55','BLACK','BROWN','M','40','30','','','/talent/uploads/talent_profiles/50_photo1.jpg',' ','/talent/uploads/talent_profiles/50_photo2.jpg','',NULL,'draft','3','2016-02-25 10:55:02','3','2016-02-25 10:55:07'),(51,'Mohammed ','Al-Majid','1980-01-28','Male','									 ','55219177','almajid2002@hotmail.com','','','																		',0,'Qatar',1,'',0,0,0,'',0,0,'175','','','','','','','','','/talent/uploads/talent_profiles/51_photo1.jpg',' ','/talent/uploads/talent_profiles/51_photo2.jpg','',NULL,'draft','3','2016-02-25 11:06:45','3','2016-02-25 11:06:45'),(52,'Abderrhmane','Kadik','1996-12-27','Male','									 ','33175153','abderrhman.kadik@hotmail.com','','','									',1,'Algeria',0,'',0,0,0,'',0,0,'196','90','BROWN','BROWN','XL','46','','','','/talent/uploads/talent_profiles/52_photo1.jpg',' ','/talent/uploads/talent_profiles/52_photo2.jpg',' ',NULL,'draft','3','2016-02-25 11:17:52','3','2016-02-25 11:17:52'),(53,'Nwran','Kashif','1995-08-31','Female','Musheireb		','33725925','norankashif@hotmail.com','','','									',1,'Sudan',0,'',0,0,0,'',0,0,'168','59','BROWN','BROWN','12-14','39','','','','/talent/uploads/talent_profiles/53_photo1.jpg',' ','/talent/uploads/talent_profiles/53_photo2.jpg',' ',NULL,'draft','3','2016-02-25 11:22:03','3','2016-02-25 11:22:03'),(54,'Mohamed','ElShafey','1994-08-09','Male','Al Saad','77124050','me1204720@qu.edu.qa','','','									',1,'',0,'',0,0,0,'',0,0,'172','74','BROWN','BROWN','M','42','','','','/talent/uploads/talent_profiles/54_photo1.jpg',' ','/talent/uploads/talent_profiles/54_photo2.jpg',' ',NULL,'draft','3','2016-02-25 11:25:53','3','2016-02-25 11:25:53'),(55,'Brenn ','Sosson','2004-01-27','Male','Al Waab									','33816287','riaogmar@yahoo.com','','','									',NULL,'France',NULL,NULL,NULL,NULL,0,NULL,NULL,NULL,'166','55','BROWN','BROWN','M','UK 7','30','','','/talent/uploads/talent_profiles/55_photo1.jpg',' ','/talent/uploads/talent_profiles/55_photo2.jpg','',NULL,'draft','3','2016-02-25 11:41:05','3','2016-02-25 11:41:05'),(56,'Owen ','Sosson','2006-03-10','Male','Al Waab									','33816287','riaogmar@yahoo.com','','','									',NULL,'France',NULL,NULL,NULL,NULL,0,NULL,NULL,NULL,'105','39','BLACK','BROWN','UK 10','3.5 UK','','','','/talent/uploads/talent_profiles/56_photo1.jpg',' ','/talent/uploads/talent_profiles/56_photo2.jpg','',NULL,'draft','3','2016-02-25 11:44:01','3','2016-02-25 11:44:01'),(57,'Mohamed','Abdou','1958-10-01','Male','Al Saad','30081616','airgomaa@yahoo.com','','','									',1,'Egypt',0,'',0,0,0,'',0,0,'191','86','BLACK','BROWN','','44','34','','','/talent/uploads/talent_profiles/57_photo1.jpg',' ','/talent/uploads/talent_profiles/57_photo2.jpg','',NULL,'draft','3','2016-02-25 11:47:29','3','2016-02-25 11:47:29'),(58,'Alshima','Qajer','1988-05-07','Female','Mansoura								','33951327','ashallie0047@gmail.com','','','Has let TTF down before by being very late - I sent her home																		',1,'Egypt',0,'',0,0,0,'',0,0,'173','64','brown','brown','L','41','','','','/talent/uploads/talent_profiles/58_photo1.jpg',' ','/talent/uploads/talent_profiles/58_photo2.jpg','',NULL,'draft','3','2016-02-25 12:00:10','3','2016-02-25 12:00:10'),(59,'Esraa','Mohamed','1994-10-02','Female','Mansoura','30260831','esraa.a.mohd@gmail.com','','','She let TTF down once by being very late - I sent her home															',1,'Egypt',0,'',0,0,0,'',0,0,'176','72','brown','brown','L','42','','','','/talent/uploads/talent_profiles/59_photo1.jpg',' ','/talent/uploads/talent_profiles/59_photo2.jpg','',NULL,'draft','3','2016-02-25 12:08:57','3','2016-02-25 12:08:57'),(60,'Aya','Amira','1989-03-05','Female','Al Garrafa','77136360','amriaaya@outlook.com','','','									',1,'Tunisia',0,'',0,0,0,'',0,0,'169','','brown','brown','L','40','','','','/talent/uploads/talent_profiles/60_photo1.jpg',' ','/talent/uploads/talent_profiles/60_photo2.jpg','',NULL,'draft','3','2016-02-25 12:13:00','3','2016-02-25 12:13:00'),(61,'Hadia ','Khan','1995-09-28','Female','Wukair','77285981','hadia_khan786@yahoo.com','','','									',1,'Pakistan',0,'',0,0,0,'',0,0,'164','50','brown','brown','S','28','36','','','/talent/uploads/talent_profiles/61_photo1.jpg',' ','/talent/uploads/talent_profiles/61_photo2.jpg','',NULL,'draft','3','2016-02-25 12:19:19','3','2016-02-25 12:19:19'),(62,'Fahad','Mohamed','1983-07-21','Male','									','33390080','Fahad@noemail','','','Good actor - auditioned for KASHTA															',NULL,'Qatar',NULL,NULL,NULL,NULL,0,NULL,NULL,NULL,NULL,NULL,NULL,NULL,NULL,NULL,NULL,NULL,NULL,'/talent/uploads/talent_profiles/62_photo1.jpg',' ','/talent/uploads/talent_profiles/62_photo2.jpg','',NULL,'draft','3','2016-02-25 14:14:01','3','2016-02-25 14:14:01'),(63,'Ibrahim ','Kumari','1986-07-14','Male','									','66699177','i_alkumari@outlook.com','','','									',NULL,'Qatar',NULL,NULL,NULL,NULL,0,NULL,NULL,NULL,NULL,NULL,NULL,NULL,NULL,NULL,NULL,NULL,NULL,'/talent/uploads/talent_profiles/63_photo1.jpg',' ','/talent/uploads/talent_profiles/63_photo2.jpg','',NULL,'draft','3','2016-02-25 14:16:17','3','2016-02-25 14:16:18'),(64,'Mariam','Dawoud','1996-02-26','Female','Mansora						','66718782','mero.com.com@hotmail.com','','','Hard working 							',1,'Egypt',0,'',0,0,0,'',0,0,'165','61','brown','brown','12','37','','','','/talent/uploads/talent_profiles/64_photo1.jpg',' ','/talent/uploads/talent_profiles/64_photo2.jpg','',NULL,'draft','3','2016-02-25 14:20:54','3','2016-02-25 14:20:54'),(65,'Mishal','Abdulla','1994-03-07','Male','po box 17127 new rayyan al gharafa									','33020949','mishalabdullah@gmail.com',' ',' ','									',1,'India',0,'29435601262',0,0,0,' ',0,0,' ','83','black','brown','L','45','36',' ',' ','/talent/uploads/talent_profiles/65_photo1.jpg',' ','/talent/uploads/talent_profiles/65_photo2.jpg',' ',NULL,'draft','4','2016-02-28 12:26:48','4','2016-02-28 12:26:48'),(66,'Vishad ','Majeed','1992-01-03','Male','house n 14 Ibn hateb street Madinat khaleefa south									','77134568','vishadkmajeed@gmail.com',' ',' ','									',1,'India',0,'29235602415',0,0,0,' ',0,0,' ','80','black','black','Xlarge','44','34',' ',' ','/talent/uploads/talent_profiles/66_photo1.jpg',' ','/talent/uploads/talent_profiles/66_photo2.jpg',' ',NULL,'draft','4','2016-02-28 12:33:12','4','2016-02-28 12:33:12'),(67,'Fay','Marouf','2002-10-16','Female','									',' ','faym75@gmail.com',' ',' ','singing lessons, swimming and gymnastic, Family photoshoot- Short film like child marriage or les mis	-membre of Doha players								',NULL,'Lebanon',NULL,NULL,NULL,NULL,0,NULL,NULL,NULL,NULL,NULL,NULL,NULL,NULL,NULL,NULL,NULL,NULL,'/talent/uploads/talent_profiles/67_photo1.jpg',' ','/talent/uploads/talent_profiles/67_photo2.jpg',' ',NULL,'draft','4','2016-02-28 12:38:51','4','2016-02-28 12:38:52'),(68,'Mervat','Salah','1978-09-24','Female','Al  Saad									','70447701','mervat.ahmedmaher@gmail.com',' ',' ','									',1,'Egypt',0,'27881808554',0,0,0,' ',0,0,' ','75','Blond','brown hazel',' ','41',' ',' ',' ','/talent/uploads/talent_profiles/68_photo1.jpg',' ',NULL,' ',NULL,'draft','4','2016-02-28 12:45:50','4','2016-02-28 12:45:50'),(69,'Saddah Hashim','El Sadig','1991-01-01','Male','al Saad									','33104602','seloo2071@qu.edu.qa',' ',' ','Born in Doha																											',1,'Sudan',0,' ',0,1,0,' ',0,0,'178','67','black','black',' ','43',' ',' ',' ','/talent/uploads/talent_profiles/69_photo1.jpg',' ','/talent/uploads/talent_profiles/69_photo2.jpg',' ',NULL,'draft','4','2016-02-28 12:53:00','4','2016-02-28 12:53:00'),(70,'Catherine','sTEWART','1990-11-10','Female','Fraser Suites A1008									','66561348','catherine-stewart353@outlook.com',' ',' ',NULL,1,'United Kingdom',0,'29082600283',0,0,0,'464274210',0,0,'180','63','dark brown','green','UK 10-38','39',' ',' ',' ','/talent/uploads/talent_profiles/70_photo1.jpg',' ',NULL,NULL,NULL,'draft','4','2016-02-28 13:03:38','4','2016-02-28 13:03:38'),(71,'Muhamed','Hinawi','1995-06-16','Male','									','55293071','hanoood939@hotmail.com','','','									',1,'Syrian Arab Republic',0,'',0,0,0,'',0,0,NULL,NULL,NULL,NULL,NULL,NULL,NULL,NULL,NULL,'/talent/uploads/talent_profiles/71_photo1.jpg','','/talent/uploads/talent_profiles/71_photo2.jpg','',NULL,'draft','3','2016-02-28 13:04:25','3','2016-02-28 13:04:41'),(72,'Alaa mostafa saleh Ibrahim','Eltayeb','1992-01-01','Female','BinOmran Tabari Street Doha									','66687545','l.oou@live.com',' ',' ','																		Other contact 66161165		\r\nActing experience							',1,'Egypt',0,'29181800818',0,0,0,' ',0,0,'156','56','brown','black','M or L','37',' ',' ',' ','/talent/uploads/talent_profiles/72_photo1.jpg',' ','/talent/uploads/talent_profiles/72_photo2.jpg',' ',NULL,'draft','4','2016-02-28 13:17:59','4','2016-02-28 13:17:59'),(73,'Sally','Danton','1981-08-10','Female','West Bay									','3068590','sally_danton@hotmail.com','','','									',NULL,'United Kingdom',NULL,NULL,NULL,NULL,0,NULL,NULL,NULL,'','','BLONDE','BLUE','10','38','','','','/talent/uploads/talent_profiles/73_photo1.jpg',' ','/talent/uploads/talent_profiles/73_photo2.jpg','',NULL,'draft','3','2016-02-28 13:14:50','3','2016-02-28 13:14:50'),(74,'Hayfa','Baccouche','1992-10-03','Female','Abu Hamour','66259519','bacchela@live.com','','','									',1,'Tunisia',0,'',0,0,0,'',0,0,'160','','BLACK','GREEN','S/M','39','','','','/talent/uploads/talent_profiles/74_photo1.jpg',' ','/talent/uploads/talent_profiles/74_photo2.jpg','',NULL,'draft','3','2016-02-28 13:21:05','3','2016-02-28 13:21:05'),(75,'Leia','El-Kadi','2008-09-08','Female','Al Gharaffa						','33210904','romasaba@hotmail.com','','','									',NULL,'United Kingdom',NULL,NULL,NULL,NULL,0,NULL,NULL,NULL,NULL,NULL,NULL,NULL,NULL,NULL,NULL,NULL,NULL,'/talent/uploads/talent_profiles/75_photo1.jpg',' ','/talent/uploads/talent_profiles/75_photo2.jpg','',NULL,'draft','3','2016-02-28 13:27:36','3','2016-02-28 13:27:36'),(76,'Nadine','El-Kadi','2010-04-07','Female','Al Gharaffa									','33210904','romasaba@hotmail.com','','','									',NULL,'United Kingdom',NULL,NULL,NULL,NULL,0,NULL,NULL,NULL,NULL,NULL,NULL,NULL,NULL,NULL,NULL,NULL,NULL,'/talent/uploads/talent_profiles/76_photo1.jpg',' ','/talent/uploads/talent_profiles/76_photo2.jpg','',NULL,'draft','3','2016-02-28 13:29:57','3','2016-02-28 13:29:58'),(77,'Diogro','Deslandes','2004-11-05','Male','Al Rayyan','66705253','rachel_paal@hotmail.com','','','Parents and sister also registered														',NULL,'Brazil',NULL,NULL,NULL,NULL,0,NULL,NULL,NULL,'148','40','brown','green','12 years','6.5','','','','/talent/uploads/talent_profiles/77_photo1.jpg',' ','/talent/uploads/talent_profiles/77_photo2.jpg','',NULL,'draft','3','2016-02-28 13:36:51','3','2016-02-28 13:36:51'),(78,'Fadila','Belamine','1996-03-21','Female','Oum Salal Mohammed, street Abn Asem villa number 10									','33651664','fadila97@hotmail.com',' ',' ','Other contact her mother: 66663505		\r\nMoroccan spanish nationality																									',1,'Morocco',0,'29750400036',0,0,0,' ',0,0,'165','65','brown','brown hazel','8 to 10','39-40',' ',' ','32','/talent/uploads/talent_profiles/78_photo1.jpg',' ','/talent/uploads/talent_profiles/78_photo2.jpg','',NULL,'draft','4','2016-02-28 13:41:01','4','2016-02-28 13:41:01'),(79,'Abdulrhman','Soltan','1994-06-25','Male','									','50202037','a.b.d.o.55@hotmail.com','','','									',0,'Egypt',0,'',0,0,0,'',0,0,'177','75','Black','Brown','L','45','','','','/talent/uploads/talent_profiles/79_photo1.jpg',' ','/talent/uploads/talent_profiles/79_photo2.jpg','',NULL,'draft','3','2016-02-28 13:42:08','3','2016-02-28 13:42:43'),(80,'Ayman','Sayed','1996-03-03','Male','Mansora							','33835698','ayman.samy129@yahoo.com','','',NULL,NULL,'Egypt',NULL,NULL,NULL,NULL,0,NULL,NULL,NULL,NULL,NULL,NULL,NULL,NULL,NULL,NULL,NULL,NULL,'/talent/uploads/talent_profiles/80_photo1.jpg',' ',NULL,NULL,NULL,'draft','3','2016-02-28 13:45:10','3','2016-02-28 13:45:13'),(81,'Altayeb','hago Alkhalifa','1992-01-03','Male','Mirqab Ain khalid														','55844795','tayeb609@hotmail.com',' ',' ','																		',1,'Sudan',0,'29273600837',0,0,0,' ',0,0,'176','80','black','brown','','44','38',' ',' ','/talent/uploads/talent_profiles/81_photo1.jpg',' ',NULL,'',NULL,'draft','4','2016-02-28 14:47:18','4','2016-02-28 14:47:18'),(82,'Mohammed','Samy ','1994-05-11','Male','Mansoura			','33007782','ma1994love@hotmail.com','','','									',1,'Egypt',0,'',0,0,0,'',0,0,'175','65','brown','brown','M','44','','','','/talent/uploads/talent_profiles/82_photo1.jpg',' ','/talent/uploads/talent_profiles/82_photo2.jpg','',NULL,'draft','3','2016-02-28 13:49:48','3','2016-02-28 13:49:48'),(83,'Bassel','Atallah','1997-04-30','Male','Old airport - E ring road									','55484052','bassel-atallah@hotmail.com',' ',' ','dancing lessons - salsa									',1,'Lebanon',0,' ',0,0,0,' ',0,0,'186','76','black','brown',' ','47',' ',' ',' ','/talent/uploads/talent_profiles/83_photo1.jpg',' ',NULL,'',NULL,'draft','4','2016-02-28 13:51:11','4','2016-02-28 13:51:11'),(84,'Islem','Amria','1989-03-05','Male','Mamoura							','31091031','islamamria@hotmail.com','','','									',1,'Tunisia',0,'',0,0,0,'',0,0,'173','','black','brown','L','43','','','','/talent/uploads/talent_profiles/84_photo1.jpg',' ','/talent/uploads/talent_profiles/84_photo2.jpg','',NULL,'draft','3','2016-02-28 13:53:04','3','2016-02-28 13:53:04'),(85,'Danica','Soy Manuel','1989-09-30','Female','Bin Mahmoud							','77836317','aicajoy@hotmail.com','','','									',1,'Philippines',0,'',0,0,0,'',0,0,'','57','brown','brown','EUR 10','40','28','','34','/talent/uploads/talent_profiles/85_photo1.jpg',' ','/talent/uploads/talent_profiles/85_photo2.jpg','',NULL,'draft','3','2016-02-28 13:57:00','3','2016-02-28 13:57:00'),(86,'Terence Anthony','Dias','1999-01-01','Male','									','77244903','terence_135@hotmail.com',' ',' ','									',1,'Portugal',0,'29435600276',0,0,0,' ',0,0,' ','75','black','brown',' ','43','32',' ',' ','/talent/uploads/talent_profiles/86_photo1.jpg',' ','/talent/uploads/talent_profiles/86_photo2.jpg',' ',NULL,'draft','4','2016-02-28 13:58:16','4','2016-02-28 13:58:16'),(87,'Adel','Sajeq','1995-11-18','Male','Old Airport		','66550848','adel_m_95@hotmail.com','','','									',NULL,'Jordan',NULL,NULL,NULL,NULL,0,NULL,NULL,NULL,NULL,NULL,NULL,NULL,NULL,NULL,NULL,NULL,NULL,'/talent/uploads/talent_profiles/87_photo1.jpg',' ','/talent/uploads/talent_profiles/87_photo2.jpg','',NULL,'draft','3','2016-02-28 14:04:16','3','2016-02-28 14:04:17'),(88,'Mahmoud','Elgad','1995-04-14','Male','									','55720874','algedmahmoud@yahoo.com','','','									',1,'Egypt',0,'',0,0,0,'',0,0,'184','80','Black','Green','L','','','','','/talent/uploads/talent_profiles/88_photo1.jpg',' ','/talent/uploads/talent_profiles/88_photo2.jpg','',NULL,'draft','3','2016-02-28 14:09:18','3','2016-02-28 14:09:18'),(89,'Charles','Wanyoke','1979-03-23','Male','Al Muraa','66702618','munds60@gmail.com','','','									',1,'Kenya',0,'',0,0,0,'',0,0,'170','70','black','black','','40','32','','','/talent/uploads/talent_profiles/89_photo1.jpg',' ','/talent/uploads/talent_profiles/89_photo2.jpg','',NULL,'draft','3','2016-02-28 14:13:08','3','2016-02-28 14:13:08'),(90,'Niloofar','Allahverdi','1988-08-13','Female','Al mirqab street apt 2, Doha									','30532215','n.allahveri88@gmail.com',' ',' ','									',1,'Iran, Islamic Republic of',0,'28882600455',0,0,0,'3081',0,0,'164','49','black',' ','XS','38',' ',' ',' ','/talent/uploads/talent_profiles/90_photo1.jpg',' ','/talent/uploads/talent_profiles/90_photo2.jpg',' ',NULL,'draft','4','2016-02-28 14:20:40','4','2016-02-28 14:20:40'),(91,'Dean ','Adams','1968-04-20','Male','Landmark','55059124','vjipress@gmail.com','','','Filmmaker																	',1,'France',0,'',0,0,0,'',0,0,'175','80','BROWN','HAZEL','','42','33','15','','/talent/uploads/talent_profiles/91_photo1.jpg',' ','/talent/uploads/talent_profiles/91_photo2.jpg','',NULL,'draft','3','2016-02-28 14:22:52','3','2016-02-28 14:22:52'),(92,'Renee','Rainville','1872-07-14','Female','10 Circle compound, el jebailat									','66080279','renee.creativeenergy@gmail.com',' ',' ','									',1,'United States',0,'27284000576',0,0,0,'712581633',0,0,'57','130 lbs','brown','hazel','6/8 us','65 us',' ',' ',' ','/talent/uploads/talent_profiles/92_photo1.jpg',' ','/talent/uploads/talent_profiles/92_photo2.jpg',' ',NULL,'draft','4','2016-02-28 14:27:39','4','2016-02-28 14:27:40'),(93,'Worawalan (Apple)','Boonravikal','1976-01-18','Female','Landmark			','66987944','uboonravikul@hotmail.com','','','Photographer																',1,'Thailand',0,'',0,0,0,'',0,0,'162','60','black','brown','8-10','40','','','','/talent/uploads/talent_profiles/93_photo1.jpg','  ','/talent/uploads/talent_profiles/93_photo2.jpg','',NULL,'draft','3','2016-02-28 14:31:10','3','2016-02-28 14:31:10'),(94,'lucia Elizabeth lastiri','Rainville','2000-09-11','Female','10 Circle compound									','33944773','lucia.e.11990@gmail.com',' ',' ','other contact 6608279																		',1,'United States',0,' ',0,0,0,' ',0,0,'165','45','brown','brown','6-8',' ',' ',' ',' ','/talent/uploads/talent_profiles/94_photo1.jpg',' ','/talent/uploads/talent_profiles/94_photo2.jpg',' ',NULL,'draft','4','2016-02-28 14:31:43','4','2016-02-28 14:31:43'),(95,'Khalid','Arabieh','1995-01-01','Male','Al-Rayan							','3047920','khalidwalid1@outlook.com','','','									',1,'Lebanon',0,'',0,0,0,'',0,0,'175','65','black','brown','','41','','','','/talent/uploads/talent_profiles/95_photo1.jpg',' ','/talent/uploads/talent_profiles/95_photo2.jpg','',NULL,'draft','3','2016-02-28 14:34:53','3','2016-02-28 14:34:53'),(96,'Jihanne ','Nyah Inigo','2004-07-25','Female','Old airport - DOha villa 53									','30265108','jihannenyah@gmail.com',' ',' ','									',NULL,'Philippines',NULL,NULL,NULL,NULL,0,NULL,NULL,NULL,' ','25','black','black','7-8 years','31/32',' ',' ',' ','/talent/uploads/talent_profiles/96_photo1.jpg',' ','/talent/uploads/talent_profiles/96_photo2.jpg',' ',NULL,'draft','4','2016-02-28 14:41:04','4','2016-02-28 14:41:05'),(97,'Shahad','Altibi','1998-05-23','Female','Al Waab','30087000','shahoot98@gmail.com','','','									',1,'Syrian Arab Republic',0,'',0,0,0,'',0,0,'166','60','blonde','brown','S','39','','','','/talent/uploads/talent_profiles/97_photo1.jpg',' ','/talent/uploads/talent_profiles/97_photo2.jpg','',NULL,'draft','3','2016-02-28 14:39:42','3','2016-02-28 14:39:42'),(98,'Yuliya','Nikolaeva','1982-01-30','Female','Al Hilal						','55634253','laub.ria33@gmail.com','','','									',NULL,'Russian Federation',NULL,NULL,NULL,NULL,0,NULL,NULL,NULL,'','58','brown','brown','M','39','','','','/talent/uploads/talent_profiles/98_photo1.jpg',' ','/talent/uploads/talent_profiles/98_photo2.jpg','',NULL,'draft','3','2016-02-28 14:43:27','3','2016-02-28 14:43:27'),(99,'Angie','Ibrahim','1976-06-27','Female','									','55254300','angie-ibs@gmail.com',' ',' ','									',1,'United Kingdom',0,'27682600029',0,0,0,' ',0,0,'176','62','brown','brown',' ',' 5',' ',' ',' ','/talent/uploads/talent_profiles/99_photo1.jpg',' ','/talent/uploads/talent_profiles/99_photo2.jpg',' ',NULL,'draft','4','2016-02-28 14:44:53','4','2016-02-28 14:44:53'),(100,'Claire','Scorgie','1968-06-20','Female','Ezdan compound apt 9									','77803192','ciscorgie@gmail.com','  ','  ','									',1,'United Kingdom',0,' ',0,0,0,' ',0,0,'5 ft 2 in','7 5','blonde','green','8','36',' ',' ','34','/talent/uploads/talent_profiles/100_photo1.jpg',' ',NULL,' ',NULL,'draft','4','2016-02-28 14:53:33','4','2016-02-28 14:53:33'),(101,'Sherry','Binggan','1993-02-11','Female','Bin Omran							','30422242','sherry@noemail','','','									',1,'Philippines',0,'',0,0,0,'',0,0,'','58','brown','','','38','38','','','/talent/uploads/talent_profiles/101_photo1.jpg',' ','/talent/uploads/talent_profiles/101_photo2.jpg','',NULL,'draft','3','2016-02-28 14:59:09','3','2016-02-28 14:59:09'),(102,'Mohammed ','Helal','1991-04-14','Male','									','55925665','md3helal@yahoo.com',' ',' ','									',1,'Egypt',0,'29181800440',0,1,0,'2911291',0,0,'186','85','dark brown','green','L','44','32',' ','32 ','/talent/uploads/talent_profiles/102_photo1.jpg',' ','/talent/uploads/talent_profiles/102_photo2.jpg',' ',NULL,'draft','4','2016-02-28 15:02:04','4','2016-02-28 15:02:04'),(103,'Caroline','Deslandes','2006-01-25','Female','Al Rayyan									','66705253','rachel_paal@hotmail.com','','','Parents and brother also registered																		',NULL,'Brazil',NULL,NULL,NULL,NULL,0,NULL,NULL,NULL,'140','33','brown','brown','','UK 3','','','','/talent/uploads/talent_profiles/103_photo1.jpg',' ','/talent/uploads/talent_profiles/103_photo2.jpg','',NULL,'draft','3','2016-02-28 15:04:15','3','2016-02-28 15:04:15'),(104,'Rachel','Deslandes','1975-08-30','Female','Al Rayyan','66705253','rachel_paal@hotmail.com','','','Husband and 2 kids also registered																	',NULL,'Brazil',NULL,NULL,NULL,NULL,0,NULL,NULL,NULL,'176','70','brown','brown','10','39','','','','/talent/uploads/talent_profiles/104_photo1.jpg',' ','/talent/uploads/talent_profiles/104_photo2.jpg','',NULL,'draft','3','2016-02-28 15:07:17','3','2016-02-28 15:07:17'),(105,'Abdulkarim Abdelmalik','Mira','1997-07-22','Male','New salata																		','77874206','karoom.mira@hotmail.com',' ',' ','									',1,'Syrian Arab Republic',0,' ',0,0,0,' ',0,0,'175','68','brown','brown','medium','42','32','14 ',' ','/talent/uploads/talent_profiles/105_photo1.jpg',' ','/talent/uploads/talent_profiles/105_photo2.jpg',' ',NULL,'draft','4','2016-02-28 15:13:02','4','2016-02-28 15:13:02'),(106,'Anthony','Deslandes Siqueira','1971-05-27','Male','Al Rayyan','66705253','rachel_paal@hotmail.com','','','Wife and kids also registered',NULL,'Brazil',NULL,NULL,NULL,NULL,0,NULL,NULL,NULL,'183','85','brown','brown','','10.5','33','','','/talent/uploads/talent_profiles/106_photo1.jpg',' ','/talent/uploads/talent_profiles/106_photo2.jpg','',NULL,'draft','3','2016-02-28 15:10:53','3','2016-02-28 15:10:53'),(107,'Annie','Barrera','1985-02-05','Female','B-ring road							','66287367','anniegracebermudo@rocketmail.com','','',NULL,1,'Philippines',0,'',0,0,0,'',0,0,'','65','brown','brown','L','39','32','','36','/talent/uploads/talent_profiles/107_photo1.jpg','  ',NULL,NULL,NULL,'draft','3','2016-02-28 15:13:36','3','2016-02-28 15:13:36'),(108,'Mohamed ','Shaheen','1990-03-12','Male','Aspire Zone','30003186','misho-s@windowslive.com','','','																		',1,'Egypt',0,'',0,0,0,'',0,0,'184','75','black','black','M','45','','','','/talent/uploads/talent_profiles/108_photo1.jpg',' ','/talent/uploads/talent_profiles/108_photo2.jpg','',NULL,'draft','3','2016-02-28 15:16:52','3','2016-02-28 15:16:52'),(109,'Aya abdul malek','Mira','1999-01-01','Female','									','55248404','aya-mira2001@live.com',' ',' ','									',NULL,'Syrian Arab Republic',NULL,NULL,NULL,NULL,0,NULL,NULL,NULL,'160','56','brown','brown','L','38',' ',' ',' ','/talent/uploads/talent_profiles/109_photo1.jpg',' ','/talent/uploads/talent_profiles/109_photo2.jpg','',NULL,'draft','4','2016-02-28 15:19:05','4','2016-02-28 15:19:05'),(110,'Nour mohamad','Fares','1993-09-09','Male','									','33754935','mf1104148@qu-edu-qa',' ',' ',NULL,0,'Lebanon',0,' ',0,1,0,' ',0,0,' ','60','black','brown',' ','38',' ',' ',' ',NULL,NULL,NULL,NULL,NULL,'draft','4','2016-02-28 15:24:19','4','2016-02-28 15:24:19'),(111,'Emma nicole ','Goudening','2010-03-01','Female','4 Aswan garden, Gharafa									','33837037','helen.gaudening@gmail.com',' ',' ','									',NULL,'United Kingdom',NULL,NULL,NULL,NULL,0,NULL,NULL,NULL,'110','18','blonde','blue','4','28','55',' ',' ','/talent/uploads/talent_profiles/111_photo1.jpg',' ','/talent/uploads/talent_profiles/111_photo2.jpg',' ',NULL,'draft','4','2016-02-28 15:33:34','4','2016-02-28 15:33:35'),(112,'Marie Louise','Goudening','2008-05-08','Female','									','33837037','helen.gaudening@gmail.com',' ',' ','									',NULL,'United Kingdom',NULL,NULL,NULL,NULL,0,NULL,NULL,NULL,'116','20','brown','blue','6','30','55',' ',' ','/talent/uploads/talent_profiles/112_photo1.jpg',' ','/talent/uploads/talent_profiles/112_photo2.jpg',' ',NULL,'draft','4','2016-02-28 15:44:44','4','2016-02-28 15:44:44'),(113,'Feven','Haddish','1981-10-29','Female','Sara Tower, Al dafna Doha									','33974697','f-haddish@yahoo.ca',' ',' ','Hubbie\'s visa																		',1,'Canada',0,'28112400199',0,0,0,'QA993582',0,0,'5\'9\'','58','black','brown','s-m','8','25',' ',' ','/talent/uploads/talent_profiles/113_photo1.jpg',' ','/talent/uploads/talent_profiles/113_photo2.jpg',' ',NULL,'draft','4','2016-02-29 12:32:36','4','2016-02-29 12:32:36'),(114,'Amy','Lawrie','2003-01-02','Female','									','66857971','v.lawrie@live.com',' ',' ','Perform gymnastic, ballet, tap, jazz 									',0,'United Kingdom',0,' ',0,0,0,' ',0,0,'140',' ','blonde','blue',' ','3',' ',' ',' ','/talent/uploads/talent_profiles/114_photo1.jpg',' ','/talent/uploads/talent_profiles/114_photo2.jpg',' ',NULL,'draft','4','2016-02-29 14:00:36','4','2016-02-29 14:00:36'),(115,'Saara ','Benlamine','1994-05-16','Female','Umm Salal							','70544991','s_benlamine@hotmail.fi','','','									',1,'Finland',0,'',0,0,0,'',0,0,'172','','blonde','brown','L','39','','','','/talent/uploads/talent_profiles/115_photo1.jpg',' ','/talent/uploads/talent_profiles/115_photo2.jpg','',NULL,'draft','3','2016-02-29 13:46:01','3','2016-02-29 13:46:01'),(116,'Vasala','Khan','1998-09-24','Female','Wukair			','33007133/77285981','alam_khan9082@yahoo.com','','','We have a clip of her singing 															',1,'Pakistan',0,'',0,0,0,'',0,0,'165','44','brown','brown','S','40','28','','','/talent/uploads/talent_profiles/116_photo1.jpg','  ','/talent/uploads/talent_profiles/116_photo2.jpg','',NULL,'draft','3','2016-02-29 14:08:49','3','2016-02-29 14:08:49'),(117,'Amelia Kate','Gray','2002-08-20','Female','villa 20, BHG2, Al Waab street																		','66029402','graysinmalaysia@hotmail.com',' ',' ','Jazz and ballet classes\r\nDrama award year 7(Doha college)\r\n																		',NULL,'United Kingdom',NULL,NULL,NULL,NULL,0,NULL,NULL,NULL,'143','35','dark blonde','brown',' ','3',' ',' ',' ',NULL,'',NULL,'',NULL,'draft','4','2016-02-29 14:20:29','4','2016-02-29 14:20:29'),(118,'Abdul','Khan','2009-06-29','Male','Wukair','77285981','alam_khan9082@yahoo.com','','','																		',NULL,'Pakistan',NULL,NULL,NULL,NULL,0,NULL,NULL,NULL,'120','24','black','brown','','','','','','/talent/uploads/talent_profiles/118_photo1.jpg',' ','/talent/uploads/talent_profiles/118_photo2.jpg','',NULL,'draft','3','2016-02-29 14:12:23','3','2016-02-29 14:12:23'),(119,'Mohamed','Abokilla','1994-04-23','Male','Barwa City									','55195951','mohamedabokilla94@outlook.com','','','									',1,'Egypt',0,'',0,0,0,'',0,0,'','','black','brown','L','41','','','','/talent/uploads/talent_profiles/119_photo1.jpg',' ','/talent/uploads/talent_profiles/119_photo2.jpg','',NULL,'draft','3','2016-02-29 14:17:05','3','2016-02-29 14:17:05'),(120,'Daniel Stuart','Gray','1998-06-09','Male','Villa 20, BHG2 Al waab Doha									','66029402','danielgray1998@gmail.com',' ',' ','Was in Grease, Threepenny Opera, 12th night, Drama scholarship in Wales, west end stage school									',0,'United Kingdom',0,' ',0,0,0,' ',0,0,'182','74','dark blonde','brown',' ','12,5','34',' ',' ',NULL,'',NULL,'',NULL,'draft','4','2016-02-29 14:19:42','4','2016-02-29 14:19:42'),(121,'Mahmoud','Ahmed','1992-12-25','Male','Madent Kalefa','30771734','mahmoudhabshi92@yahoo.com','','','									',1,'Egypt',0,'',0,0,0,'',0,0,'176','','black','brown','S','41','30','','','/talent/uploads/talent_profiles/121_photo1.jpg',' ','/talent/uploads/talent_profiles/121_photo2.jpg','',NULL,'draft','3','2016-02-29 14:20:06','3','2016-02-29 14:20:06'),(122,'Layla','Aldorani','1984-08-20','Female','									','55870814','aldorani@gmail.com',' ',' ','Good profile - Check Google images and linkedin link - starting her raw food and juice store -\r\nhttps://qa.linkedin.com/in/layla-al-dorani-3a029040			',0,'Qatar',0,'28463404053',0,0,0,' ',0,0,'160','60','brown','brown','s/m','38-39',' ',' ',' ','/talent/uploads/talent_profiles/122_photo1.jpg','','/talent/uploads/talent_profiles/122_photo2.jpg','',NULL,'draft','4','2016-02-29 14:45:42','4','2016-02-29 14:52:06'),(123,'Rodney Nicholas','Prince','1978-11-07','Male','									','66081784','rodney.nic.prince@gmail.com','','','Excellent event staff',1,'South Africa',0,'',0,0,0,'',0,0,'194','101','brown','brown','','10.5','36','','','/talent/uploads/talent_profiles/123_photo1.jpg',' ','/talent/uploads/talent_profiles/123_photo2.jpg','',NULL,'draft','3','2016-02-29 14:32:46','3','2016-02-29 14:32:46'),(124,'Tara','Seiringer','2003-10-01','Female','Al Waab									','33121889','judyseiringer@yahoo.com','','','									',NULL,'United Kingdom',NULL,NULL,NULL,NULL,0,NULL,NULL,NULL,'165','61','brown','brown','13-14 years','7','','','','/talent/uploads/talent_profiles/124_photo1.jpg',' ','/talent/uploads/talent_profiles/124_photo2.jpg','',NULL,'draft','3','2016-02-29 14:48:12','3','2016-02-29 14:48:12'),(125,'Faye','Seiringer','2007-11-21','Female','Al Waab									','33121889','judyseiringer@yahoo.com','','','									',NULL,'United Kingdom',NULL,NULL,NULL,NULL,0,NULL,NULL,NULL,'130','35','brown','brown','8 years','kid 1','23','','','/talent/uploads/talent_profiles/125_photo1.jpg',' ','/talent/uploads/talent_profiles/125_photo2.jpg','',NULL,'draft','3','2016-02-29 14:52:56','3','2016-02-29 14:52:56'),(126,'Salman Salim','Ahmed','1986-08-29','Male','Barwa village Flat 19 bud 17									','77184936','salman.saleem29@gmail.com',' ',' ','									',1,'Pakistan',0,'28658600368',0,0,0,' ',0,0,'177','66','black','dark brown',' ','40','32',' 15',' ','/talent/uploads/talent_profiles/126_photo1.jpg','','/talent/uploads/talent_profiles/126_photo2.jpg',' ',NULL,'draft','4','2016-02-29 15:01:04','4','2016-02-29 15:01:04'),(127,'Shaffaf','Thajudheen','1995-09-20','Male','Mamoura						','31412972','shaffaf@outlook.com','','',NULL,NULL,'India',NULL,NULL,NULL,NULL,0,NULL,NULL,NULL,NULL,NULL,NULL,NULL,NULL,NULL,NULL,NULL,NULL,'/talent/uploads/talent_profiles/127_photo1.jpg',' ',NULL,NULL,NULL,'draft','3','2016-02-29 15:04:33','3','2016-02-29 15:04:34'),(128,'Ahmed ','Alzein','1987-07-21','Male','Villa 8, Al rayan residence, Abu hamour									','66494349','aelzein@outlook.com',' ',' ','																		',NULL,'Canada',NULL,NULL,NULL,NULL,0,NULL,NULL,NULL,'189','90','black','hazel',' ','45','34',' ',' ','/talent/uploads/talent_profiles/128_photo1.jpg',' ','/talent/uploads/talent_profiles/128_photo2.jpg',' ',NULL,'draft','4','2016-02-29 15:10:21','4','2016-02-29 15:10:21'),(129,'Mohamed','Elbauomy','1996-05-19','Male',' ','30833081','mohamedttia_96@hotmail.com','','','									',NULL,'Egypt',NULL,NULL,NULL,NULL,0,NULL,NULL,NULL,'185','80','brown','brown','L','','','','','/talent/uploads/talent_profiles/129_photo1.jpg',' ','/talent/uploads/talent_profiles/129_photo2.jpg','',NULL,'draft','3','2016-02-29 15:14:22','3','2016-02-29 15:14:22'),(130,'Mohamed','Dridi','1997-10-21','Male','Musheireb								','33372325','mohamed-dr13@hotmail.com','','',NULL,NULL,'',NULL,NULL,NULL,NULL,0,NULL,NULL,NULL,NULL,NULL,NULL,NULL,NULL,NULL,NULL,NULL,NULL,'/talent/uploads/talent_profiles/130_photo1.jpg',' ',NULL,NULL,NULL,'draft','3','2016-02-29 15:16:27','3','2016-02-29 15:16:28');

/*Table structure for table `tams_talent_comments` */

DROP TABLE IF EXISTS `tams_talent_comments`;

CREATE TABLE `tams_talent_comments` (
  `talent_comment_id` int(11) NOT NULL AUTO_INCREMENT,
  `talent_id` int(11) DEFAULT NULL COMMENT 'Foreign Key',
  `comment` varchar(255) DEFAULT NULL,
  `created_by` varchar(50) DEFAULT NULL,
  `created_on` datetime DEFAULT NULL,
  `last_modified_by` varchar(50) DEFAULT NULL,
  `last_modified_on` datetime DEFAULT NULL,
  PRIMARY KEY (`talent_comment_id`)
) ENGINE=InnoDB AUTO_INCREMENT=32 DEFAULT CHARSET=latin1;

/*Data for the table `tams_talent_comments` */

insert  into `tams_talent_comments`(`talent_comment_id`,`talent_id`,`comment`,`created_by`,`created_on`,`last_modified_by`,`last_modified_on`) values (1,1,'This is a test note','1','2016-02-15 00:14:52','1','2016-02-15 00:14:52'),(2,1,'This is another Test Note','1','2016-02-15 00:15:05','1','2016-02-15 00:15:05'),(3,15,' - Sports Supervisor at Ooredoo Sports Day	','1','2016-02-22 13:37:27','1','2016-02-22 13:37:27'),(4,35,'Day rate depends on booking role from 1000 to 1500 QR','4','2016-02-23 12:05:53','4','2016-02-23 12:05:53'),(5,36,'Other contact his Father (Amir) 55949882','4','2016-02-23 12:33:10','4','2016-02-23 12:33:10'),(6,38,'QR 250 per hour modelling\r\nQR 110 per hour hostess minimum','4','2016-02-23 13:14:11','4','2016-02-23 13:14:11'),(7,45,'Was a bit of a nightmare at Ooredoo sports day! She means well but not 100% reliable','3','2016-02-24 11:20:25','3','2016-02-24 11:20:25'),(8,49,'Very hard worker - presentable and professional at all times','3','2016-02-25 10:51:23','3','2016-02-25 10:51:23'),(9,51,'Very keen to be involved in pretty much any project ','3','2016-02-25 11:07:18','3','2016-02-25 11:07:18'),(10,53,'Little sister of Piza (Ahmed Kashif)','3','2016-02-25 11:22:55','3','2016-02-25 11:22:55'),(11,52,' - Zone supervisor and registration staff - Energy World Qatar Exhibition\r\n - Escort for VIPs and athletes - IPC','3','2016-02-25 12:21:32','3','2016-02-25 12:21:32'),(12,52,'Escort for VIPs and athletes - IPC','3','2016-02-25 12:22:15','3','2016-02-25 12:22:15'),(13,71,' - Worked at Ooredoo Sports day - was v good','3','2016-02-28 13:05:37','3','2016-02-28 13:05:37'),(14,72,'Acting experience with Qatar TV and Doha Film Festival','4','2016-02-28 13:20:03','4','2016-02-28 13:20:03'),(15,72,'Lot of experience as Usher and event promoter','4','2016-02-28 13:20:54','4','2016-02-28 13:20:54'),(16,81,'Worked at Ooredoo Sports day 2016 - was v good','3','2016-02-28 13:46:38','3','2016-02-28 13:46:38'),(17,82,'Worked at Ooredoo Sports day 2016 - was v good','3','2016-02-28 13:50:35','3','2016-02-28 13:50:35'),(18,85,'Worked at Ooredoo sports day 2016 - was v good','3','2016-02-28 13:57:19','3','2016-02-28 13:57:19'),(19,87,'Has a strong social media following','3','2016-02-28 14:06:09','3','2016-02-28 14:06:09'),(20,87,'Does stand up comedy and has organised events with the youth company ','3','2016-02-28 14:06:54','3','2016-02-28 14:06:54'),(21,89,'Worked at Ooredoo sports day 2016 and was excellent!','3','2016-02-28 14:14:47','3','2016-02-28 14:14:47'),(22,91,'Worked at Ooredoo Sports day 2016 and was excellent! So was his wife Worawalen','3','2016-02-28 14:23:50','3','2016-02-28 14:23:50'),(23,107,'Worked at Ooredoo sports day 2016 and was v good','3','2016-02-28 15:14:18','3','2016-02-28 15:14:18'),(24,123,'Worked at Ooredoo sports day and was excellent! Assisted Brooke Reid, Taf3eel','3','2016-02-29 14:39:17','3','2016-02-29 14:39:17'),(25,127,'Host - UN conference','3','2016-02-29 15:05:11','3','2016-02-29 15:05:11'),(26,127,'Host - World Petroleum Conference','3','2016-02-29 15:05:28','3','2016-02-29 15:05:28'),(27,127,'Host - Doha Film Institute','3','2016-02-29 15:06:00','3','2016-02-29 15:06:00'),(28,127,'Host - 2 x world record attempt events','3','2016-02-29 15:06:40','3','2016-02-29 15:06:40'),(29,127,'Promoter - Ooredoo','3','2016-02-29 15:06:52','3','2016-02-29 15:06:52'),(30,127,'Coordinator - Run the World Festival','3','2016-02-29 15:07:27','3','2016-02-29 15:07:27'),(31,127,'Was an extra on The Film House QDSBG project - February 2016 - Fee QAR 600','3','2016-02-29 15:08:37','3','2016-02-29 15:08:37');

/*Table structure for table `tams_talent_documents` */

DROP TABLE IF EXISTS `tams_talent_documents`;

CREATE TABLE `tams_talent_documents` (
  `talent_document_id` int(11) NOT NULL AUTO_INCREMENT,
  `document_type_id` int(11) NOT NULL,
  `talent_id` int(11) NOT NULL,
  `document_description` varchar(255) DEFAULT NULL,
  `document_path` varchar(255) DEFAULT NULL,
  `document_status` varchar(50) DEFAULT 'active',
  `created_by` varchar(50) DEFAULT NULL,
  `created_on` datetime DEFAULT NULL,
  `last_modified_by` varchar(50) DEFAULT NULL,
  `last_modified_on` datetime DEFAULT NULL,
  PRIMARY KEY (`talent_document_id`)
) ENGINE=InnoDB AUTO_INCREMENT=48 DEFAULT CHARSET=latin1;

/*Data for the table `tams_talent_documents` */

insert  into `tams_talent_documents`(`talent_document_id`,`document_type_id`,`talent_id`,`document_description`,`document_path`,`document_status`,`created_by`,`created_on`,`last_modified_by`,`last_modified_on`) values (1,3,1,'Qatari ID','/talent/uploads/talent_documents/1_1.jpg','active','1','2016-02-15 00:11:18','1','2016-02-15 00:11:19'),(7,7,19,'CV','/talent/uploads/talent_documents/19_7.pdf','active','1','2016-02-22 13:33:00','1','2016-02-22 13:33:00'),(8,4,19,'Passport and Qatar ID Copies','/talent/uploads/talent_documents/19_8.pdf','active','1','2016-02-22 13:33:42','1','2016-02-22 13:33:42'),(9,7,20,'CV','/talent/uploads/talent_documents/20_9.pdf','active','1','2016-02-22 13:44:18','1','2016-02-22 13:44:18'),(10,3,20,'ID Copy','/talent/uploads/talent_documents/20_10.pdf','active','1','2016-02-22 13:45:15','1','2016-02-22 13:45:15'),(11,4,20,'Passport copy','/talent/uploads/talent_documents/20_11.pdf','active','1','2016-02-22 13:46:21','1','2016-02-22 13:46:21'),(12,4,21,'Passport copy','/talent/uploads/talent_documents/21_12.pdf','active','4','2016-02-22 14:05:49','4','2016-02-22 14:05:49'),(13,8,21,'Mum ID and passport copy','/talent/uploads/talent_documents/21_13.pdf','active','4','2016-02-22 14:06:48','4','2016-02-22 14:06:48'),(14,0,22,'Qatari ID','/talent/uploads/talent_documents/22_14.jpg','active','3','2016-02-22 14:11:52','3','2016-02-22 14:11:52'),(15,3,15,'Qatari ID','/talent/uploads/talent_documents/15_15.pdf','active','3','2016-02-22 14:16:06','3','2016-02-22 14:16:06'),(16,3,25,'ID Copy','/talent/uploads/talent_documents/25_16.jpg','active','4','2016-02-22 14:28:03','4','2016-02-22 14:28:03'),(17,4,25,'Passport copy','/talent/uploads/talent_documents/25_17.jpg','active','4','2016-02-22 14:28:20','4','2016-02-22 14:28:20'),(18,4,26,'Passport copy','/talent/uploads/talent_documents/26_18.jpg','active','4','2016-02-22 14:37:33','4','2016-02-22 14:37:33'),(19,3,26,'ID Copy','/talent/uploads/talent_documents/26_19.jpg','active','4','2016-02-22 14:37:55','4','2016-02-22 14:37:55'),(20,3,28,' ','/talent/uploads/talent_documents/28_20.jpg','active','3','2016-02-22 14:51:33','3','2016-02-22 14:51:33'),(21,3,30,' ','/talent/uploads/talent_documents/30_21.jpg','active','3','2016-02-22 15:04:52','3','2016-02-22 15:04:52'),(22,3,29,'Passport and Qatar ID Copies','/talent/uploads/talent_documents/29_22.pdf','active','4','2016-02-22 15:08:07','4','2016-02-22 15:08:07'),(23,0,32,'Qatari ID','/talent/uploads/talent_documents/32_23.jpg','active','3','2016-02-23 08:00:09','3','2016-02-23 08:00:09'),(24,3,34,'Qatari ID','/talent/uploads/talent_documents/34_24.jpg','active','3','2016-02-23 08:55:47','3','2016-02-23 08:55:47'),(25,4,31,'Passport copy','/talent/uploads/talent_documents/31_25.jpg','active','4','2016-02-23 11:41:59','4','2016-02-23 11:41:59'),(26,4,35,'Passport copy','/talent/uploads/talent_documents/35_26.jpg','active','4','2016-02-23 11:59:52','4','2016-02-23 11:59:52'),(27,7,35,'CV','/talent/uploads/talent_documents/35_27.pdf','active','4','2016-02-23 12:20:10','4','2016-02-23 12:20:10'),(28,7,36,'CV','/talent/uploads/talent_documents/36_28.jpg','active','4','2016-02-23 12:45:00','4','2016-02-23 12:45:00'),(29,3,36,'ID Copy','/talent/uploads/talent_documents/36_29.jpg','active','4','2016-02-23 12:46:15','4','2016-02-23 12:46:15'),(30,4,37,'Passport and Qatar ID Copies','/talent/uploads/talent_documents/37_30.pdf','active','4','2016-02-23 13:07:48','4','2016-02-23 13:07:48'),(31,7,37,'CV','/talent/uploads/talent_documents/37_31.pdf','active','4','2016-02-23 13:08:06','4','2016-02-23 13:08:06'),(32,4,39,'Passport and Qatar ID Copies','/talent/uploads/talent_documents/39_32.pdf','active','4','2016-02-23 13:39:27','4','2016-02-23 13:39:27'),(33,3,39,'Sponsor passport and ID copy','/talent/uploads/talent_documents/39_33.pdf','active','4','2016-02-23 13:40:21','4','2016-02-23 13:40:21'),(34,3,40,'ID Copy','/talent/uploads/talent_documents/40_34.jpg','active','4','2016-02-23 13:53:42','4','2016-02-23 13:53:42'),(35,4,40,'Passport copy','/talent/uploads/talent_documents/40_35.jpg','active','4','2016-02-23 13:54:45','4','2016-02-23 13:54:45'),(36,3,41,'ID Copy','/talent/uploads/talent_documents/41_36.jpg','active','4','2016-02-23 14:07:47','4','2016-02-23 14:07:47'),(37,4,41,'Passport copy','/talent/uploads/talent_documents/41_37.jpg','active','4','2016-02-23 14:08:23','4','2016-02-23 14:08:23'),(38,7,44,' ','/talent/uploads/talent_documents/44_38.pdf','active','3','2016-02-24 11:05:22','3','2016-02-24 11:05:23'),(39,3,45,'Qatari ID','/talent/uploads/talent_documents/45_39.jpg','active','3','2016-02-24 11:19:10','3','2016-02-24 11:19:10'),(40,0,47,'CV','/talent/uploads/talent_documents/47_40.pdf','active','3','2016-02-24 14:03:56','3','2016-02-24 14:03:56'),(41,7,42,'CV','/talent/uploads/talent_documents/42_41.pdf','active','4','2016-02-28 11:56:11','4','2016-02-28 11:56:11'),(42,4,42,'Passport and Qatar ID Copies','/talent/uploads/talent_documents/42_42.pdf','active','4','2016-02-28 11:56:36','4','2016-02-28 11:56:36'),(43,7,43,'CV','/talent/uploads/talent_documents/43_43.jpg','active','4','2016-02-28 12:16:21','4','2016-02-28 12:16:21'),(44,8,43,'CV Page 2','/talent/uploads/talent_documents/43_44.jpg','active','4','2016-02-28 12:16:47','4','2016-02-28 12:16:47'),(45,7,72,'CV','/talent/uploads/talent_documents/72_45.jpg','active','4','2016-02-28 13:25:47','4','2016-02-28 13:25:47'),(46,8,72,'CV Page 2','/talent/uploads/talent_documents/72_46.jpg','active','4','2016-02-28 13:28:07','4','2016-02-28 13:28:07'),(47,4,123,'Passport copy','/talent/uploads/talent_documents/123_47.jpg','active','3','2016-02-29 14:34:43','3','2016-02-29 14:34:43');

/*Table structure for table `tams_talent_experience` */

DROP TABLE IF EXISTS `tams_talent_experience`;

CREATE TABLE `tams_talent_experience` (
  `talent_experience_item_id` int(11) NOT NULL AUTO_INCREMENT,
  `talent_id` int(11) DEFAULT NULL,
  `experience_item_id` int(11) DEFAULT NULL,
  `experience_status` varchar(50) DEFAULT 'active',
  `created_by` varchar(50) DEFAULT NULL,
  `created_on` datetime DEFAULT NULL,
  `last_modified_by` varchar(50) DEFAULT NULL,
  `last_modified_on` datetime DEFAULT NULL,
  PRIMARY KEY (`talent_experience_item_id`)
) ENGINE=InnoDB AUTO_INCREMENT=422 DEFAULT CHARSET=latin1;

/*Data for the table `tams_talent_experience` */

insert  into `tams_talent_experience`(`talent_experience_item_id`,`talent_id`,`experience_item_id`,`experience_status`,`created_by`,`created_on`,`last_modified_by`,`last_modified_on`) values (1,1,1,'active','1','2016-02-15 00:11:35','1','2016-02-15 00:11:35'),(2,1,2,'active','1','2016-02-15 00:11:42','1','2016-02-15 00:11:42'),(8,16,1,'active','1','2016-02-22 12:23:36','1','2016-02-22 12:23:36'),(9,16,2,'active','1','2016-02-22 12:24:39','1','2016-02-22 12:24:39'),(10,16,23,'active','1','2016-02-22 12:30:16','1','2016-02-22 12:30:16'),(11,16,24,'active','1','2016-02-22 12:30:29','1','2016-02-22 12:30:29'),(12,17,24,'active','1','2016-02-22 12:49:10','1','2016-02-22 12:49:10'),(13,18,1,'active','1','2016-02-22 13:04:18','1','2016-02-22 13:04:18'),(14,18,38,'active','1','2016-02-22 13:08:09','1','2016-02-22 13:08:09'),(15,19,33,'active','1','2016-02-22 13:18:10','1','2016-02-22 13:18:10'),(16,19,24,'active','1','2016-02-22 13:18:20','1','2016-02-22 13:18:20'),(17,19,28,'active','1','2016-02-22 13:18:43','1','2016-02-22 13:18:43'),(18,20,1,'active','1','2016-02-22 13:46:39','1','2016-02-22 13:46:39'),(19,20,2,'active','1','2016-02-22 13:46:47','1','2016-02-22 13:46:47'),(20,20,24,'active','1','2016-02-22 13:47:01','1','2016-02-22 13:47:01'),(21,20,32,'active','1','2016-02-22 13:47:27','1','2016-02-22 13:47:27'),(22,20,29,'active','1','2016-02-22 13:48:02','1','2016-02-22 13:48:02'),(23,20,40,'active','1','2016-02-22 13:48:30','1','2016-02-22 13:48:30'),(24,15,34,'active','1','2016-02-22 14:00:11','1','2016-02-22 14:00:11'),(25,15,41,'active','1','2016-02-22 14:00:22','1','2016-02-22 14:00:22'),(26,15,35,'active','1','2016-02-22 14:00:27','1','2016-02-22 14:00:27'),(27,15,28,'active','1','2016-02-22 14:01:06','1','2016-02-22 14:01:06'),(28,22,2,'active','3','2016-02-22 14:12:22','3','2016-02-22 14:12:22'),(29,22,38,'active','3','2016-02-22 14:12:33','3','2016-02-22 14:12:33'),(30,23,28,'active','4','2016-02-22 14:15:23','4','2016-02-22 14:15:23'),(31,23,34,'active','4','2016-02-22 14:15:29','4','2016-02-22 14:15:29'),(32,23,32,'active','4','2016-02-22 14:15:34','4','2016-02-22 14:15:34'),(33,23,40,'active','4','2016-02-22 14:15:40','4','2016-02-22 14:15:40'),(34,23,29,'active','4','2016-02-22 14:15:52','4','2016-02-22 14:15:52'),(35,24,1,'active','3','2016-02-22 14:22:26','3','2016-02-22 14:22:26'),(36,24,38,'active','3','2016-02-22 14:22:44','3','2016-02-22 14:22:44'),(37,24,28,'active','3','2016-02-22 14:22:49','3','2016-02-22 14:22:49'),(38,24,41,'active','3','2016-02-22 14:22:59','3','2016-02-22 14:22:59'),(39,24,35,'active','3','2016-02-22 14:23:04','3','2016-02-22 14:23:04'),(40,24,34,'active','3','2016-02-22 14:23:08','3','2016-02-22 14:23:08'),(41,28,1,'active','3','2016-02-22 14:52:18','3','2016-02-22 14:52:18'),(42,28,38,'active','3','2016-02-22 14:52:23','3','2016-02-22 14:52:23'),(43,30,28,'active','3','2016-02-22 15:02:28','3','2016-02-22 15:02:28'),(44,30,24,'active','3','2016-02-22 15:02:35','3','2016-02-22 15:02:35'),(45,30,41,'active','3','2016-02-22 15:02:40','3','2016-02-22 15:02:40'),(46,30,34,'active','3','2016-02-22 15:02:52','3','2016-02-22 15:02:52'),(47,29,24,'active','4','2016-02-22 15:08:45','4','2016-02-22 15:08:45'),(48,29,28,'active','4','2016-02-22 15:09:20','4','2016-02-22 15:09:20'),(49,29,29,'active','4','2016-02-22 15:09:26','4','2016-02-22 15:09:26'),(50,31,38,'active','4','2016-02-22 15:20:05','4','2016-02-22 15:20:05'),(51,31,24,'active','4','2016-02-22 15:20:13','4','2016-02-22 15:20:13'),(52,31,41,'active','4','2016-02-22 15:20:19','4','2016-02-22 15:20:19'),(53,31,34,'active','4','2016-02-22 15:20:47','4','2016-02-22 15:20:47'),(54,32,28,'active','3','2016-02-23 07:59:04','3','2016-02-23 07:59:04'),(55,32,24,'active','3','2016-02-23 07:59:09','3','2016-02-23 07:59:09'),(56,32,41,'active','3','2016-02-23 07:59:15','3','2016-02-23 07:59:15'),(57,32,34,'active','3','2016-02-23 07:59:18','3','2016-02-23 07:59:18'),(58,32,35,'active','3','2016-02-23 07:59:26','3','2016-02-23 07:59:26'),(59,33,1,'active','3','2016-02-23 08:05:52','3','2016-02-23 08:05:52'),(60,33,24,'active','3','2016-02-23 08:05:56','3','2016-02-23 08:05:56'),(61,33,38,'active','3','2016-02-23 08:06:00','3','2016-02-23 08:06:00'),(62,34,35,'active','3','2016-02-23 08:58:19','3','2016-02-23 08:58:19'),(63,34,28,'active','3','2016-02-23 08:58:24','3','2016-02-23 08:58:24'),(64,34,41,'active','3','2016-02-23 08:58:28','3','2016-02-23 08:58:28'),(65,35,1,'active','4','2016-02-23 12:00:09','4','2016-02-23 12:00:09'),(66,35,38,'active','4','2016-02-23 12:00:19','4','2016-02-23 12:00:19'),(67,35,27,'active','4','2016-02-23 12:00:38','4','2016-02-23 12:00:38'),(68,35,24,'active','4','2016-02-23 12:01:08','4','2016-02-23 12:01:08'),(69,35,33,'active','4','2016-02-23 12:01:27','4','2016-02-23 12:01:27'),(70,35,41,'active','4','2016-02-23 12:01:52','4','2016-02-23 12:01:52'),(71,35,42,'active','4','2016-02-23 12:02:16','4','2016-02-23 12:02:16'),(72,35,28,'active','4','2016-02-23 12:02:42','4','2016-02-23 12:02:42'),(73,35,34,'active','4','2016-02-23 12:02:55','4','2016-02-23 12:02:55'),(74,35,40,'active','4','2016-02-23 12:03:07','4','2016-02-23 12:03:07'),(75,36,38,'active','4','2016-02-23 12:48:13','4','2016-02-23 12:48:13'),(76,36,41,'active','4','2016-02-23 12:48:46','4','2016-02-23 12:48:46'),(77,36,34,'active','4','2016-02-23 12:49:05','4','2016-02-23 12:49:05'),(78,37,1,'active','4','2016-02-23 12:57:54','4','2016-02-23 12:57:54'),(79,37,24,'active','4','2016-02-23 12:58:07','4','2016-02-23 12:58:07'),(80,37,23,'active','4','2016-02-23 12:58:17','4','2016-02-23 12:58:17'),(81,37,42,'active','4','2016-02-23 12:58:27','4','2016-02-23 12:58:27'),(82,37,40,'active','4','2016-02-23 12:58:35','4','2016-02-23 12:58:35'),(83,37,29,'active','4','2016-02-23 12:58:48','4','2016-02-23 12:58:48'),(84,38,24,'active','4','2016-02-23 13:17:12','4','2016-02-23 13:17:12'),(85,38,32,'active','4','2016-02-23 13:17:19','4','2016-02-23 13:17:19'),(86,38,28,'active','4','2016-02-23 13:17:42','4','2016-02-23 13:17:42'),(87,38,29,'active','4','2016-02-23 13:17:51','4','2016-02-23 13:17:51'),(88,39,1,'active','4','2016-02-23 13:34:28','4','2016-02-23 13:34:28'),(89,39,23,'active','4','2016-02-23 13:34:42','4','2016-02-23 13:34:42'),(90,39,2,'active','4','2016-02-23 13:34:51','4','2016-02-23 13:34:51'),(91,39,24,'active','4','2016-02-23 13:35:01','4','2016-02-23 13:35:01'),(92,39,42,'active','4','2016-02-23 13:35:07','4','2016-02-23 13:35:07'),(93,39,32,'active','4','2016-02-23 13:35:18','4','2016-02-23 13:35:18'),(94,40,1,'active','4','2016-02-23 13:49:08','4','2016-02-23 13:49:08'),(95,40,2,'active','4','2016-02-23 13:49:17','4','2016-02-23 13:49:17'),(96,40,24,'active','4','2016-02-23 13:49:25','4','2016-02-23 13:49:25'),(97,40,42,'active','4','2016-02-23 13:49:36','4','2016-02-23 13:49:36'),(98,41,1,'active','4','2016-02-23 14:03:32','4','2016-02-23 14:03:32'),(99,41,24,'active','4','2016-02-23 14:03:45','4','2016-02-23 14:03:45'),(100,42,1,'active','4','2016-02-23 14:17:12','4','2016-02-23 14:17:12'),(101,42,2,'active','4','2016-02-23 14:17:16','4','2016-02-23 14:17:16'),(102,42,41,'active','4','2016-02-23 14:17:25','4','2016-02-23 14:17:25'),(103,42,28,'active','4','2016-02-23 14:17:33','4','2016-02-23 14:17:33'),(104,42,34,'active','4','2016-02-23 14:17:49','4','2016-02-23 14:17:49'),(105,43,1,'active','4','2016-02-23 14:29:10','4','2016-02-23 14:29:10'),(106,43,38,'active','4','2016-02-23 14:29:20','4','2016-02-23 14:29:20'),(107,43,2,'active','4','2016-02-23 14:29:27','4','2016-02-23 14:29:27'),(108,43,34,'active','4','2016-02-23 14:29:37','4','2016-02-23 14:29:37'),(109,44,28,'active','3','2016-02-24 11:05:33','3','2016-02-24 11:05:33'),(110,44,35,'active','3','2016-02-24 11:05:37','3','2016-02-24 11:05:37'),(111,44,41,'active','3','2016-02-24 11:05:51','3','2016-02-24 11:05:51'),(112,45,28,'active','3','2016-02-24 11:18:30','3','2016-02-24 11:18:30'),(113,45,35,'active','3','2016-02-24 11:18:40','3','2016-02-24 11:18:40'),(114,45,41,'active','3','2016-02-24 11:18:44','3','2016-02-24 11:18:44'),(115,46,1,'active','3','2016-02-24 13:56:48','3','2016-02-24 13:56:48'),(116,46,38,'active','3','2016-02-24 13:56:55','3','2016-02-24 13:56:55'),(117,47,38,'active','3','2016-02-24 14:04:07','3','2016-02-24 14:04:07'),(118,47,41,'active','3','2016-02-24 14:04:14','3','2016-02-24 14:04:14'),(119,48,38,'active','3','2016-02-25 10:45:50','3','2016-02-25 10:45:50'),(120,48,41,'active','3','2016-02-25 10:45:54','3','2016-02-25 10:45:54'),(121,48,28,'active','3','2016-02-25 10:45:59','3','2016-02-25 10:45:59'),(122,49,28,'active','3','2016-02-25 10:50:40','3','2016-02-25 10:50:40'),(123,49,40,'active','3','2016-02-25 10:50:44','3','2016-02-25 10:50:44'),(124,49,34,'active','3','2016-02-25 10:50:47','3','2016-02-25 10:50:47'),(125,49,35,'active','3','2016-02-25 10:50:50','3','2016-02-25 10:50:50'),(126,49,29,'active','3','2016-02-25 10:50:54','3','2016-02-25 10:50:54'),(127,50,40,'active','3','2016-02-25 10:55:29','3','2016-02-25 10:55:29'),(128,50,28,'active','3','2016-02-25 10:55:32','3','2016-02-25 10:55:32'),(129,50,41,'active','3','2016-02-25 10:55:40','3','2016-02-25 10:55:40'),(130,51,1,'active','3','2016-02-25 11:06:52','3','2016-02-25 11:06:52'),(131,51,38,'active','3','2016-02-25 11:06:57','3','2016-02-25 11:06:57'),(132,52,28,'active','3','2016-02-25 11:18:09','3','2016-02-25 11:18:09'),(133,52,41,'active','3','2016-02-25 11:18:13','3','2016-02-25 11:18:13'),(134,52,34,'active','3','2016-02-25 11:18:19','3','2016-02-25 11:18:19'),(135,53,24,'active','3','2016-02-25 11:22:13','3','2016-02-25 11:22:13'),(136,53,28,'active','3','2016-02-25 11:22:20','3','2016-02-25 11:22:20'),(137,53,35,'active','3','2016-02-25 11:22:23','3','2016-02-25 11:22:23'),(138,53,34,'active','3','2016-02-25 11:22:26','3','2016-02-25 11:22:26'),(139,53,41,'active','3','2016-02-25 11:22:31','3','2016-02-25 11:22:31'),(140,54,28,'active','3','2016-02-25 11:26:03','3','2016-02-25 11:26:03'),(141,54,34,'active','3','2016-02-25 11:26:08','3','2016-02-25 11:26:08'),(142,54,35,'active','3','2016-02-25 11:26:11','3','2016-02-25 11:26:11'),(143,54,41,'active','3','2016-02-25 11:26:14','3','2016-02-25 11:26:14'),(144,54,38,'active','3','2016-02-25 11:26:19','3','2016-02-25 11:26:19'),(145,55,1,'active','3','2016-02-25 11:41:11','3','2016-02-25 11:41:11'),(146,55,38,'active','3','2016-02-25 11:41:15','3','2016-02-25 11:41:15'),(147,55,24,'active','3','2016-02-25 11:41:19','3','2016-02-25 11:41:19'),(148,56,24,'active','3','2016-02-25 11:44:06','3','2016-02-25 11:44:06'),(149,57,28,'active','3','2016-02-25 11:47:41','3','2016-02-25 11:47:41'),(150,57,41,'active','3','2016-02-25 11:47:47','3','2016-02-25 11:47:47'),(151,57,34,'active','3','2016-02-25 11:47:51','3','2016-02-25 11:47:51'),(152,58,34,'active','3','2016-02-25 11:57:58','3','2016-02-25 11:57:58'),(153,58,28,'active','3','2016-02-25 11:58:02','3','2016-02-25 11:58:02'),(154,59,34,'active','3','2016-02-25 12:09:08','3','2016-02-25 12:09:08'),(155,59,28,'active','3','2016-02-25 12:09:12','3','2016-02-25 12:09:12'),(156,59,41,'active','3','2016-02-25 12:09:17','3','2016-02-25 12:09:17'),(157,60,1,'active','3','2016-02-25 12:13:12','3','2016-02-25 12:13:12'),(158,60,28,'active','3','2016-02-25 12:13:16','3','2016-02-25 12:13:16'),(159,60,34,'active','3','2016-02-25 12:13:21','3','2016-02-25 12:13:21'),(160,60,41,'active','3','2016-02-25 12:13:24','3','2016-02-25 12:13:24'),(161,60,38,'active','3','2016-02-25 12:13:28','3','2016-02-25 12:13:28'),(162,61,28,'active','3','2016-02-25 12:19:25','3','2016-02-25 12:19:25'),(163,61,41,'active','3','2016-02-25 12:19:29','3','2016-02-25 12:19:29'),(164,61,34,'active','3','2016-02-25 12:19:33','3','2016-02-25 12:19:33'),(165,61,35,'active','3','2016-02-25 12:19:36','3','2016-02-25 12:19:36'),(166,62,1,'active','3','2016-02-25 14:13:35','3','2016-02-25 14:13:35'),(167,62,38,'active','3','2016-02-25 14:13:39','3','2016-02-25 14:13:39'),(168,63,1,'active','3','2016-02-25 14:16:34','3','2016-02-25 14:16:34'),(169,63,38,'active','3','2016-02-25 14:16:37','3','2016-02-25 14:16:37'),(170,64,28,'active','3','2016-02-25 14:21:02','3','2016-02-25 14:21:02'),(171,64,41,'active','3','2016-02-25 14:21:05','3','2016-02-25 14:21:05'),(172,64,35,'active','3','2016-02-25 14:21:10','3','2016-02-25 14:21:10'),(173,64,34,'active','3','2016-02-25 14:21:13','3','2016-02-25 14:21:13'),(174,65,2,'active','4','2016-02-28 12:27:00','4','2016-02-28 12:27:00'),(175,65,35,'active','4','2016-02-28 12:27:23','4','2016-02-28 12:27:23'),(176,65,41,'active','4','2016-02-28 12:27:31','4','2016-02-28 12:27:31'),(177,65,40,'active','4','2016-02-28 12:27:41','4','2016-02-28 12:27:41'),(178,65,34,'active','4','2016-02-28 12:27:51','4','2016-02-28 12:27:51'),(179,66,38,'active','4','2016-02-28 12:33:37','4','2016-02-28 12:33:37'),(180,66,31,'active','4','2016-02-28 12:33:45','4','2016-02-28 12:33:45'),(181,66,24,'active','4','2016-02-28 12:33:57','4','2016-02-28 12:33:57'),(182,66,28,'active','4','2016-02-28 12:34:17','4','2016-02-28 12:34:17'),(183,66,34,'active','4','2016-02-28 12:34:23','4','2016-02-28 12:34:23'),(184,66,40,'active','4','2016-02-28 12:34:28','4','2016-02-28 12:34:28'),(185,67,1,'active','4','2016-02-28 12:39:22','4','2016-02-28 12:39:22'),(186,67,2,'active','4','2016-02-28 12:39:25','4','2016-02-28 12:39:25'),(187,67,38,'active','4','2016-02-28 12:39:31','4','2016-02-28 12:39:31'),(188,68,1,'active','4','2016-02-28 12:45:57','4','2016-02-28 12:45:57'),(189,68,24,'active','4','2016-02-28 12:46:09','4','2016-02-28 12:46:09'),(190,68,41,'active','4','2016-02-28 12:46:16','4','2016-02-28 12:46:16'),(191,68,32,'active','4','2016-02-28 12:46:22','4','2016-02-28 12:46:22'),(192,68,37,'active','4','2016-02-28 12:46:30','4','2016-02-28 12:46:30'),(193,68,28,'active','4','2016-02-28 12:46:36','4','2016-02-28 12:46:36'),(194,68,40,'active','4','2016-02-28 12:46:41','4','2016-02-28 12:46:41'),(195,69,1,'active','4','2016-02-28 12:53:10','4','2016-02-28 12:53:10'),(196,69,38,'active','4','2016-02-28 12:53:16','4','2016-02-28 12:53:16'),(197,69,31,'active','4','2016-02-28 12:55:04','4','2016-02-28 12:55:04'),(198,69,24,'active','4','2016-02-28 12:55:08','4','2016-02-28 12:55:08'),(199,69,42,'active','4','2016-02-28 12:55:17','4','2016-02-28 12:55:17'),(200,69,43,'active','4','2016-02-28 12:57:44','4','2016-02-28 12:57:44'),(201,70,24,'active','4','2016-02-28 13:04:09','4','2016-02-28 13:04:09'),(202,70,34,'active','4','2016-02-28 13:04:14','4','2016-02-28 13:04:14'),(203,70,29,'active','4','2016-02-28 13:04:20','4','2016-02-28 13:04:20'),(204,71,34,'active','3','2016-02-28 13:04:55','3','2016-02-28 13:04:55'),(205,71,38,'active','3','2016-02-28 13:05:11','3','2016-02-28 13:05:11'),(206,71,28,'active','3','2016-02-28 13:05:18','3','2016-02-28 13:05:18'),(207,72,1,'active','4','2016-02-28 13:15:01','4','2016-02-28 13:15:01'),(208,73,32,'active','3','2016-02-28 13:15:17','3','2016-02-28 13:15:17'),(209,73,38,'active','3','2016-02-28 13:15:25','3','2016-02-28 13:15:25'),(210,73,40,'active','3','2016-02-28 13:15:33','3','2016-02-28 13:15:33'),(211,72,38,'active','4','2016-02-28 13:16:22','4','2016-02-28 13:16:22'),(212,72,24,'active','4','2016-02-28 13:16:45','4','2016-02-28 13:16:45'),(213,72,41,'active','4','2016-02-28 13:16:51','4','2016-02-28 13:16:51'),(214,72,28,'active','4','2016-02-28 13:16:57','4','2016-02-28 13:16:57'),(215,72,40,'active','4','2016-02-28 13:18:24','4','2016-02-28 13:18:24'),(216,72,34,'active','4','2016-02-28 13:18:30','4','2016-02-28 13:18:30'),(217,74,28,'active','3','2016-02-28 13:21:14','3','2016-02-28 13:21:14'),(218,74,34,'active','3','2016-02-28 13:21:18','3','2016-02-28 13:21:18'),(219,74,41,'active','3','2016-02-28 13:21:22','3','2016-02-28 13:21:22'),(220,74,35,'active','3','2016-02-28 13:21:26','3','2016-02-28 13:21:26'),(221,74,40,'active','3','2016-02-28 13:21:39','3','2016-02-28 13:21:39'),(222,75,1,'active','3','2016-02-28 13:28:15','3','2016-02-28 13:28:15'),(223,75,38,'active','3','2016-02-28 13:28:19','3','2016-02-28 13:28:19'),(224,76,1,'active','3','2016-02-28 13:30:11','3','2016-02-28 13:30:11'),(225,76,38,'active','3','2016-02-28 13:30:15','3','2016-02-28 13:30:15'),(226,77,1,'active','3','2016-02-28 13:35:26','3','2016-02-28 13:35:26'),(227,77,38,'active','3','2016-02-28 13:35:31','3','2016-02-28 13:35:31'),(228,78,1,'active','4','2016-02-28 13:41:29','4','2016-02-28 13:41:29'),(229,79,2,'active','3','2016-02-28 13:42:16','3','2016-02-28 13:42:16'),(230,79,1,'active','3','2016-02-28 13:42:23','3','2016-02-28 13:42:23'),(231,79,38,'active','3','2016-02-28 13:42:27','3','2016-02-28 13:42:27'),(232,78,24,'active','4','2016-02-28 13:43:06','4','2016-02-28 13:43:06'),(233,78,28,'active','4','2016-02-28 13:43:14','4','2016-02-28 13:43:14'),(234,78,34,'active','4','2016-02-28 13:43:21','4','2016-02-28 13:43:21'),(235,78,29,'active','4','2016-02-28 13:43:29','4','2016-02-28 13:43:29'),(236,81,2,'active','3','2016-02-28 13:45:51','3','2016-02-28 13:45:51'),(237,81,41,'active','3','2016-02-28 13:46:01','3','2016-02-28 13:46:01'),(238,81,38,'active','3','2016-02-28 13:46:06','3','2016-02-28 13:46:06'),(239,81,28,'active','3','2016-02-28 13:46:12','3','2016-02-28 13:46:12'),(240,82,2,'active','3','2016-02-28 13:49:57','3','2016-02-28 13:49:57'),(241,82,41,'active','3','2016-02-28 13:50:03','3','2016-02-28 13:50:03'),(242,82,28,'active','3','2016-02-28 13:50:07','3','2016-02-28 13:50:07'),(243,82,35,'active','3','2016-02-28 13:50:15','3','2016-02-28 13:50:15'),(244,82,34,'active','3','2016-02-28 13:50:18','3','2016-02-28 13:50:18'),(245,83,1,'active','4','2016-02-28 13:51:24','4','2016-02-28 13:51:24'),(246,83,2,'active','4','2016-02-28 13:51:35','4','2016-02-28 13:51:35'),(247,83,23,'active','4','2016-02-28 13:51:41','4','2016-02-28 13:51:41'),(248,83,41,'active','4','2016-02-28 13:51:48','4','2016-02-28 13:51:48'),(249,83,28,'active','4','2016-02-28 13:51:57','4','2016-02-28 13:51:57'),(250,83,40,'active','4','2016-02-28 13:52:05','4','2016-02-28 13:52:05'),(251,83,34,'active','4','2016-02-28 13:52:17','4','2016-02-28 13:52:17'),(252,83,43,'active','4','2016-02-28 13:52:26','4','2016-02-28 13:52:26'),(253,84,1,'active','3','2016-02-28 13:53:12','3','2016-02-28 13:53:12'),(254,84,28,'active','3','2016-02-28 13:53:19','3','2016-02-28 13:53:19'),(255,84,34,'active','3','2016-02-28 13:53:24','3','2016-02-28 13:53:24'),(256,84,35,'active','3','2016-02-28 13:53:35','3','2016-02-28 13:53:35'),(257,84,37,'active','3','2016-02-28 13:53:45','3','2016-02-28 13:53:45'),(258,86,24,'active','4','2016-02-28 13:58:29','4','2016-02-28 13:58:29'),(259,86,25,'active','4','2016-02-28 13:58:39','4','2016-02-28 13:58:39'),(260,86,32,'active','4','2016-02-28 13:58:46','4','2016-02-28 13:58:46'),(261,86,28,'active','4','2016-02-28 13:58:57','4','2016-02-28 13:58:57'),(262,86,34,'active','4','2016-02-28 13:59:02','4','2016-02-28 13:59:02'),(263,86,29,'active','4','2016-02-28 13:59:11','4','2016-02-28 13:59:11'),(264,86,27,'active','4','2016-02-28 13:59:19','4','2016-02-28 13:59:19'),(265,87,39,'active','3','2016-02-28 14:04:40','3','2016-02-28 14:04:40'),(266,87,44,'active','3','2016-02-28 14:05:06','3','2016-02-28 14:05:06'),(267,81,1,'active','4','2016-02-28 14:08:48','4','2016-02-28 14:08:48'),(268,81,24,'active','4','2016-02-28 14:09:05','4','2016-02-28 14:09:05'),(269,88,24,'active','3','2016-02-28 14:09:27','3','2016-02-28 14:09:27'),(270,88,35,'active','3','2016-02-28 14:09:32','3','2016-02-28 14:09:32'),(271,88,41,'active','3','2016-02-28 14:09:43','3','2016-02-28 14:09:43'),(272,88,28,'active','3','2016-02-28 14:09:58','3','2016-02-28 14:09:58'),(273,89,41,'active','3','2016-02-28 14:13:20','3','2016-02-28 14:13:20'),(274,89,34,'active','3','2016-02-28 14:13:31','3','2016-02-28 14:13:31'),(275,89,28,'active','3','2016-02-28 14:13:41','3','2016-02-28 14:13:41'),(276,89,40,'active','3','2016-02-28 14:13:48','3','2016-02-28 14:13:48'),(277,90,38,'active','4','2016-02-28 14:20:48','4','2016-02-28 14:20:48'),(278,90,24,'active','4','2016-02-28 14:20:54','4','2016-02-28 14:20:54'),(279,90,29,'active','4','2016-02-28 14:21:00','4','2016-02-28 14:21:00'),(280,91,1,'active','3','2016-02-28 14:21:09','3','2016-02-28 14:21:09'),(281,91,38,'active','3','2016-02-28 14:21:13','3','2016-02-28 14:21:13'),(282,91,33,'active','3','2016-02-28 14:21:31','3','2016-02-28 14:21:31'),(283,92,1,'active','4','2016-02-28 14:26:13','4','2016-02-28 14:26:13'),(284,92,38,'active','4','2016-02-28 14:26:20','4','2016-02-28 14:26:20'),(285,92,29,'active','4','2016-02-28 14:26:27','4','2016-02-28 14:26:27'),(286,92,31,'active','4','2016-02-28 14:26:35','4','2016-02-28 14:26:35'),(287,92,28,'active','4','2016-02-28 14:26:40','4','2016-02-28 14:26:40'),(288,92,41,'active','4','2016-02-28 14:26:45','4','2016-02-28 14:26:45'),(289,92,32,'active','4','2016-02-28 14:26:50','4','2016-02-28 14:26:50'),(290,92,42,'active','4','2016-02-28 14:26:55','4','2016-02-28 14:26:55'),(291,93,43,'active','3','2016-02-28 14:30:21','3','2016-02-28 14:30:21'),(292,93,35,'active','3','2016-02-28 14:30:31','3','2016-02-28 14:30:31'),(293,93,28,'active','3','2016-02-28 14:30:41','3','2016-02-28 14:30:41'),(294,93,38,'active','3','2016-02-28 14:30:52','3','2016-02-28 14:30:52'),(295,94,1,'active','4','2016-02-28 14:31:57','4','2016-02-28 14:31:57'),(296,94,36,'active','4','2016-02-28 14:32:04','4','2016-02-28 14:32:04'),(297,94,31,'active','4','2016-02-28 14:32:08','4','2016-02-28 14:32:08'),(298,94,24,'active','4','2016-02-28 14:32:13','4','2016-02-28 14:32:13'),(299,94,37,'active','4','2016-02-28 14:32:22','4','2016-02-28 14:32:22'),(300,94,28,'active','4','2016-02-28 14:32:28','4','2016-02-28 14:32:28'),(301,95,1,'active','3','2016-02-28 14:35:01','3','2016-02-28 14:35:01'),(302,95,28,'active','3','2016-02-28 14:35:07','3','2016-02-28 14:35:07'),(303,95,34,'active','3','2016-02-28 14:35:16','3','2016-02-28 14:35:16'),(304,95,41,'active','3','2016-02-28 14:35:19','3','2016-02-28 14:35:19'),(305,95,35,'active','3','2016-02-28 14:35:24','3','2016-02-28 14:35:24'),(306,96,1,'active','4','2016-02-28 14:39:33','4','2016-02-28 14:39:33'),(307,96,38,'active','4','2016-02-28 14:39:37','4','2016-02-28 14:39:37'),(308,96,2,'active','4','2016-02-28 14:39:43','4','2016-02-28 14:39:43'),(309,96,24,'active','4','2016-02-28 14:39:50','4','2016-02-28 14:39:50'),(310,97,41,'active','3','2016-02-28 14:39:53','3','2016-02-28 14:39:53'),(311,97,29,'active','3','2016-02-28 14:39:57','3','2016-02-28 14:39:57'),(312,97,28,'active','3','2016-02-28 14:40:04','3','2016-02-28 14:40:04'),(313,97,38,'active','3','2016-02-28 14:40:08','3','2016-02-28 14:40:08'),(314,97,34,'active','3','2016-02-28 14:40:12','3','2016-02-28 14:40:12'),(315,98,28,'active','3','2016-02-28 14:43:37','3','2016-02-28 14:43:37'),(316,98,40,'active','3','2016-02-28 14:43:42','3','2016-02-28 14:43:42'),(317,98,24,'active','3','2016-02-28 14:43:45','3','2016-02-28 14:43:45'),(318,99,32,'active','4','2016-02-28 14:45:09','4','2016-02-28 14:45:09'),(319,99,34,'active','4','2016-02-28 14:45:15','4','2016-02-28 14:45:15'),(320,99,40,'active','4','2016-02-28 14:45:22','4','2016-02-28 14:45:22'),(321,100,38,'active','4','2016-02-28 14:54:15','4','2016-02-28 14:54:15'),(322,100,41,'active','4','2016-02-28 14:54:31','4','2016-02-28 14:54:31'),(323,100,32,'active','4','2016-02-28 14:54:38','4','2016-02-28 14:54:38'),(324,100,28,'active','4','2016-02-28 14:54:58','4','2016-02-28 14:54:58'),(325,100,34,'active','4','2016-02-28 14:55:04','4','2016-02-28 14:55:04'),(326,100,29,'active','4','2016-02-28 14:55:11','4','2016-02-28 14:55:11'),(327,100,40,'active','4','2016-02-28 14:55:17','4','2016-02-28 14:55:17'),(328,101,28,'active','3','2016-02-28 14:59:18','3','2016-02-28 14:59:18'),(329,101,35,'active','3','2016-02-28 14:59:23','3','2016-02-28 14:59:23'),(330,101,34,'active','3','2016-02-28 14:59:30','3','2016-02-28 14:59:30'),(331,101,41,'active','3','2016-02-28 14:59:44','3','2016-02-28 14:59:44'),(332,102,1,'active','4','2016-02-28 15:02:27','4','2016-02-28 15:02:27'),(333,102,38,'active','4','2016-02-28 15:02:31','4','2016-02-28 15:02:31'),(334,102,34,'active','4','2016-02-28 15:02:38','4','2016-02-28 15:02:38'),(335,102,29,'active','4','2016-02-28 15:02:44','4','2016-02-28 15:02:44'),(336,102,28,'active','4','2016-02-28 15:02:53','4','2016-02-28 15:02:53'),(337,102,32,'active','4','2016-02-28 15:03:04','4','2016-02-28 15:03:04'),(338,103,1,'active','3','2016-02-28 15:04:21','3','2016-02-28 15:04:21'),(339,103,38,'active','3','2016-02-28 15:04:27','3','2016-02-28 15:04:27'),(340,104,1,'active','3','2016-02-28 15:07:24','3','2016-02-28 15:07:24'),(341,104,38,'active','3','2016-02-28 15:07:28','3','2016-02-28 15:07:28'),(342,106,1,'active','3','2016-02-28 15:10:58','3','2016-02-28 15:10:58'),(343,106,38,'active','3','2016-02-28 15:11:03','3','2016-02-28 15:11:03'),(344,105,38,'active','4','2016-02-28 15:13:12','4','2016-02-28 15:13:12'),(345,105,23,'active','4','2016-02-28 15:13:21','4','2016-02-28 15:13:21'),(346,105,24,'active','4','2016-02-28 15:13:34','4','2016-02-28 15:13:34'),(347,105,32,'active','4','2016-02-28 15:13:41','4','2016-02-28 15:13:41'),(348,107,41,'active','3','2016-02-28 15:13:45','3','2016-02-28 15:13:45'),(349,105,28,'active','4','2016-02-28 15:13:47','4','2016-02-28 15:13:47'),(350,107,35,'active','3','2016-02-28 15:13:54','3','2016-02-28 15:13:54'),(351,105,34,'active','4','2016-02-28 15:13:56','4','2016-02-28 15:13:56'),(352,107,28,'active','3','2016-02-28 15:14:00','3','2016-02-28 15:14:00'),(353,105,40,'active','4','2016-02-28 15:14:01','4','2016-02-28 15:14:01'),(354,108,1,'active','3','2016-02-28 15:17:01','3','2016-02-28 15:17:01'),(355,108,41,'active','3','2016-02-28 15:17:06','3','2016-02-28 15:17:06'),(356,108,28,'active','3','2016-02-28 15:17:11','3','2016-02-28 15:17:11'),(357,108,34,'active','3','2016-02-28 15:17:16','3','2016-02-28 15:17:16'),(358,109,38,'active','4','2016-02-28 15:19:15','4','2016-02-28 15:19:15'),(359,109,24,'active','4','2016-02-28 15:19:23','4','2016-02-28 15:19:23'),(360,109,27,'active','4','2016-02-28 15:19:28','4','2016-02-28 15:19:28'),(361,110,31,'active','4','2016-02-28 15:24:46','4','2016-02-28 15:24:46'),(362,110,24,'active','4','2016-02-28 15:24:56','4','2016-02-28 15:24:56'),(363,110,34,'active','4','2016-02-28 15:25:04','4','2016-02-28 15:25:04'),(364,113,1,'active','4','2016-02-29 12:31:00','4','2016-02-29 12:31:00'),(365,113,38,'active','4','2016-02-29 12:31:08','4','2016-02-29 12:31:08'),(366,113,41,'active','4','2016-02-29 12:31:20','4','2016-02-29 12:31:20'),(367,113,28,'active','4','2016-02-29 12:31:30','4','2016-02-29 12:31:30'),(368,113,29,'active','4','2016-02-29 12:31:36','4','2016-02-29 12:31:36'),(369,115,28,'active','3','2016-02-29 13:59:30','3','2016-02-29 13:59:30'),(370,115,40,'active','3','2016-02-29 14:00:43','3','2016-02-29 14:00:43'),(371,114,1,'active','4','2016-02-29 14:00:48','4','2016-02-29 14:00:48'),(372,115,35,'active','3','2016-02-29 14:00:50','3','2016-02-29 14:00:50'),(373,114,38,'active','4','2016-02-29 14:01:04','4','2016-02-29 14:01:04'),(374,114,24,'active','4','2016-02-29 14:02:29','4','2016-02-29 14:02:29'),(375,114,42,'active','4','2016-02-29 14:02:37','4','2016-02-29 14:02:37'),(376,116,39,'active','3','2016-02-29 14:08:02','3','2016-02-29 14:08:02'),(377,117,1,'active','4','2016-02-29 14:12:16','4','2016-02-29 14:12:16'),(378,118,1,'active','3','2016-02-29 14:13:03','3','2016-02-29 14:13:03'),(379,117,2,'active','4','2016-02-29 14:13:06','4','2016-02-29 14:13:06'),(380,118,38,'active','3','2016-02-29 14:13:09','3','2016-02-29 14:13:09'),(381,117,38,'active','4','2016-02-29 14:13:14','4','2016-02-29 14:13:14'),(382,117,24,'active','4','2016-02-29 14:13:23','4','2016-02-29 14:13:23'),(383,119,41,'active','3','2016-02-29 14:17:15','3','2016-02-29 14:17:15'),(384,119,28,'active','3','2016-02-29 14:17:20','3','2016-02-29 14:17:20'),(385,119,34,'active','3','2016-02-29 14:17:28','3','2016-02-29 14:17:28'),(386,120,1,'active','4','2016-02-29 14:18:10','4','2016-02-29 14:18:10'),(387,120,38,'active','4','2016-02-29 14:18:29','4','2016-02-29 14:18:29'),(388,121,41,'active','3','2016-02-29 14:20:16','3','2016-02-29 14:20:16'),(389,121,28,'active','3','2016-02-29 14:20:23','3','2016-02-29 14:20:23'),(390,121,35,'active','3','2016-02-29 14:20:30','3','2016-02-29 14:20:30'),(391,123,40,'active','3','2016-02-29 14:36:39','3','2016-02-29 14:36:39'),(392,123,1,'active','3','2016-02-29 14:37:07','3','2016-02-29 14:37:07'),(393,123,38,'active','3','2016-02-29 14:37:13','3','2016-02-29 14:37:13'),(394,124,1,'active','3','2016-02-29 14:48:58','3','2016-02-29 14:48:58'),(395,124,24,'active','3','2016-02-29 14:49:01','3','2016-02-29 14:49:01'),(396,124,38,'active','3','2016-02-29 14:49:08','3','2016-02-29 14:49:08'),(397,122,1,'active','4','2016-02-29 14:49:29','4','2016-02-29 14:49:29'),(398,122,38,'active','4','2016-02-29 14:50:04','4','2016-02-29 14:50:04'),(399,122,24,'active','4','2016-02-29 14:50:10','4','2016-02-29 14:50:10'),(400,122,42,'active','4','2016-02-29 14:50:20','4','2016-02-29 14:50:20'),(401,125,38,'active','3','2016-02-29 14:53:37','3','2016-02-29 14:53:37'),(402,125,24,'active','3','2016-02-29 14:53:48','3','2016-02-29 14:53:48'),(403,126,38,'active','4','2016-02-29 15:01:14','4','2016-02-29 15:01:14'),(404,126,24,'active','4','2016-02-29 15:01:21','4','2016-02-29 15:01:21'),(405,126,41,'active','4','2016-02-29 15:01:26','4','2016-02-29 15:01:26'),(406,126,28,'active','4','2016-02-29 15:01:36','4','2016-02-29 15:01:36'),(407,126,34,'active','4','2016-02-29 15:01:42','4','2016-02-29 15:01:42'),(408,126,40,'active','4','2016-02-29 15:01:46','4','2016-02-29 15:01:46'),(409,127,35,'active','3','2016-02-29 15:07:41','3','2016-02-29 15:07:41'),(410,127,28,'active','3','2016-02-29 15:07:45','3','2016-02-29 15:07:45'),(411,127,41,'active','3','2016-02-29 15:07:49','3','2016-02-29 15:07:49'),(412,127,34,'active','3','2016-02-29 15:07:54','3','2016-02-29 15:07:54'),(413,128,1,'active','4','2016-02-29 15:09:29','4','2016-02-29 15:09:29'),(414,128,2,'active','4','2016-02-29 15:09:35','4','2016-02-29 15:09:35'),(415,128,38,'active','4','2016-02-29 15:09:39','4','2016-02-29 15:09:39'),(416,128,24,'active','4','2016-02-29 15:09:44','4','2016-02-29 15:09:44'),(417,129,28,'active','3','2016-02-29 15:14:34','3','2016-02-29 15:14:34'),(418,129,35,'active','3','2016-02-29 15:14:38','3','2016-02-29 15:14:38'),(419,129,41,'active','3','2016-02-29 15:14:42','3','2016-02-29 15:14:42'),(420,129,38,'active','3','2016-02-29 15:14:46','3','2016-02-29 15:14:46'),(421,129,34,'active','3','2016-02-29 15:14:51','3','2016-02-29 15:14:51');

/*Table structure for table `tams_talent_language` */

DROP TABLE IF EXISTS `tams_talent_language`;

CREATE TABLE `tams_talent_language` (
  `talent_language_id` int(11) NOT NULL AUTO_INCREMENT,
  `talent_id` int(11) NOT NULL,
  `language_id` int(11) DEFAULT NULL,
  `language_status` varchar(50) DEFAULT 'active',
  `created_by` varchar(50) DEFAULT NULL,
  `created_on` datetime DEFAULT NULL,
  `last_modified_by` varchar(50) DEFAULT NULL,
  `last_modified_on` datetime DEFAULT NULL,
  PRIMARY KEY (`talent_language_id`)
) ENGINE=InnoDB AUTO_INCREMENT=127 DEFAULT CHARSET=latin1;

/*Data for the table `tams_talent_language` */

insert  into `tams_talent_language`(`talent_language_id`,`talent_id`,`language_id`,`language_status`,`created_by`,`created_on`,`last_modified_by`,`last_modified_on`) values (1,1,1,'active','1','2016-02-15 00:11:51','1','2016-02-15 00:11:51'),(2,1,5,'active','1','2016-02-15 00:11:58','1','2016-02-15 00:11:58'),(4,16,2,'active','1','2016-02-22 12:33:38','1','2016-02-22 12:33:38'),(5,16,1,'active','1','2016-02-22 12:33:53','1','2016-02-22 12:33:53'),(6,17,2,'active','1','2016-02-22 12:55:06','1','2016-02-22 12:55:06'),(7,17,1,'active','1','2016-02-22 12:55:16','1','2016-02-22 12:55:16'),(8,18,1,'active','1','2016-02-22 13:08:20','1','2016-02-22 13:08:20'),(9,19,1,'active','1','2016-02-22 13:18:52','1','2016-02-22 13:18:52'),(10,20,1,'active','1','2016-02-22 13:48:46','1','2016-02-22 13:48:46'),(11,20,5,'active','1','2016-02-22 13:49:02','1','2016-02-22 13:49:02'),(12,21,1,'active','1','2016-02-22 13:57:12','1','2016-02-22 13:57:12'),(13,23,1,'active','4','2016-02-22 14:16:18','4','2016-02-22 14:16:18'),(14,24,7,'active','3','2016-02-22 14:24:04','3','2016-02-22 14:24:04'),(15,24,1,'active','3','2016-02-22 14:24:12','3','2016-02-22 14:24:12'),(16,25,1,'active','4','2016-02-22 14:29:00','4','2016-02-22 14:29:00'),(17,26,1,'active','4','2016-02-22 14:38:05','4','2016-02-22 14:38:05'),(18,29,1,'active','4','2016-02-22 15:09:32','4','2016-02-22 15:09:32'),(19,29,8,'active','4','2016-02-22 15:10:17','4','2016-02-22 15:10:17'),(20,31,1,'active','4','2016-02-22 15:15:59','4','2016-02-22 15:15:59'),(21,31,2,'active','4','2016-02-22 15:16:05','4','2016-02-22 15:16:05'),(22,32,1,'active','3','2016-02-23 08:00:15','3','2016-02-23 08:00:15'),(23,34,8,'active','3','2016-02-23 08:58:50','3','2016-02-23 08:58:50'),(24,34,9,'active','3','2016-02-23 09:00:10','3','2016-02-23 09:00:10'),(25,34,10,'active','3','2016-02-23 09:00:13','3','2016-02-23 09:00:13'),(26,35,1,'active','4','2016-02-23 12:03:56','4','2016-02-23 12:03:56'),(27,35,2,'active','4','2016-02-23 12:04:49','4','2016-02-23 12:04:49'),(28,36,1,'active','4','2016-02-23 12:33:36','4','2016-02-23 12:33:36'),(29,35,13,'active','4','2016-02-23 12:43:09','4','2016-02-23 12:43:09'),(30,36,12,'active','4','2016-02-23 12:43:45','4','2016-02-23 12:43:45'),(31,36,13,'active','4','2016-02-23 12:43:57','4','2016-02-23 12:43:57'),(32,36,9,'active','4','2016-02-23 12:44:11','4','2016-02-23 12:44:11'),(33,37,2,'active','4','2016-02-23 12:59:00','4','2016-02-23 12:59:00'),(34,37,1,'active','4','2016-02-23 12:59:18','4','2016-02-23 12:59:18'),(35,37,14,'active','4','2016-02-23 13:00:29','4','2016-02-23 13:00:29'),(36,38,1,'active','4','2016-02-23 13:18:14','4','2016-02-23 13:18:14'),(37,39,1,'active','4','2016-02-23 13:35:27','4','2016-02-23 13:35:27'),(38,40,1,'active','4','2016-02-23 13:49:53','4','2016-02-23 13:49:53'),(39,41,1,'active','4','2016-02-23 14:04:11','4','2016-02-23 14:04:11'),(40,42,1,'active','4','2016-02-23 14:18:20','4','2016-02-23 14:18:20'),(41,42,9,'active','4','2016-02-23 14:18:28','4','2016-02-23 14:18:28'),(42,43,1,'active','4','2016-02-23 14:30:00','4','2016-02-23 14:30:00'),(43,44,9,'active','3','2016-02-24 11:06:02','3','2016-02-24 11:06:02'),(44,44,10,'active','3','2016-02-24 11:06:09','3','2016-02-24 11:06:09'),(45,44,2,'active','3','2016-02-24 11:06:15','3','2016-02-24 11:06:15'),(46,44,1,'active','3','2016-02-24 11:06:19','3','2016-02-24 11:06:19'),(47,45,9,'active','3','2016-02-24 11:19:18','3','2016-02-24 11:19:18'),(48,45,15,'active','3','2016-02-24 11:19:50','3','2016-02-24 11:19:50'),(49,46,16,'active','3','2016-02-24 13:59:12','3','2016-02-24 13:59:12'),(50,48,9,'active','3','2016-02-25 10:46:05','3','2016-02-25 10:46:05'),(51,48,10,'active','3','2016-02-25 10:46:09','3','2016-02-25 10:46:09'),(52,50,9,'active','3','2016-02-25 10:55:45','3','2016-02-25 10:55:45'),(53,50,10,'active','3','2016-02-25 10:55:48','3','2016-02-25 10:55:48'),(54,55,14,'active','3','2016-02-25 11:41:27','3','2016-02-25 11:41:27'),(55,56,14,'active','3','2016-02-25 11:44:11','3','2016-02-25 11:44:11'),(56,61,5,'active','3','2016-02-25 12:19:46','3','2016-02-25 12:19:46'),(57,65,1,'active','4','2016-02-28 12:27:59','4','2016-02-28 12:27:59'),(58,65,9,'active','4','2016-02-28 12:28:05','4','2016-02-28 12:28:05'),(59,66,1,'active','4','2016-02-28 12:34:35','4','2016-02-28 12:34:35'),(60,66,9,'active','4','2016-02-28 12:34:39','4','2016-02-28 12:34:39'),(61,67,1,'active','4','2016-02-28 12:39:35','4','2016-02-28 12:39:35'),(62,67,14,'active','4','2016-02-28 12:39:40','4','2016-02-28 12:39:40'),(63,67,2,'active','4','2016-02-28 12:39:44','4','2016-02-28 12:39:44'),(64,68,1,'active','4','2016-02-28 12:46:47','4','2016-02-28 12:46:47'),(65,68,2,'active','4','2016-02-28 12:46:51','4','2016-02-28 12:46:51'),(66,69,2,'active','4','2016-02-28 12:57:51','4','2016-02-28 12:57:51'),(67,69,1,'active','4','2016-02-28 12:57:55','4','2016-02-28 12:57:55'),(68,70,1,'active','4','2016-02-28 13:04:27','4','2016-02-28 13:04:27'),(69,73,14,'active','3','2016-02-28 13:15:00','3','2016-02-28 13:15:00'),(70,72,1,'active','4','2016-02-28 13:18:37','4','2016-02-28 13:18:37'),(71,72,2,'active','4','2016-02-28 13:19:04','4','2016-02-28 13:19:04'),(72,74,14,'active','3','2016-02-28 13:21:47','3','2016-02-28 13:21:47'),(73,74,2,'active','3','2016-02-28 13:21:51','3','2016-02-28 13:21:51'),(74,77,17,'active','3','2016-02-28 13:36:11','3','2016-02-28 13:36:11'),(75,78,1,'active','4','2016-02-28 13:43:40','4','2016-02-28 13:43:40'),(76,78,16,'active','4','2016-02-28 13:43:47','4','2016-02-28 13:43:47'),(77,78,2,'active','4','2016-02-28 13:43:56','4','2016-02-28 13:43:56'),(78,83,1,'active','4','2016-02-28 13:52:37','4','2016-02-28 13:52:37'),(79,83,2,'active','4','2016-02-28 13:52:42','4','2016-02-28 13:52:42'),(80,84,14,'active','3','2016-02-28 13:53:52','3','2016-02-28 13:53:52'),(81,84,2,'active','3','2016-02-28 13:53:58','3','2016-02-28 13:53:58'),(82,86,1,'active','4','2016-02-28 13:59:29','4','2016-02-28 13:59:29'),(83,86,17,'active','4','2016-02-28 13:59:38','4','2016-02-28 13:59:38'),(84,81,1,'active','4','2016-02-28 14:09:32','4','2016-02-28 14:09:32'),(85,81,2,'active','4','2016-02-28 14:09:47','4','2016-02-28 14:09:47'),(86,89,18,'active','3','2016-02-28 14:14:28','3','2016-02-28 14:14:28'),(87,90,1,'active','4','2016-02-28 14:21:06','4','2016-02-28 14:21:06'),(88,90,12,'active','4','2016-02-28 14:21:14','4','2016-02-28 14:21:14'),(89,91,14,'active','3','2016-02-28 14:23:02','3','2016-02-28 14:23:02'),(90,92,1,'active','4','2016-02-28 14:27:05','4','2016-02-28 14:27:05'),(91,93,19,'active','3','2016-02-28 14:31:45','3','2016-02-28 14:31:45'),(92,93,14,'active','3','2016-02-28 14:31:53','3','2016-02-28 14:31:53'),(93,94,1,'active','4','2016-02-28 14:32:45','4','2016-02-28 14:32:45'),(94,94,16,'active','4','2016-02-28 14:32:49','4','2016-02-28 14:32:49'),(95,96,1,'active','4','2016-02-28 14:40:01','4','2016-02-28 14:40:01'),(96,97,2,'active','3','2016-02-28 14:40:21','3','2016-02-28 14:40:21'),(97,97,14,'active','3','2016-02-28 14:40:27','3','2016-02-28 14:40:27'),(98,98,2,'active','3','2016-02-28 14:43:54','3','2016-02-28 14:43:54'),(99,98,8,'active','3','2016-02-28 14:44:01','3','2016-02-28 14:44:01'),(100,99,1,'active','4','2016-02-28 14:45:31','4','2016-02-28 14:45:31'),(101,99,2,'active','4','2016-02-28 14:45:37','4','2016-02-28 14:45:37'),(102,100,1,'active','4','2016-02-28 14:55:22','4','2016-02-28 14:55:22'),(103,101,20,'active','3','2016-02-28 15:00:29','3','2016-02-28 15:00:29'),(104,102,1,'active','4','2016-02-28 15:03:08','4','2016-02-28 15:03:08'),(105,102,2,'active','4','2016-02-28 15:03:12','4','2016-02-28 15:03:12'),(106,103,17,'active','3','2016-02-28 15:04:37','3','2016-02-28 15:04:37'),(107,104,17,'active','3','2016-02-28 15:07:37','3','2016-02-28 15:07:37'),(108,106,17,'active','3','2016-02-28 15:11:09','3','2016-02-28 15:11:09'),(109,105,1,'active','4','2016-02-28 15:14:10','4','2016-02-28 15:14:10'),(110,105,2,'active','4','2016-02-28 15:14:15','4','2016-02-28 15:14:15'),(111,109,1,'active','4','2016-02-28 15:19:46','4','2016-02-28 15:19:46'),(112,109,2,'active','4','2016-02-28 15:19:52','4','2016-02-28 15:19:52'),(113,110,1,'active','4','2016-02-28 15:25:16','4','2016-02-28 15:25:16'),(114,110,2,'active','4','2016-02-28 15:25:24','4','2016-02-28 15:25:24'),(115,111,1,'active','4','2016-02-28 15:32:26','4','2016-02-28 15:32:26'),(116,112,1,'active','4','2016-02-28 15:44:06','4','2016-02-28 15:44:06'),(117,113,1,'active','4','2016-02-29 12:31:45','4','2016-02-29 12:31:45'),(118,114,1,'active','4','2016-02-29 14:02:49','4','2016-02-29 14:02:49'),(119,116,5,'active','3','2016-02-29 14:08:22','3','2016-02-29 14:08:22'),(120,117,1,'active','4','2016-02-29 14:13:33','4','2016-02-29 14:13:33'),(121,120,1,'active','4','2016-02-29 14:18:49','4','2016-02-29 14:18:49'),(122,122,1,'active','4','2016-02-29 14:50:26','4','2016-02-29 14:50:26'),(123,122,2,'active','4','2016-02-29 14:50:29','4','2016-02-29 14:50:29'),(124,126,1,'active','4','2016-02-29 15:01:52','4','2016-02-29 15:01:52'),(125,126,5,'active','4','2016-02-29 15:03:05','4','2016-02-29 15:03:05'),(126,128,1,'active','4','2016-02-29 15:10:30','4','2016-02-29 15:10:30');

/*Table structure for table `tams_talent_photos` */

DROP TABLE IF EXISTS `tams_talent_photos`;

CREATE TABLE `tams_talent_photos` (
  `talent_photo_id` int(11) NOT NULL AUTO_INCREMENT,
  `talent_id` int(11) NOT NULL,
  `photo_path` varchar(50) DEFAULT NULL,
  `photo_caption` varchar(255) DEFAULT NULL,
  `created_by` varchar(50) DEFAULT NULL,
  `created_on` datetime DEFAULT NULL,
  `last_modified_by` varchar(50) DEFAULT NULL,
  `last_modified_on` datetime DEFAULT NULL,
  PRIMARY KEY (`talent_photo_id`)
) ENGINE=InnoDB AUTO_INCREMENT=14 DEFAULT CHARSET=latin1;

/*Data for the table `tams_talent_photos` */

insert  into `tams_talent_photos`(`talent_photo_id`,`talent_id`,`photo_path`,`photo_caption`,`created_by`,`created_on`,`last_modified_by`,`last_modified_on`) values (1,1,'/talent/uploads/talent_photos/1_1.jpg','Mast Shot','1','2016-02-15 00:09:21','1','2016-02-15 00:09:21'),(2,1,'/talent/uploads/talent_photos/1_2.jpg','Must Shot Long ','1','2016-02-15 00:09:42','1','2016-02-15 00:09:42'),(3,15,'/talent/uploads/talent_photos/15_3.jpg',' ','1','2016-02-22 12:25:33','1','2016-02-22 12:25:33'),(4,16,'/talent/uploads/talent_photos/16_4.jpg',' ','1','2016-02-22 12:40:23','1','2016-02-22 12:40:23'),(5,17,'/talent/uploads/talent_photos/17_5.jpg',' ','1','2016-02-22 12:48:37','1','2016-02-22 12:48:37'),(6,24,'/talent/uploads/talent_photos/24_6.jpg',' ','3','2016-02-22 14:21:39','3','2016-02-22 14:21:39'),(7,34,'/talent/uploads/talent_photos/34_7.jpg',' ','3','2016-02-23 08:57:50','3','2016-02-23 08:57:50'),(8,75,'/talent/uploads/talent_photos/75_8.jpg',' ','3','2016-02-28 13:28:08','3','2016-02-28 13:28:08'),(9,118,'/talent/uploads/talent_photos/118_9.jpg',' ','3','2016-02-29 14:12:53','3','2016-02-29 14:12:53'),(10,122,'/talent/uploads/talent_photos/122_10.jpg','','4','2016-02-29 14:47:20','4','2016-02-29 14:47:20'),(11,125,'/talent/uploads/talent_photos/125_11.jpg',' ','3','2016-02-29 14:53:24','3','2016-02-29 14:53:24'),(12,128,'/talent/uploads/talent_photos/128_12.jpg',' ','4','2016-02-29 15:09:12','4','2016-02-29 15:09:12'),(13,127,'/talent/uploads/talent_photos/127_13.jpg',' ','3','2016-02-29 15:09:25','3','2016-02-29 15:09:25');

/*Table structure for table `tams_talent_portfolio` */

DROP TABLE IF EXISTS `tams_talent_portfolio`;

CREATE TABLE `tams_talent_portfolio` (
  `talent_portfolio_item_id` int(11) NOT NULL AUTO_INCREMENT,
  `talent_id` int(11) NOT NULL,
  `portfolio_item_id` int(11) NOT NULL,
  `portfolio_item_description` varchar(255) DEFAULT NULL,
  `portfolio_item_url` varchar(255) DEFAULT NULL,
  `portfolio_item_status` varchar(50) DEFAULT 'active',
  `created_by` varchar(50) DEFAULT NULL,
  `created_on` datetime DEFAULT NULL,
  `last_modified_by` varchar(50) DEFAULT NULL,
  `last_modified_on` datetime DEFAULT NULL,
  PRIMARY KEY (`talent_portfolio_item_id`)
) ENGINE=InnoDB AUTO_INCREMENT=5 DEFAULT CHARSET=latin1;

/*Data for the table `tams_talent_portfolio` */

insert  into `tams_talent_portfolio`(`talent_portfolio_item_id`,`talent_id`,`portfolio_item_id`,`portfolio_item_description`,`portfolio_item_url`,`portfolio_item_status`,`created_by`,`created_on`,`last_modified_by`,`last_modified_on`) values (1,2,3,'IMDB URL for Actor','http://www.imdb.com/name/nm0000146/?ref_=tt_cl_t4','active','1','2016-02-14 22:24:24','1','2016-02-14 22:24:24'),(2,1,3,'IMDB URL for Actor','http://www.imdb.com/name/nm0000146/?ref_=tt_cl_t4','active','1','2016-02-15 00:12:12','1','2016-02-15 00:12:12'),(3,1,5,'His Youtube Channel','https://www.youtube.com/watch?v=r6eXF1Q7Quk','active','1','2016-02-15 00:13:12','1','2016-02-15 00:13:12'),(4,22,0,'Website','http://omarfayyad.com/','active','3','2016-02-22 14:14:40','3','2016-02-22 14:14:40');

/*Table structure for table `tams_user_comments` */

DROP TABLE IF EXISTS `tams_user_comments`;

CREATE TABLE `tams_user_comments` (
  `user_comment_id` int(11) NOT NULL AUTO_INCREMENT,
  `user_id` int(11) NOT NULL,
  `comment` varchar(255) DEFAULT NULL,
  `created_by` varchar(50) DEFAULT NULL,
  `created_on` datetime DEFAULT NULL,
  `last_modified_by` varchar(50) DEFAULT NULL,
  `last_modified_on` datetime DEFAULT NULL,
  PRIMARY KEY (`user_comment_id`)
) ENGINE=InnoDB DEFAULT CHARSET=latin1;

/*Data for the table `tams_user_comments` */

/*Table structure for table `tams_user_roles` */

DROP TABLE IF EXISTS `tams_user_roles`;

CREATE TABLE `tams_user_roles` (
  `role_id` int(11) NOT NULL AUTO_INCREMENT,
  `role_name` varchar(50) DEFAULT NULL,
  `role_description` varchar(150) DEFAULT NULL,
  `created_by` varchar(50) DEFAULT NULL,
  `created_on` datetime DEFAULT NULL,
  `last_modified_by` varchar(50) DEFAULT NULL,
  `last_modified_on` datetime DEFAULT NULL,
  PRIMARY KEY (`role_id`)
) ENGINE=InnoDB AUTO_INCREMENT=4 DEFAULT CHARSET=latin1;

/*Data for the table `tams_user_roles` */

insert  into `tams_user_roles`(`role_id`,`role_name`,`role_description`,`created_by`,`created_on`,`last_modified_by`,`last_modified_on`) values (1,'Administrator','User with full access to all system','1','2016-01-21 00:00:00','1','2016-01-24 15:53:06'),(2,'Manager','User with full access except System Settings','1','2016-01-21 00:00:00','1','2016-01-24 15:53:17'),(3,'Operator','User With Limited Access, only Talent and Client Modules','1','2016-01-21 00:00:00','1','2016-01-24 15:53:28');

/*Table structure for table `tams_users` */

DROP TABLE IF EXISTS `tams_users`;

CREATE TABLE `tams_users` (
  `user_id` int(11) NOT NULL AUTO_INCREMENT,
  `user_name` varchar(24) NOT NULL,
  `user_title` varchar(255) DEFAULT NULL,
  `first_name` varchar(24) NOT NULL,
  `last_name` varchar(24) NOT NULL,
  `user_email` varchar(50) NOT NULL,
  `role_id` int(11) NOT NULL,
  `user_avatar_url` varchar(255) DEFAULT NULL,
  `auth_code` varchar(30) DEFAULT NULL,
  `password` varchar(255) NOT NULL,
  `user_status` varchar(255) DEFAULT 'active',
  `created_by` varchar(255) DEFAULT NULL,
  `last_modified_on` datetime DEFAULT NULL,
  `created_on` timestamp NULL DEFAULT NULL,
  `last_modified_by` varchar(255) DEFAULT NULL,
  PRIMARY KEY (`user_id`)
) ENGINE=InnoDB AUTO_INCREMENT=5 DEFAULT CHARSET=latin1;

/*Data for the table `tams_users` */

insert  into `tams_users`(`user_id`,`user_name`,`user_title`,`first_name`,`last_name`,`user_email`,`role_id`,`user_avatar_url`,`auth_code`,`password`,`user_status`,`created_by`,`last_modified_on`,`created_on`,`last_modified_by`) values (1,'test','Mr.','Mansoor ','Rana','mansoor@sutlej.net',1,'http://www.gravatar.com/avatar/28c442cff3c7bad642a680754ddf1598fs=150','778899','a94a8fe5ccb19ba61c4c0873d391e987982fbbd3','active','1','2016-01-24 22:21:41','2015-03-23 19:14:45','1'),(2,'kafia','Miss','Kafia','Ahmed','kafia@sutlej.net',1,'http://www.gravatar.com/avatar/dd242ad63854fb13dfdbc08e8ed2b5cdfs=150','7445211','277b0bf37f9e5abf473cca5efa6e98dc7348c036','active','1','2016-01-27 11:56:57','2016-01-24 21:04:14','1'),(3,'Pheebs','Miss','Phoebe','Wallington','phoebe@thetalentfactory.me',1,'','7445211','95bccc312b5d73bb2b8251378b596769901a2831','active','1','2016-02-22 13:42:43','2016-02-22 13:42:43','1'),(4,'sanae.karmass@gmail.com','Miss','Sanae','Karmass','sanae.karmass@gmail.com',1,'','7445211','7a5e03f6e913e8db0db013609af24e4e3ed94e0c','active','1','2016-02-22 13:58:23','2016-02-22 13:58:23','1');

/*!40101 SET SQL_MODE=@OLD_SQL_MODE */;
/*!40014 SET FOREIGN_KEY_CHECKS=@OLD_FOREIGN_KEY_CHECKS */;
/*!40014 SET UNIQUE_CHECKS=@OLD_UNIQUE_CHECKS */;
/*!40111 SET SQL_NOTES=@OLD_SQL_NOTES */;
